Ticker,Date,Close,High,Low,Open,Volume,Daily_Return,MA_7,MA_14,MA_30,Volatility_30,Volume_Change,Price_Movement
RELIANCE,2024-05-27,1455.4774169921875,1473.990419113941,1450.8119965034373,1469.3497180106694,6629010,0.0,,,,,,0
RELIANCE,2024-05-28,1445.501220703125,1467.637430621861,1442.0766163922278,1457.2145743340495,7820162,-0.006854243269317606,,,,,0.17968776634821793,0
RELIANCE,2024-05-29,1430.1895751953125,1447.287997987601,1427.8815843874524,1435.87248908715,7383556,-0.010592620254145868,,,,,-0.055830812712064026,0
RELIANCE,2024-05-30,1414.3814697265625,1429.817270893488,1409.6663684202383,1424.9532474164846,13206858,-0.011053153891567913,,,,,0.7886852893104623,1
RELIANCE,2024-05-31,1419.8907470703125,1431.653659822201,1411.800601617005,1420.7841589242364,31069832,0.003895184900022164,,,,,1.3525528933528324,1
RELIANCE,2024-06-03,1499.228515625,1503.3728901534053,1448.2806515244756,1472.1043222829317,21527942,0.055875967019565875,,,,,-0.3071110909128829,0
RELIANCE,2024-06-04,1387.0091552734375,1487.0437791255476,1349.3131842665357,1487.0437791255476,36709098,-0.07485140469382034,1435.9540143694196,,,,0.705183802520464,1
RELIANCE,2024-06-05,1410.3116455078125,1420.6352601794422,1373.9308915121778,1411.5524616660985,17464890,0.016800530945147996,1429.5017613002233,,,,-0.5242353816484404,1
RELIANCE,2024-06-06,1421.0819091796875,1433.0929853880773,1410.9072166555904,1424.4569533735907,17855722,0.007636796949228142,1426.0132882254463,,,,0.022378154113767756,1
RELIANCE,2024-06-07,1459.1500244140625,1461.1850112482905,1416.0193060772324,1418.004611799037,18558696,0.026788121774310447,1430.1504952566963,,,,0.039369676566425094,1
RELIANCE,2024-06-10,1460.5894775390625,1482.3781598703026,1457.2888339961758,1459.150058153404,9251760,0.0009865011142895508,1436.7516392299108,,,,-0.5014865268551196,0
RELIANCE,2024-06-11,1445.9727783203125,1462.847878399236,1443.9874724286744,1458.20717740815,11774902,-0.010007397316991185,1440.4776436941963,,,,0.272720217558605,1
RELIANCE,2024-06-12,1452.57373046875,1465.155654220818,1444.4837064170613,1446.7915758989443,10081742,0.0045650597628161815,1433.8126743861608,,,,-0.1437939780730234,1
RELIANCE,2024-06-13,1454.4847412109375,1461.433311890669,1449.3725542618724,1461.1851486521073,9181160,0.001315603264813836,1443.4520438058037,1439.7030290876116,,,-0.0893280149402752,1
RELIANCE,2024-06-14,1466.6944580078125,1468.8038455887872,1446.518713499826,1459.199879544848,8157998,0.008394530689067148,1451.5067313058037,1440.5042463030134,,,-0.11144147362642631,1
RELIANCE,2024-06-18,1470.1439208984375,1476.4720837189377,1460.5399547367645,1476.4224025999808,7196766,0.0023518619517457484,1458.515590122768,1442.264439174107,,,-0.11782694724857745,0
RELIANCE,2024-06-19,1447.9332275390625,1476.571240472528,1445.3026730272272,1476.571240472528,8725874,-0.015107836072132064,1456.9131905691963,1443.5318429129463,,,0.21247154624730058,1
RELIANCE,2024-06-20,1462.87255859375,1471.9553570393568,1439.4459739347103,1448.2806091505108,16113776,0.0103176933649618,1457.2393450055804,1446.9954921177455,,,0.8466661333867531,0
RELIANCE,2024-06-21,1443.515869140625,1463.8652545834836,1429.9909727182371,1462.7982011333013,31170360,-0.013231972490982069,1456.8883579799108,1448.6830008370537,,,0.9343920382162443,0
RELIANCE,2024-06-24,1430.88427734375,1438.8503408924523,1426.9385064042085,1434.9045699529108,8878386,-0.008750573559260566,1453.7898646763392,1443.80126953125,,,-0.715165753619785,1
RELIANCE,2024-06-25,1443.46630859375,1445.2282918111714,1430.412898092634,1432.3982039886682,7045386,0.008793185758779076,1452.2158028738838,1447.8339233398438,,,-0.20645644377255057,1
RELIANCE,2024-06-26,1502.9013671875,1507.8149506909176,1434.5075565031482,1435.425808927042,22014882,0.0411752309284259,1457.388218470982,1454.447474888393,,,2.124723329566329,1
RELIANCE,2024-06-27,1519.3050537109375,1526.2039433921725,1494.935374795845,1502.6284353235128,28383030,0.010914679353931867,1464.4112374441963,1461.463413783482,,,0.2892655976988656,1
RELIANCE,2024-06-28,1553.89892578125,1569.3842873036351,1519.7764812043604,1519.7764812043604,28957336,0.022769536628484355,1479.5491943359375,1468.231192452567,,,0.020234132860374565,0
RELIANCE,2024-07-01,1548.6875,1567.7960689891884,1544.2454023527885,1551.0450507194453,7724306,-0.0033537739776928754,1491.8084716796875,1474.5239083426338,,,-0.7332521886681841,1
RELIANCE,2024-07-02,1553.675537109375,1561.939323957406,1545.5605512562322,1557.968712393485,7749246,0.0032208157613302646,1507.5455671037946,1482.2169625418526,,,0.0032287690311596506,0
RELIANCE,2024-07-03,1541.019287109375,1563.4283787351976,1531.440162014497,1554.8170660210362,9049620,-0.008146005840799275,1523.2791399274554,1488.5345023018974,,,0.16780651949880032,1
RELIANCE,2024-07-04,1542.6075439453125,1555.983518377374,1539.4062623766438,1545.5606622734106,6837176,0.001030653444264562,1537.442173549107,1494.8289882114955,,,-0.2444792157018748,1
RELIANCE,2024-07-05,1576.9532470703125,1586.755694667964,1536.6267221432645,1542.4088769403463,12269710,0.022264705796238182,1548.0210135323662,1502.7046160016741,,,0.7945581626098261,1
RELIANCE,2024-07-08,1589.1380615234375,1596.9800437158897,1570.8980643748455,1577.325467706802,9500806,0.007726807675346281,1557.9971575055804,1511.2041974748884,1474.9846516927084,0.021671801422892198,-0.22566988135823907,0
RELIANCE,2024-07-09,1578.5911865234375,1588.7410386525216,1568.887979750272,1585.8623208770043,6960002,-0.006636852552564965,1561.524623325893,1520.536908830915,1479.0884440104167,0.02173896846420432,-0.26743036327654723,0
RELIANCE,2024-07-10,1572.5855712890625,1585.7630632323037,1551.6654591589945,1583.281430895477,7134578,-0.003804414522040611,1564.9386335100446,1528.3735525948662,1483.324589029948,0.02169867465570438,0.025082751413002535,0
RELIANCE,2024-07-11,1569.036865234375,1592.463449956501,1558.9614138424097,1575.8365135146928,11940946,-0.002256606012083995,1567.1331089564733,1537.3393380301338,1487.95283203125,0.02157103962359002,0.6736723601592134,1
RELIANCE,2024-07-12,1584.9937744140625,1593.3569240772113,1562.9320865975435,1572.8586162043875,12924784,0.010169875248472238,1573.4151785714287,1548.347159249442,1493.6399088541666,0.021430938710535245,0.08239196458974019,1
RELIANCE,2024-07-15,1585.4901123046875,1594.0517441522056,1573.8512804915936,1592.6620057625546,5329688,0.00031314816413607893,1579.541259765625,1558.4917166573662,1499.1598876953126,0.021441681310046045,-0.5876381377050479,0
RELIANCE,2024-07-16,1564.669189453125,1588.24469666931,1557.5965372882697,1581.792452589091,9386838,-0.01313216821093699,1577.7863943917412,1562.9037039620537,1501.3412434895833,0.019265565230189897,0.7612359297579896,1
RELIANCE,2024-07-18,1575.0177001953125,1582.1895936713806,1546.379565062024,1564.4210812674708,12298374,0.006613864970271832,1575.7691999162946,1566.8831787109375,1507.6081949869792,0.012759591179338416,0.31017217938564623,0
RELIANCE,2024-07-19,1543.7242431640625,1578.293333314245,1541.3915329908289,1574.3475621142547,13140390,-0.019868638319029297,1570.7882080078125,1566.1564156668526,1512.055281575521,0.013269371987668458,0.06846563618897905,0
RELIANCE,2024-07-22,1489.6495361328125,1526.203933085127,1488.2597977476694,1525.9557698439748,19674376,-0.03502873474372403,1558.9402029854912,1561.939418247768,1514.340869140625,0.01494691702701869,0.4972444501266706,0
RELIANCE,2024-07-23,1476.96826171875,1494.6870915999891,1452.2511804820083,1489.9719903646578,18052044,-0.008512924756103102,1545.7875453404017,1556.4603271484375,1514.9348103841146,0.014276587833443726,-0.08245913364672908,1
RELIANCE,2024-07-24,1484.7109375,1498.4095963901725,1465.552808673545,1474.0895996286229,11913362,0.005242276345356123,1531.46142578125,1552.4383021763392,1515.738859049479,0.014302679115893613,-0.340054677464779,0
RELIANCE,2024-07-25,1481.435302734375,1489.4509269223795,1466.2228234080762,1470.119034748078,12519876,-0.0022062441131743826,1516.5964529854912,1548.068856375558,1516.9209431966146,0.014172659502961444,0.0509103979212584,1
RELIANCE,2024-07-26,1497.9381103515625,1501.3131545447015,1479.4002684339398,1481.4352554076795,9859940,0.011139742374659978,1507.063441685268,1542.4249180385045,1518.4330891927084,0.014281625812259936,-0.21245705628394407,1
RELIANCE,2024-07-29,1508.931640625,1516.2772962786505,1500.6678537480493,1500.8414953005092,7538550,0.007339108470147293,1497.6225760323662,1536.6958879743304,1520.2479858398438,0.01432668440808475,-0.23543652395450687,0
RELIANCE,2024-07-30,1502.0328369140625,1513.7957501477324,1498.9059558839842,1505.879367098864,8228208,-0.004571978958622713,1491.6666608537946,1531.2274344308037,1521.4259318033853,0.014301611489066673,0.0914841713592136,0
RELIANCE,2024-07-31,1494.364501953125,1499.3524857083617,1490.1208866802615,1492.9499231376883,10057346,-0.00510530447303148,1492.3402273995537,1525.6402151925224,1522.2332845052083,0.014340125346627371,0.22230089467840375,1
RELIANCE,2024-08-01,1504.1671142578125,1506.8472288436842,1493.2479314401046,1500.8913109431162,10764222,0.006559719728269409,1496.2257777622767,1521.0066615513392,1524.1077473958333,0.014062381374739995,0.07028454624112568,0
RELIANCE,2024-08-02,1488.309326171875,1498.2358556077295,1482.303848567256,1493.9426800961044,10268248,-0.0105425706596185,1496.7398332868304,1514.10062953404,1524.9556396484375,0.014120112209381861,-0.04607615859279013,0
RELIANCE,2024-08-05,1436.69140625,1472.997761203301,1422.7198642160924,1469.126390399314,17046704,-0.03468225254936952,1490.3478480747767,1503.4721505301338,1524.7281575520833,0.015338889527955002,0.6601375424512537,1
RELIANCE,2024-08-06,1445.352294921875,1466.6446510309138,1440.6619130584993,1444.4588830824964,10236186,0.0060283569834118644,1482.8355887276787,1494.9495152064733,1525.2104248046876,0.015286864512257822,-0.3995211039037224,1
RELIANCE,2024-08-07,1454.062744140625,1461.6814036613468,1450.7622216985117,1458.207118491354,8174568,0.0060265232562009,1474.9971749441963,1486.3098754882812,1525.5636393229167,0.015243069270214711,-0.20140489826972663,0
RELIANCE,2024-08-08,1438.4781494140625,1454.2365143735713,1435.3017085687702,1446.8164580997684,12387192,-0.010717965775110527,1465.917933872768,1478.7922973632812,1523.4161987304688,0.013267624651401825,0.5153329203451484,1
RELIANCE,2024-08-09,1463.46826171875,1465.6520496932055,1445.3026646483625,1449.2732763644294,6249776,0.017372604731512142,1461.504185267857,1476.9222063337054,1521.5549723307292,0.013523789615784838,-0.4954646702820139,0
RELIANCE,2024-08-12,1449.8936767578125,1462.1777566892652,1447.0397996020206,1459.199797918004,8184584,-0.009275626479931298,1453.7508370535713,1474.9883074079241,1518.0881306966146,0.012815688399521252,0.30958037536065297,1
RELIANCE,2024-08-13,1452.8717041015625,1459.2742672925806,1447.28803114191,1450.0178268110735,6265064,0.0020539625708344555,1448.6883196149554,1472.714076450893,1514.8942708333334,0.012837298324845602,-0.23452871886952353,0
RELIANCE,2024-08-14,1451.109619140625,1461.1850703208015,1443.0194737625147,1452.7972017764512,6267466,-0.001212829017154804,1450.7480643136162,1470.5479561941963,1511.4754069010417,0.01280003824876236,0.0003833959238086493,1
RELIANCE,2024-08-16,1467.339599609375,1469.5235088888628,1447.337738823352,1457.8598362701878,9416902,0.011184530964905015,1453.8891078404017,1468.36234828404,1509.0194173177083,0.012975429244229637,0.5025054782905882,1
RELIANCE,2024-08-19,1482.4791259765625,1492.3397678065596,1474.6105280885963,1476.6025720306277,13797742,0.01031767040923448,1457.9485909598213,1466.4728829520088,1507.01513671875,0.013148739762445695,0.46521032076154123,1
RELIANCE,2024-08-20,1489.9990234375,1497.942395948273,1484.0976661921163,1491.268975771349,8411808,0.005072514903698089,1465.3087158203125,1465.61332484654,1504.1166625976562,0.012444792699750217,-0.39034894260234754,1
RELIANCE,2024-08-21,1492.7132568359375,1501.8766102174725,1484.072717714687,1487.30978907883,7769996,0.0018216343472330365,1469.486572265625,1465.4953787667412,1500.9025024414063,0.012334912085069578,-0.07629893597190995,0
RELIANCE,2024-08-22,1492.1654052734375,1500.5070892244864,1484.720165407205,1497.0210123494212,10445782,-0.0003670172821144124,1475.525390625,1464.6381138392858,1498.0216430664063,0.012306898427503906,0.34437417985800756,1
RELIANCE,2024-08-23,1494.008056640625,1505.3128818837536,1492.4642955105633,1497.768063961028,9249654,0.001234884122548019,1481.4020124162946,1465.045166015625,1495.402392578125,0.012312999956590836,-0.11450822925464077,1
RELIANCE,2024-08-26,1506.5828857421875,1516.941539085057,1497.021098650585,1500.9802618699923,8816114,0.008416841559635069,1489.3267647879463,1470.0374145507812,1493.3205932617188,0.012447825458308755,-0.04687094241579204,0
RELIANCE,2024-08-27,1494.481201171875,1507.4544123852302,1493.485179145279,1504.4912711730517,6251156,-0.008032538192779826,1493.204136439732,1473.546622140067,1490.3035074869792,0.012313513731733153,-0.2909397496447982,0
RELIANCE,2024-08-28,1492.33984375,1501.4782728482842,1487.0608784010917,1499.0131426615155,9610286,-0.001432843330646083,1494.6128104073662,1476.2807006835938,1487.1984985351562,0.012306895357705494,0.5373614096336741,1
RELIANCE,2024-08-29,1514.874755859375,1530.885760314005,1488.0568158159556,1497.1205913811584,38335358,0.01510038896552457,1498.1664864676338,1481.7376011439733,1485.5386840820313,0.012499647728959022,2.9889924191642163,0
RELIANCE,2024-08-30,1503.6197509765625,1533.599989641746,1497.3447635789732,1527.89778785993,41620730,-0.007429660332829102,1499.7245570591517,1484.6055646623884,1483.1587524414062,0.012467557111535734,0.08570083002746443,1
RELIANCE,2024-09-02,1510.2183837890625,1520.7264647058682,1500.6316718721823,1504.8647654458696,11240852,0.004388498360848425,1502.3035539899554,1488.9144723074776,1482.0418904622395,0.012011373494705489,-0.7299217961818546,0
RELIANCE,2024-09-03,1503.1217041015625,1516.941509382377,1501.5031683479538,1515.1984708784903,10923800,-0.004699108263862328,1503.605503627232,1492.5037580217634,1482.4909627278646,0.01015126998062041,-0.028205335325115932,1
RELIANCE,2024-09-04,1508.525146484375,1511.463362707152,1493.534966971581,1494.7301447200666,11983304,0.003594813625582116,1503.8829694475446,1496.6048671177455,1483.5428588867187,0.010026658599040627,0.09699042457752793,0
RELIANCE,2024-09-05,1487.035888671875,1519.7054581926027,1481.1345314015284,1513.0072347057646,16264168,-0.01424521020586289,1502.8193533761162,1498.0117449079241,1483.6203572591146,0.010351833279645744,0.35723570060477483,0
RELIANCE,2024-09-06,1458.997802734375,1491.0448575756725,1455.8105811316243,1486.5627588054049,19394228,-0.018855016312041895,1498.0562046595983,1496.334507533482,1482.872440592448,0.010911134167168867,0.19245128309053383,0
RELIANCE,2024-09-09,1456.63232421875,1464.07768593117,1449.809597840599,1460.666261949736,9010298,-0.00162130368612734,1489.7358572823662,1493.951171875,1481.4955810546876,0.010690212854823883,-0.5354134230039989,0
RELIANCE,2024-09-10,1455.7110595703125,1466.1942153054945,1451.7766997689328,1454.6901127162012,10768260,-0.0006324620380312451,1482.8917585100446,1491.3081577845983,1479.721561686198,0.010577452305534982,0.1951058666428125,0
RELIANCE,2024-09-11,1445.7259521484375,1462.9073318760024,1441.7917138302157,1457.2300550346945,9760202,-0.006859264657110176,1473.6785539899554,1487.9910539899554,1477.8446655273438,0.010611220156145507,-0.09361382433187904,1
RELIANCE,2024-09-12,1473.913330078125,1480.088617533546,1440.1232367942907,1451.2039809867947,22349376,0.01949704083806436,1469.5059291294642,1486.5557163783483,1477.162959798177,0.011232901955676326,1.2898476896277353,0
RELIANCE,2024-09-13,1466.766845703125,1477.2500011980833,1463.6542770635715,1470.526852936648,8711328,-0.004848646273265755,1463.5404575892858,1483.711713518415,1475.9162841796874,0.011182233160132948,-0.6102205269623635,0
RELIANCE,2024-09-16,1465.4969482421875,1475.0090069946318,1458.9232273463058,1471.6723576050656,5481774,-0.0008657800417685158,1460.4634660993304,1481.6414097377233,1475.1558715820313,0.011029380746599775,-0.3707303869168972,1
RELIANCE,2024-09-17,1466.4432373046875,1471.5975781970765,1460.790763828237,1468.1364260685732,5935328,0.000645712066227766,1461.527099609375,1479.7916521344866,1476.147599283854,0.008936394355714219,0.0827385441282329,0
RELIANCE,2024-09-18,1457.6282958984375,1476.10455198121,1454.7399294679983,1464.1522884024148,8574714,-0.006011103043068844,1461.6693812779017,1475.7026192801338,1476.5567993164063,0.008960182758841721,0.444690841011651,1
RELIANCE,2024-09-19,1463.82861328125,1470.6264144806405,1449.7598031867433,1460.4171894563085,16955902,0.00425370267595615,1462.8290318080358,1472.86039515904,1476.8823282877604,0.008927039000268991,0.9774306175109748,1
RELIANCE,2024-09-20,1480.0140380859375,1489.0528890965668,1465.5218693608433,1468.136427109257,30897320,0.011056912440321032,1467.727329799107,1470.7029418945312,1478.2668579101562,0.008888681642342251,0.8222162406930638,1
RELIANCE,2024-09-23,1487.434326171875,1495.5270047691104,1483.026880271187,1485.0687739665293,8832314,0.005013660610634352,1469.658900669643,1469.5824148995537,1479.0657267252604,0.008374626380091791,-0.7141398024165202,0
RELIANCE,2024-09-24,1483.4501953125,1494.530939532627,1481.9561623839436,1482.5786761041754,17137444,-0.002678525558589717,1472.042236328125,1467.7913469587054,1480.18427734375,0.00819164879552315,0.9403119046718673,1
RELIANCE,2024-09-25,1488.0069580078125,1490.546862638843,1474.3116560624171,1477.9970102640052,7069002,0.003071732849347697,1475.2579520089287,1467.8607090541295,1481.3554524739584,0.008199145054805977,-0.5875112998181059,1
RELIANCE,2024-09-26,1491.9910888671875,1498.017070530802,1482.1305684499498,1484.7202013028073,18818998,0.0026774947777858937,1478.9076450892858,1470.2173723493304,1482.7181681315103,0.008196497139099099,1.6621859775962715,1
RELIANCE,2024-09-27,1520.1038818359375,1527.3747692811155,1486.06478230705,1493.0369361114394,20597478,0.018842467075386393,1487.832728794643,1474.7510550362724,1484.4769775390625,0.008633528735423428,0.09450450018646062,0
RELIANCE,2024-09-30,1470.701171875,1518.9086621673466,1468.5348969230115,1513.3558880158446,27008814,-0.03249956174131363,1488.8145228794642,1475.82177734375,1484.0843790690103,0.010429128693135913,0.31126801057877085,0
RELIANCE,2024-10-01,1458.997802734375,1482.0308103038055,1457.0057588364782,1474.7599230273088,16431642,-0.007957679890677194,1485.8122035435267,1476.769766671317,1483.051005045573,0.010472655896473459,-0.39161926917635115,0
RELIANCE,2024-10-03,1401.3780517578125,1443.634334423912,1396.4975195620746,1430.8602791168494,37757294,-0.03949269208533057,1473.5184500558037,1471.5886753627233,1480.0064982096353,0.012630818370567466,1.2978405931677433,0
RELIANCE,2024-10-04,1381.0093994140625,1411.711728297617,1376.2782950115372,1398.34020617394,37072876,-0.014534730523430572,1458.8840506417412,1465.463143484933,1476.3012980143228,0.012830000027201383,-0.018126775716501342,0
RELIANCE,2024-10-07,1365.272216796875,1390.9447078848398,1355.9594355150189,1387.9566419173104,22181340,-0.011395420352580121,1441.3505161830358,1458.304234095982,1472.0101033528647,0.012910303711447415,-0.4016827828518079,1
RELIANCE,2024-10-08,1391.791259765625,1395.4267642320656,1359.669551595401,1367.513224520688,17020808,0.0194239966524532,1427.0362548828125,1452.9719499860491,1468.1837158203125,0.013390995752868557,-0.2326519497920324,0
RELIANCE,2024-10-09,1369.1318359375,1395.4019165531051,1367.040214025334,1391.9656892391697,14310610,-0.01628076313106086,1405.4688197544642,1446.6507742745537,1464.0054036458334,0.013590613255999135,-0.15922851606104715,0
RELIANCE,2024-10-10,1365.595947265625,1380.4864268287754,1363.9774115920343,1374.5352199766685,22358646,-0.0025825772062730845,1390.4537876674108,1439.6341552734375,1459.780607096354,0.013588170701580115,0.5623824560937654,1
RELIANCE,2024-10-11,1366.6417236328125,1377.7723178051706,1363.3797273571677,1364.5501018082973,7980122,0.0007658021900851519,1377.2600620814733,1431.5361328125,1454.8395060221353,0.01318059834203205,-0.6430856322873935,1
RELIANCE,2024-10-14,1367.0650634765625,1374.5849563155427,1362.8070452852592,1373.962442591221,12221432,0.0003097665148292794,1372.3582066127233,1422.9383283342634,1450.2876831054687,0.013173570213331147,0.5314843557529572,0
RELIANCE,2024-10-15,1338.678466796875,1366.243302159234,1335.3666207605413,1353.1207855156183,33762794,-0.02076462740368623,1366.3109305245537,1412.5974905831474,1444.569685872396,0.013478495754024822,1.7625890321199678,1
RELIANCE,2024-10-16,1348.6884765625,1358.574043806933,1332.3039628645522,1334.6695151768993,20034438,0.007477531023245998,1363.9418247767858,1402.6461704799108,1439.4219116210938,0.013636712459939384,-0.4066119646377607,1
RELIANCE,2024-10-17,1351.0291748046875,1363.0062419523483,1346.6715786036464,1360.2671814831224,15543660,0.0017355366215876522,1358.1186697823662,1392.5774623325892,1434.1720458984375,0.013607472319598638,-0.22415293106799405,1
RELIANCE,2024-10-18,1353.8927001953125,1362.9814005892638,1335.98910817891,1346.796043723323,12082452,0.002119514103785969,1355.941650390625,1380.7052350725446,1429.7339396158854,0.013492650047546326,-0.22267651248161635,1
RELIANCE,2024-10-21,1363.7532958984375,1368.5342502099145,1352.3239675798943,1361.686598848784,14067408,0.007283144152932186,1355.6784144810267,1373.0661010742188,1426.5591227213542,0.013277941894414651,0.16428420323954107,0
RELIANCE,2024-10-22,1338.006103515625,1370.5262455038624,1334.8935348258,1363.7532474009167,15831960,-0.018879655477459623,1351.587611607143,1364.423836844308,1422.6049153645833,0.013623101571396685,0.1254354746801969,0
RELIANCE,2024-10-23,1333.2003173828125,1352.0748848775756,1329.689315659354,1332.1793705575924,17214742,-0.0035917520257832125,1346.749790736607,1359.553998674665,1418.5212239583334,0.013618050530989328,0.08734117569776578,1
RELIANCE,2024-10-24,1334.4703369140625,1338.3547254831988,1317.8616212723591,1329.9633130042932,22155934,0.0009526096826493191,1346.1486293247767,1356.229779924665,1414.8127034505208,0.013613146006905075,0.2870325910199525,0
RELIANCE,2024-10-25,1322.5677490234375,1339.002111534351,1316.7410448137834,1338.1555171764887,18597496,-0.008919334931152934,1342.4170968191963,1353.1794607979912,1409.7678507486978,0.01299915220094635,-0.16060880123582244,1
RELIANCE,2024-10-28,1329.0418701171875,1347.6177038778262,1316.8406011796387,1331.6813526124563,10824350,0.004895114899429842,1339.2760532924108,1348.6973615373884,1405.1770182291666,0.013086308368485147,-0.41796734356066,1
RELIANCE,2024-10-29,1334.66943359375,1337.856655249044,1315.0478495098762,1322.8167478889227,12008361,0.004234301118042572,1336.5298723493304,1346.2357613699776,1400.8161010742188,0.013150615284920383,0.10938402767833644,1
RELIANCE,2024-10-30,1338.553955078125,1344.62966480214,1320.0776988278842,1329.6893351932274,11984423,0.0029104745988790537,1332.929966517857,1344.304190499442,1396.553125,0.013178899724543806,-0.001993444400946953,0
RELIANCE,2024-10-31,1326.7510986328125,1337.6574904459744,1320.8745447599274,1334.6694245700712,9331650,-0.008817617250717169,1331.3221086774554,1341.4548601422991,1392.1905517578125,0.013211283672469347,-0.22135174968373528,1
RELIANCE,2024-11-01,1333.3248291015625,1336.6116286385318,1327.6972806767253,1327.7471304089104,2127335,0.004954757886030059,1331.3398960658483,1339.0448434012276,1387.8404256184897,0.013225252940039374,-0.7720301340063118,0
RELIANCE,2024-11-04,1296.9700927734375,1334.6695017714562,1279.9878687625326,1332.5280301195803,19796890,-0.02726622615482377,1325.9827183314733,1336.065673828125,1381.7389607747396,0.013662051119311675,8.305957923881287,1
RELIANCE,2024-11-05,1300.1075439453125,1304.340637375998,1281.0336986406933,1287.8564249120311,16267479,0.002419062081197243,1322.7741176060267,1332.5956072126116,1375.494734700521,0.013609170174175764,-0.17828108354393035,1
RELIANCE,2024-11-06,1320.0777587890625,1323.0160966964434,1295.0277806900112,1304.7888451117578,21625209,0.015360433017062691,1321.4935302734375,1330.3847917829241,1370.0489868164063,0.01407767206034605,0.32935220017803624,0
RELIANCE,2024-11-07,1300.4561767578125,1318.7331565363688,1297.4182609581876,1318.7331565363688,9611974,-0.014863959263467397,1316.605922154018,1326.5678972516741,1363.797294108073,0.014157064240882247,-0.5555199489632678,0
RELIANCE,2024-11-08,1278.6431884765625,1296.4720058402277,1269.9279963447846,1292.4879180085577,19814406,-0.01677333590404584,1308.0472412109375,1320.4886038643974,1356.6856974283853,0.01426753882606187,1.061429421261439,0
RELIANCE,2024-11-11,1267.6370849609375,1280.884225507143,1261.9598084895413,1273.8622221377802,9056552,-0.008607642550177097,1299.6023821149554,1315.4622453962054,1348.270137532552,0.013545632111578259,-0.5429309362087362,1
RELIANCE,2024-11-12,1269.1810302734375,1284.1712099692156,1262.4578817905294,1270.4759075040322,10671091,0.0012179710824313794,1290.4389822823662,1310.889439174107,1341.5527994791667,0.012634637488977446,0.1782730337108427,0
RELIANCE,2024-11-13,1247.0693359375,1270.3761523895544,1244.5294313213271,1265.196886863478,14633633,-0.017422017670066903,1283.310302734375,1304.6465105329241,1334.4885172526042,0.012832239827061317,0.3713342899990264,1
RELIANCE,2024-11-14,1262.5574951171875,1267.537605244334,1246.1231316976048,1248.613186761178,12612633,0.012419645590951989,1277.946010044643,1300.360063825335,1329.8611653645833,0.011467337160005904,-0.13810651121290252,0
RELIANCE,2024-11-18,1255.7347412109375,1267.8364328732807,1238.951794764919,1262.55746761959,13620611,-0.005403915411881233,1268.754150390625,1295.1238403320312,1325.6853434244792,0.011281481830011217,0.07991812653234254,0
RELIANCE,2024-11-19,1236.710693359375,1276.4021442257297,1230.236550606767,1255.734688515481,14183746,-0.01514973443612555,1259.6476527622767,1288.1267874581474,1321.3999593098958,0.011396873568008779,0.041344327358001864,0
RELIANCE,2024-11-21,1218.1348876953125,1239.0014996478671,1212.407761281373,1236.7107220331202,19433843,-0.015020332373453904,1251.0036097935267,1279.525425502232,1315.6114135742187,0.010752969350167533,0.37014883092238104,1
RELIANCE,2024-11-22,1260.3662109375,1263.8024380613526,1217.586994857739,1224.509420421979,20471957,0.03466883977199631,1249.9649135044642,1274.78364780971,1311.9858927408854,0.012661968745489931,0.05341784432446017,1
RELIANCE,2024-11-25,1281.8802490234375,1299.260783408558,1277.3483005192684,1284.868314871977,28923341,0.017069672210535236,1251.779087611607,1271.1090349469866,1309.1953694661458,0.013165424349766993,0.4128273618394176,1
RELIANCE,2024-11-26,1290.545654296875,1292.687125909721,1279.0914013187908,1289.7986377983043,9247557,0.0067599179252813,1257.989990234375,1270.650146484375,1306.6588338216145,0.013254389675531638,-0.6802735548427825,0
RELIANCE,2024-11-27,1288.0555419921875,1298.6632001168684,1280.8842325588682,1288.3543972122054,9572746,-0.0019295034595612215,1261.632568359375,1269.7892892020088,1304.0251831054688,0.013248268270236155,0.03516485489086474,0
RELIANCE,2024-11-28,1265.7447509765625,1291.442044503892,1264.0017125526565,1284.818474176107,15027412,-0.017321295773564005,1263.0625697544642,1265.9083600725446,1301.5940592447917,0.013093184488340546,0.5698120476611412,1
RELIANCE,2024-11-29,1287.0595703125,1294.3305794929802,1270.177046170391,1274.9081506356404,13202307,0.016839745390603067,1270.2552664620537,1264.951459612165,1299.5397623697916,0.01342878926860635,-0.12145171770095875,1
RELIANCE,2024-12-02,1303.9422607421875,1306.133460567327,1271.9699779978705,1282.876370557777,11024152,0.013117256434050262,1282.513462611607,1266.758536202567,1297.9701985677084,0.013680911612601718,-0.1649829079114733,1
RELIANCE,2024-12-03,1318.035888671875,1321.5219654799555,1301.8006823317874,1311.760901783446,16869482,0.010808475462453115,1290.751988002232,1270.3584507533483,1296.774971516927,0.013842257238203565,0.5302294453124377,0
RELIANCE,2024-12-04,1303.742919921875,1323.1156203515295,1298.8625094957515,1320.7251432865569,19608540,-0.010844142312697147,1293.8752267020088,1272.827157156808,1294.7746256510416,0.013872774654791713,0.16236764116408553,1
RELIANCE,2024-12-05,1316.7908935546875,1324.6593698468237,1300.9541199209712,1309.1214514378748,16858723,0.010008087816572253,1297.624546595982,1277.8072684151787,1294.067451985677,0.013618322693695352,-0.14023568302382539,0
RELIANCE,2024-12-06,1306.3326416015625,1318.6334884089777,1304.7887589399247,1318.6334884089777,9037514,-0.007942226821521237,1300.235560825893,1280.9340645926338,1293.1718627929688,0.013676047855638088,-0.463926538208143,0
RELIANCE,2024-12-09,1289.9979248046875,1309.7689372979064,1287.9560310594236,1297.816673231309,14650002,-0.01250425525373744,1303.7002999441963,1283.3814348493304,1291.6894490559896,0.013843431494682819,0.6210212233142876,0
RELIANCE,2024-12-10,1279.73876953125,1289.7488386952923,1275.107243177966,1284.121290398709,16043729,-0.00795284633887361,1302.6544712611608,1286.454868861607,1290.26181640625,0.013825567683642187,0.09513493581775623,0
RELIANCE,2024-12-11,1273.115234375,1284.8683422637005,1270.9738844056644,1279.8882324099652,11724373,-0.005175693128900094,1298.2506103515625,1290.382036481585,1288.3975952148437,0.013799619963904781,-0.2692239441341847,0
RELIANCE,2024-12-12,1257.876220703125,1273.1152845047754,1255.5853214463157,1264.9479526569407,20906813,-0.0119698620049552,1289.6563720703125,1290.2041800362724,1285.837821451823,0.01389072857021228,0.7831924146391454,1
RELIANCE,2024-12-13,1267.78662109375,1270.1272485556606,1234.6688884780408,1254.9877622795104,28630222,0.007878676953671393,1284.5197579520088,1289.1974923270088,1283.4789103190103,0.013979149039054022,0.36942067640821197,0
RELIANCE,2024-12-16,1263.2547607421875,1275.904191603511,1261.511722229068,1269.9280595585296,9486781,-0.003574623896608675,1276.8717389787946,1287.2481427873884,1281.3623657226562,0.013919935572605936,-0.668644518369435,0
RELIANCE,2024-12-17,1240.34619140625,1258.8721754853295,1237.8561365143116,1256.033537225462,17462791,-0.018134560064890004,1267.445103236607,1283.84033203125,1278.263077799479,0.014184257913466603,0.8407498813348806,1
RELIANCE,2024-12-18,1248.2645263671875,1254.9378248920182,1235.714673937889,1235.714673937889,12670179,0.006383971681293232,1261.483189174107,1282.5917445591517,1276.639558919271,0.01345439724218198,-0.2744470800801544,0
RELIANCE,2024-12-19,1225.55517578125,1239.947766097918,1224.1109925687356,1234.0712121990753,14244653,-0.018192738883663018,1253.74267578125,1278.1985735212054,1274.1544799804688,0.013786043089395334,0.12426612126000736,0
RELIANCE,2024-12-20,1200.50537109375,1234.5692750261348,1196.7204388413884,1219.1309339507775,20312896,-0.02043955684943488,1243.369838169643,1270.8102242606026,1270.1687337239584,0.01379212152292217,0.4260014617414689,1
RELIANCE,2024-12-23,1217.437744140625,1222.3181546925216,1208.3738466363206,1210.166734877433,10052824,0.014104370921263154,1237.5929129464287,1263.6246425083705,1267.4014526367187,0.013950959272730983,-0.5051013897772134,1
RELIANCE,2024-12-24,1217.8858642578125,1228.6429501715868,1216.1428258096823,1217.4377030050357,6734917,0.0003680846263756088,1230.4642333984375,1257.4919956752233,1265.3762084960938,0.01367773469026144,-0.3300472583624263,0
RELIANCE,2024-12-26,1211.7105712890625,1222.8161189414398,1209.419672133533,1219.3798917928575,10016178,-0.0050705022120551835,1223.1007777622767,1249.9862583705358,1263.5119913736978,0.013629793601345482,0.48720140129418077,1
RELIANCE,2024-12-27,1216.1927490234375,1223.0154756156849,1212.1588111658666,1213.4536884394554,7000397,0.0036990497900886155,1219.6502859933037,1243.5476946149554,1261.7457153320313,0.013653817140485325,-0.30109099498830794,0
RELIANCE,2024-12-30,1205.8837890625,1218.3340640862093,1203.294156174512,1211.5611874241415,8818766,-0.008476419522493672,1213.5958949497767,1237.539542061942,1260.3728637695312,0.013385322509712812,0.2597522683356386,1
RELIANCE,2024-12-31,1210.6148681640625,1214.2503727116298,1201.3519366916562,1203.1945530395503,6405475,0.003923329216690696,1211.4615652901787,1232.6021205357142,1258.6414428710937,0.013179178820100682,-0.27365404638245305,1
RELIANCE,2025-01-01,1216.391845703125,1221.4218053468785,1206.7802092584152,1210.0172807004092,5892590,0.004771936716607028,1213.7310616629463,1228.5504499162946,1257.3300130208333,0.013201263350504656,-0.08006978405192433,1
RELIANCE,2025-01-02,1236.860107421875,1239.4994683243335,1215.1467802555553,1216.3918076943417,15486276,0.016827029703506913,1216.5056849888392,1227.0492989676338,1257.3349934895834,0.013307934612459167,1.6280932493182116,1
RELIANCE,2025-01-03,1246.1729736328125,1257.0296379589822,1230.5852047154665,1238.9518139936486,15521102,0.007529441814037696,1220.5467006138392,1225.5054670061384,1258.2695963541667,0.013059593158100067,0.0022488298671674567,0
RELIANCE,2025-01-06,1213.15478515625,1256.9797527645217,1210.1667191829588,1248.961727102304,14816766,-0.026495670484899647,1220.7530168805804,1221.9268973214287,1256.6958821614583,0.01235160524144122,-0.0453792520659938,1
RELIANCE,2025-01-07,1235.913818359375,1239.5493228115215,1216.3918123612464,1217.1388288273845,10070505,0.018760205607393887,1223.5703125,1221.6102992466517,1255.1636678059897,0.01244135025440474,-0.32033042838093007,1
RELIANCE,2025-01-08,1260.4658203125,1265.9937909556584,1240.395953024955,1244.0314575822304,19346579,0.01986546439436765,1231.3677455357142,1222.4818202427455,1254.161006673177,0.0129481233645,0.92111309214384,0
RELIANCE,2025-01-09,1249.758544921875,1264.698874209644,1243.0852464738894,1261.9598138402198,12794704,-0.008494697133453744,1236.9596993582588,1224.2106323242188,1252.8844401041667,0.01302479230524505,-0.3386580645601478,0
RELIANCE,2025-01-10,1236.959716796875,1251.750618829338,1231.0831628192257,1248.8621307808614,8120332,-0.01024104070102605,1239.8979666573662,1226.8145141601562,1251.9249389648437,0.012779251222463485,-0.3653364704646548,0
RELIANCE,2025-01-13,1234.9178466796875,1240.2963897717905,1221.5213994754447,1225.1070543419412,13764861,-0.0016507167448225335,1239.6205008370537,1228.0630929129463,1250.1868815104167,0.012343219646802937,0.6951106186298788,0
RELIANCE,2025-01-14,1233.822265625,1248.3641626627486,1222.3680125031533,1239.1509590647415,13095266,-0.0008871691810375948,1237.8561139787946,1229.201407296317,1247.8495483398438,0.012040114208389189,-0.04864524240382817,1
RELIANCE,2025-01-15,1247.2186279296875,1251.999581888204,1236.90982514039,1239.9974688456068,9578856,0.010857611082177643,1242.722377232143,1231.7376970563616,1245.4889729817708,0.012041887599061666,-0.2685252823424893,1
RELIANCE,2025-01-16,1261.4119873046875,1269.9280238633037,1246.3223515830243,1253.8920943102864,14117603,0.01138000913164694,1246.3649727957588,1234.9676426478795,1244.0779418945312,0.01214748210436072,0.47382975587063836,1
RELIANCE,2025-01-17,1297.169189453125,1320.72513338128,1279.888232575373,1316.9900509904955,29366277,0.028346965549963965,1251.6083112444196,1241.488028390067,1243.4238850911458,0.013142675552963869,1.0801177792009025,1
RELIANCE,2025-01-20,1300.2568359375,1310.764916385877,1295.07757031211,1310.764916385877,14040244,0.002380295885440198,1258.8223528180804,1247.8910260881696,1243.2213582356771,0.013073808054568656,-0.5218922711925655,0
RELIANCE,2025-01-21,1268.6331787109375,1307.776892128252,1265.1471016946018,1305.2868371165837,14562976,-0.02432108515219722,1263.347133091518,1251.622549874442,1242.5092000325521,0.013627549425029124,0.037230976897552504,1
RELIANCE,2025-01-22,1272.0196533203125,1277.7966294698952,1263.6530443254642,1273.2149526536994,10273590,0.0026693883355755066,1268.6473911830358,1254.1339460100446,1242.2518961588542,0.013564182567074071,-0.294540484032934,0
RELIANCE,2025-01-23,1258.6231689453125,1272.2686211078578,1256.581275301743,1264.947884048613,8720682,-0.010531664616998282,1272.1903773716517,1255.0232456752233,1241.7688273111978,0.013667971639776087,-0.1511553410248998,0
RELIANCE,2025-01-24,1241.34228515625,1267.9360243063209,1238.5533748820974,1260.9638702056577,14235970,-0.013729990211083898,1271.3508998325892,1257.0366385323662,1241.2176961263021,0.013723497166872165,0.6324376923731423,0
RELIANCE,2025-01-27,1224.4595947265625,1235.515414368934,1215.1468135462453,1234.1708090151494,9536019,-0.013600350710330056,1266.071986607143,1256.2184797014509,1239.7734619140624,0.013839208379355917,-0.3301461719854706,1
RELIANCE,2025-01-28,1229.4896240234375,1239.7984277662488,1213.652849353825,1233.0752790316255,10568025,0.004107958579064652,1256.4034772600446,1254.005894252232,1238.6479573567708,0.013862244628367033,0.1082218900780294,1
RELIANCE,2025-01-29,1230.585205078125,1237.8063647194172,1223.1648896668228,1231.0832160878692,5928156,0.0008910860517084007,1246.4503871372767,1252.6363699776787,1238.3225911458333,0.013472026032577258,-0.4390478826460006,1
RELIANCE,2025-01-30,1248.0654296875,1251.9996679975989,1227.497550840604,1230.635044492625,9269259,0.014204806410186954,1243.5121372767858,1253.4296351841517,1238.3159545898438,0.01367743798190899,0.5635990348432127,1
RELIANCE,2025-01-31,1260.0673828125,1261.9598488917904,1244.0314532484974,1250.8541794958078,6584612,0.00961644545190632,1241.8046700613838,1255.22603062221,1239.4663614908854,0.01333401311800066,-0.2896290846981404,0
RELIANCE,2025-02-01,1259.5693359375,1265.495739501575,1236.06324219181,1260.0673469134033,7118453,-0.0003952541600500403,1241.9398367745537,1257.0651070731026,1241.4351603190105,0.012709613121342922,0.08107402531842434,0
RELIANCE,2025-02-03,1240.94384765625,1251.003645649064,1232.6270881824537,1246.0235355947286,9252345,-0.014787187771117871,1241.8829171316963,1256.616908482143,1242.2186971028646,0.012829774222147637,0.29976906499207057,1
RELIANCE,2025-02-04,1280.08740234375,1283.6731787459128,1241.6409781641655,1243.085282988569,16691069,0.031543373023227295,1249.8297467912946,1257.9508666992188,1244.292081705729,0.014008890904203418,0.8039825579353126,0
RELIANCE,2025-02-05,1273.115234375,1285.366353249074,1271.6212014188793,1277.5476050956522,10112028,-0.0054466343126137184,1256.061976841518,1256.2327270507812,1246.3389038085938,0.01401537839674357,-0.39416534674921067,1
RELIANCE,2025-02-06,1276.4520263671875,1282.8763195509282,1265.2965071593935,1268.6331564996678,9956001,0.002620966195432839,1262.6143798828125,1254.5323835100446,1248.3475463867187,0.014011574001515432,-0.015429842559771423,0
RELIANCE,2025-02-07,1261.6610107421875,1278.5933846345008,1256.979756005846,1271.073491533156,8764283,-0.011587600097353934,1264.556605747768,1254.0343715122767,1250.206787109375,0.014100782054192455,-0.11969846125969652,0
RELIANCE,2025-02-10,1248.6629638671875,1261.461821832557,1240.5952102474196,1259.469777897567,6970972,-0.010302329044276082,1262.9274030412946,1252.3660365513392,1251.4750569661458,0.014258418199933884,-0.20461582539039413,0
RELIANCE,2025-02-11,1229.937744140625,1259.519670533727,1225.2066396338644,1259.519670533727,8859714,-0.014996216167547205,1258.6943184988838,1250.3170776367188,1251.9265869140625,0.01453834341315341,0.2709438511587767,0
RELIANCE,2025-02-12,1211.7105712890625,1222.0193743195214,1188.6027887286011,1214.5989377224969,21131654,-0.014819589803139244,1254.5181361607142,1248.2005266462054,1251.0882690429687,0.01445855613200609,1.3851395203050574,0
RELIANCE,2025-02-13,1211.2623291015625,1223.1150152108587,1207.1786632211406,1212.2086229517822,8511216,-0.0003699251274362769,1244.6859828404017,1247.2578648158483,1249.924580891927,0.014377409242802414,-0.5972290668775857,1
RELIANCE,2025-02-14,1212.40771484375,1219.1308629852126,1200.6546072366425,1214.1507532507958,10298145,0.0009456132785348181,1236.0134800502233,1246.0377284458705,1249.899678548177,0.013537750563937336,0.209949906100374,1
RELIANCE,2025-02-17,1220.02734375,1222.6169765728448,1199.7084711054922,1206.2821918357026,8166683,0.006284708364159508,1227.9528111049108,1245.2835954938616,1249.3701293945312,0.013129200977704345,-0.2069753339072231,1
RELIANCE,2025-02-18,1220.525390625,1225.0074896525716,1211.2623373341316,1219.9775298877432,6673250,0.0004082259939102162,1222.0762939453125,1243.31644984654,1248.0387817382812,0.012564675616985804,-0.18286898120081307,1
RELIANCE,2025-02-19,1222.567138671875,1227.8461038341088,1212.706618273488,1214.6488125132394,6217338,0.0016728435660231522,1218.3483189174108,1240.6378609793526,1247.1324015299479,0.012492375189478714,-0.06831933465702622,1
RELIANCE,2025-02-20,1228.0950927734375,1234.4198079853766,1217.1388510698623,1219.0810452834291,7795582,0.004521595523635513,1218.0850830078125,1238.3897007533483,1246.8369140625,0.01239222397697452,0.253845616886198,0
RELIANCE,2025-02-21,1223.264404296875,1235.0672403005465,1217.2882724889691,1223.8121434284387,6904025,-0.003933480806973422,1219.735630580357,1237.1268833705358,1246.448465983073,0.01240865382900135,-0.11436695810524478,0
RELIANCE,2025-02-24,1209.718505859375,1218.3838481751116,1205.68456833515,1211.7105497558396,7172498,-0.011073565444983391,1219.5150844029017,1232.1005336216517,1245.6450073242188,0.01256529996892104,0.0388864466742227,0
RELIANCE,2025-02-25,1199.21044921875,1216.142822671174,1196.7203942992758,1206.1826029932777,11552182,-0.008686365125215811,1217.6297607421875,1226.8216203962054,1244.0447347005208,0.012457959800574313,0.6106218502953922,1
RELIANCE,2025-02-27,1202.298095703125,1210.166693583284,1195.8738026303336,1207.975493883109,11509215,0.0025747328055609753,1215.0970110212054,1221.524911063058,1242.0742716471354,0.012252586349940748,-0.003719383922448638,0
RELIANCE,2025-02-28,1195.325927734375,1212.5073065135475,1188.5530513693543,1197.218393771922,23007298,-0.0057990343606695305,1211.4970877511162,1216.7866908482142,1238.6794962565104,0.01089229753493648,0.9990327750415646,0
RELIANCE,2025-03-03,1166.5906982421875,1201.6506219268736,1151.4013636439431,1199.2104168056296,17944938,-0.02403966050217987,1203.500453404018,1210.9243861607142,1234.2239583333333,0.011520292308580423,-0.22003279133429754,0
RELIANCE,2025-03-04,1157.2779541015625,1169.3297956512124,1154.9373267832575,1157.576687742468,11377373,-0.007982871931567215,1193.3837193080358,1205.7344011579241,1230.512117513021,0.010872231185935074,-0.36598426809833506,1
RELIANCE,2025-03-05,1170.9234619140625,1178.294049175979,1152.3974766666165,1156.38156474498,8664095,0.011791037549914618,1185.9064418247767,1202.821036202567,1227.142244466146,0.011160009286117543,-0.2384801834307445,1
RELIANCE,2025-03-06,1204.7882080078125,1209.1208794668382,1180.4355183146993,1192.2383549047067,14468014,0.02892140024113332,1185.202113560268,1202.358598981585,1225.347745768229,0.012454405345313791,0.6698817360612968,1
RELIANCE,2025-03-07,1244.828369140625,1249.8084792402678,1207.178688153437,1211.1627762331514,16474965,0.033234190762060356,1191.718959263393,1204.67436000279,1225.4639485677083,0.01373454577026952,0.13871641263272205,0
RELIANCE,2025-03-10,1233.4736328125,1252.9956391209716,1230.4855669004469,1240.0473535020744,11931051,-0.00912152760140239,1196.172607421875,1205.63480922154,1225.7644165039062,0.013603258811454078,-0.2758072020183351,1
RELIANCE,2025-03-11,1242.3382568359375,1244.5294565449085,1224.858022557904,1235.0672477916655,10089838,0.007186715457569104,1202.8886544363838,1207.19287109375,1226.1927042643229,0.013644269246255595,-0.15432110716817826,1
RELIANCE,2025-03-12,1252.0494384765625,1257.9757204337957,1239.0513034201438,1252.995610693361,11977555,0.007816857918678366,1215.0970458984375,1209.2987496512276,1226.9081787109376,0.013710666769308582,0.18709091265885536,0
RELIANCE,2025-03-13,1242.9359130859375,1259.1212710412997,1238.901975238559,1255.0376050433522,9505270,-0.007278886208929469,1227.3338971819196,1210.3588082449776,1226.7371948242187,0.013539161565007568,-0.20640982237192818,0
RELIANCE,2025-03-17,1233.9217529296875,1252.398008503818,1228.1946267891797,1237.208673957254,16640917,-0.007252312899922453,1236.3336530412946,1211.1200474330358,1225.865673828125,0.013474019507865023,0.7507042935129671,0
RELIANCE,2025-03-18,1233.9217529296875,1233.9217529296875,1233.9217529296875,1233.9217529296875,0,0.0,1240.4955880301338,1212.8488507952009,1225.0107543945312,0.013474431659977002,-1.0,1
RELIANCE,2025-03-19,1242.1888427734375,1248.264552564328,1233.8720835165427,1236.113132982547,16162399,0.006699849341436304,1240.1185128348213,1215.918736049107,1225.0522542317708,0.013263647657932866,inf,1
RELIANCE,2025-03-20,1264.101318359375,1267.9359786597456,1245.0773228865291,1246.8700894970418,15971477,0.017640212849612702,1244.493896484375,1220.333251953125,1224.519384765625,0.012338374991515109,-0.011812726563674159,1
RELIANCE,2025-03-21,1271.2725830078125,1275.9041093610767,1265.0474458622175,1269.927977701306,21780769,0.005673014136038379,1248.6273716517858,1225.758013044085,1224.4579630533854,0.012346873537715929,0.36372916543660927,1
RELIANCE,2025-03-24,1296.920166015625,1300.8046759652354,1279.141198398433,1285.86434660882,20299319,0.02017473148609139,1255.0374755859375,1235.0672607421875,1225.140234375,0.012878632960260716,-0.06801642311159906,0
RELIANCE,2025-03-25,1280.33642578125,1302.497915186312,1277.4977874103538,1302.497915186312,13713899,-0.012787017018420888,1260.380405970982,1243.8571515764509,1225.7627482096354,0.012919601885294287,-0.3244158092200039,0
RELIANCE,2025-03-26,1267.98583984375,1288.65329608475,1263.7028966635362,1285.8643858858131,12074747,-0.009646359885421396,1265.2467041015625,1250.7901785714287,1226.406844075521,0.012901108308111581,-0.11952487035233383,1
RELIANCE,2025-03-27,1273.115234375,1279.8882324099652,1266.242780044616,1273.0655062272906,15028056,0.004045309001149411,1270.8457728794642,1255.6706804547991,1227.84609375,0.012571954992590373,0.24458558013679288,0
RELIANCE,2025-03-28,1270.027587890625,1290.5954658598978,1263.9518781988888,1274.9081198538831,18147129,-0.0024252686646160093,1274.8227364676338,1257.4706246512276,1229.7899943033854,0.012225328143070696,0.20754999848283773,0
RELIANCE,2025-04-01,1247.6170654296875,1272.8164693011493,1244.330265958221,1259.5693287834792,12099648,-0.017645697364857216,1272.4678431919642,1258.4808698381696,1231.0018188476563,0.012720123453760808,-0.3332472591118959,0
RELIANCE,2025-04-02,1246.1729736328125,1250.5554948342144,1238.9518139936486,1242.5873186806543,10142590,-0.001157479996779065,1268.8821847098213,1258.7547781808037,1232.1273274739583,0.012726591849118729,-0.1617450358886473,0
RELIANCE,2025-04-03,1243.732666015625,1246.8204315907722,1228.145018441354,1228.145018441354,7434366,-0.0019582414871938125,1261.283970424107,1258.1607230050224,1232.9175048828124,0.012697372887166521,-0.2670150326494515,0
RELIANCE,2025-04-04,1199.9075927734375,1240.4954871764826,1188.4036122186155,1236.162816017271,17908652,-0.035236730882516665,1249.7941371372767,1255.0872715541295,1232.230244954427,0.014294739781413305,1.4089010414606977,0
RELIANCE,2025-04-07,1161.062744140625,1166.590714623955,1110.415052053189,1127.6960086529814,22156106,-0.03237320012537581,1234.5194091796875,1249.883056640625,1230.1800984700521,0.01542556782398309,0.23717329478511284,1
RELIANCE,2025-04-08,1177.4971923828125,1191.8399338970503,1158.6724733291408,1167.3378163352843,19555040,0.014154659879601628,1220.8596888950892,1245.8527308872767,1228.4935017903647,0.01565601584376635,-0.11739725383151711,1
RELIANCE,2025-04-09,1180.6346435546875,1185.0670143686195,1163.3536863154889,1164.8477193030517,10223104,0.0026645084100167526,1208.0892682756696,1241.4560023716517,1227.072509765625,0.015663837757422232,-0.47721385381978254,1
RELIANCE,2025-04-11,1214.1009521484375,1217.786306450343,1190.3957018139645,1190.3957018139645,11224242,0.02834603302253491,1203.3012520926338,1237.8845476422991,1227.2185913085937,0.016429781284500018,0.0979289656057496,1
RELIANCE,2025-04-15,1235.1668701171875,1246.0235343416643,1232.1788040875913,1246.0235343416643,13378535,0.017351043116696552,1201.7289515904017,1235.3055681501116,1228.417138671875,0.01662790127740174,0.19193215898231708,0
RELIANCE,2025-04-16,1234.3701171875,1235.9637280756608,1224.111041920754,1229.1907298200806,8248464,-0.0006450569141414064,1200.3914446149554,1230.8377075195312,1229.4862060546875,0.0166285723130638,-0.38345536338620034,1
RELIANCE,2025-04-17,1269.4300537109375,1275.1073305428426,1222.7165970526498,1235.266450081142,15398401,0.028403098904663304,1210.3232247488838,1230.0586809430804,1231.9563435872396,0.0173042596410102,0.8668204165042122,1
RELIANCE,2025-04-21,1290.346435546875,1295.7249783909904,1261.9598099867933,1264.947875835223,10429964,0.016476986482864886,1228.7923235212054,1231.6558663504463,1236.0815348307292,0.016762218923193548,-0.322659281311092,0
RELIANCE,2025-04-22,1286.0635986328125,1298.713151385602,1281.1831879455033,1294.8286411452225,13051707,-0.003319137245686554,1244.3018101283483,1232.5807495117188,1240.3743896484375,0.016673420239653194,0.2513664476694262,1
RELIANCE,2025-04-23,1294.82861328125,1300.804745342548,1280.286716249035,1291.840547250601,10480888,0.006815381959146771,1260.615234375,1234.352251325335,1244.5045613606771,0.016614368982728663,-0.19697185969620679,1
RELIANCE,2025-04-24,1296.4222412109375,1299.3107293954529,1285.167265298474,1287.2588872304611,10468940,0.0012307636032609093,1272.3754185267858,1237.83833530971,1247.5590291341146,0.015907030321387593,-0.0011399797421745017,0
RELIANCE,2025-04-25,1295.22705078125,1319.928323767296,1282.9759313802824,1298.3146947064158,14431012,-0.00092191447484824,1280.9554443359375,1241.3421979631696,1249.2389851888022,0.01482182833974457,0.3784597103431675,1
RELIANCE,2025-04-28,1363.35498046875,1369.1318351951852,1314.9482133535364,1334.669497851195,31104496,0.05259921775599641,1299.3818533761162,1249.8866489955358,1253.5683634440104,0.017371043256417598,1.155392567063211,1
RELIANCE,2025-04-29,1394.1319580078125,1405.2874774645995,1364.5501529607263,1365.5461749701867,32538970,0.022574441711784132,1317.1964111328125,1263.7598179408483,1258.628153483073,0.017707946146363614,0.04611789884009054,1
RELIANCE,2025-04-30,1399.410888671875,1406.781475676485,1363.5540972183608,1396.4228227174156,25480745,0.0037865358682445116,1332.7770472935267,1280.7846854073662,1263.5402018229167,0.017693277615617044,-0.21691605481058562,1
RELIANCE,2025-05-02,1414.152099609375,1421.024554216323,1403.4945911426703,1408.3751233126775,13007841,0.0105338689707426,1351.075404575893,1297.6886073521205,1269.2474080403647,0.017605030186824633,-0.4895031130369226,1
RELIANCE,2025-05-05,1425.6063232421875,1433.773654928142,1421.2238021682567,1425.3074680112338,12685649,0.008099711223408246,1369.7579345703125,1315.1865844726562,1275.636893717448,0.0174754876103472,-0.024769060445926416,0
RELIANCE,2025-05-06,1415.2476806640625,1426.3035005201457,1404.9886054552055,1425.3074785225756,14084117,-0.007266131195719505,1386.7329973493304,1329.554207938058,1281.6810913085938,0.017596703520275755,0.11024016193416664,0
RELIANCE,2025-05-07,1400.4068603515625,1418.733688530858,1397.1199392858432,1415.2476117092149,13440169,-0.010486376706539735,1401.7586844308037,1341.3570643833705,1286.9550252278646,0.01780882461784057,-0.0457215741675534,1
RELIANCE,2025-05-08,1401.4029541015625,1415.1481063364454,1392.438756100913,1398.51446598441,16106175,0.0007112888248419491,1407.1941092354912,1353.2879813058037,1291.5317464192708,0.017634200194638044,0.19836104739456784,0
RELIANCE,2025-05-09,1371.721435546875,1389.251519832932,1369.032224808638,1379.988466695066,13668904,-0.021179860130747574,1403.9926060267858,1360.5945085797991,1294.8800415039063,0.018197466163808435,-0.15132525258169616,1
RELIANCE,2025-05-12,1430.7855224609375,1433.275577320772,1394.430721507353,1394.430721507353,10674081,0.04305836840007893,1408.4746965680804,1370.6258719308037,1299.3422200520833,0.01939550709928351,-0.21909752237633684,0
RELIANCE,2025-05-13,1410.0682373046875,1441.9409399606418,1406.7814377941193,1427.7974767909468,11407896,-0.014479658083635383,1407.8912876674108,1379.4833461216517,1303.6666137695313,0.01944679368333652,0.0687473703825181,1
RELIANCE,2025-05-14,1418.7337646484375,1424.2118856620737,1409.8691445094285,1414.3512435205853,5570160,0.006145466662176524,1406.9094935825892,1388.3337140764509,1308.691544596354,0.019294502692927838,-0.511727666521504,1
RELIANCE,2025-05-15,1448.4151611328125,1455.5865925696291,1407.0802476372012,1419.3313670179805,20177211,0.020921047503038803,1411.647705078125,1399.1903512137276,1314.5348754882812,0.01954238929350793,2.622375479339911,1
RELIANCE,2025-05-16,1450.6064453125,1455.1881221330052,1441.542669553187,1447.419102005185,9036695,0.0015128840393894283,1418.8190743582588,1410.2888793945312,1320.5541707356772,0.01950751342315923,-0.5521335926952442,0
RELIANCE,2025-05-19,1435.0684814453125,1448.81351147394,1432.4787270944578,1446.3234565863577,6195791,-0.010711357251580567,1423.6284354073662,1415.4112723214287,1326.8025512695312,0.01927422987039495,-0.31437422641795476,0
RELIANCE,2025-05-20,1418.932861328125,1439.2517336495314,1416.1440727881434,1432.4787356808251,11270560,-0.011243797996968508,1430.3729248046875,1417.1827654157366,1332.5612141927083,0.019469704617460663,0.8190671699545709,1
RELIANCE,2025-05-21,1423.5145263671875,1430.486680037078,1412.458707007589,1418.235682967954,6136364,0.0032289512519809715,1429.3342110770088,1418.9044538225446,1338.5539428710938,0.019433198875280867,-0.45554045229340867,0
RELIANCE,2025-05-22,1403.79345703125,1418.1361984129633,1391.3431818014155,1415.5464438973825,12134466,-0.0138537886130784,1428.4378138950892,1418.16455078125,1345.3501383463542,0.018275895027785007,0.9774684161500198,1
RELIANCE,2025-05-23,1421.124267578125,1428.0964217220903,1401.004549811851,1401.004549811851,6474883,0.012345698336225563,1428.7793143136162,1417.8444039481026,1354.0188557942708,0.016857016502394892,-0.46640560861928326,1
RELIANCE,2025-05-26,1429.0924072265625,1435.2676949623965,1419.430920923106,1426.3034970063509,4842944,0.005606926734152973,1426.0189208984375,1418.8333129882812,1362.405362955729,0.016802230771679985,-0.25204146545968475,0
RELIANCE,2025-05-27,1416.44287109375,1431.2836233071982,1408.275539274527,1420.426959119657,12640414,-0.008851447302390625,1421.1384102957588,1419.9787423270088,1370.2656372070312,0.017025545342259637,1.6100681734085711,0
RELIANCE,2025-05-28,1407.279541015625,1416.9409060075968,1405.0882196135674,1414.4508509493858,5944611,-0.0064692549661740095,1417.1685616629463,1420.3984985351562,1376.704923502604,0.0166481832085676,-0.5297139001934589,1
RELIANCE,2025-05-29,1412.1600341796875,1414.3512339364067,1402.996558868143,1406.4826358531975,13771917,0.003468033906426582,1416.2010149274554,1423.2869698660713,1382.6046956380208,0.01648708908458647,1.3167061730363856,1
RELIANCE,2025-05-30,1415.2476806640625,1424.9090454066045,1404.0921613404494,1412.3591925541664,13788484,0.0021864706617111818,1415.0200369698662,1422.1771240234375,1388.6339477539063,0.016464098015884984,0.0012029552603316507,0
RELIANCE,2025-06-02,1408.0762939453125,1411.8612262898896,1390.0483195350275,1406.4826830156508,8098668,-0.005067230857700444,1415.631870814732,1422.0348423549108,1393.255489095052,0.015927611972738946,-0.4126498605648018,0
RELIANCE,2025-06-03,1399.908935546875,1420.825397764224,1397.8173136420835,1416.6421539546416,11252626,-0.005800366381819577,1412.601109095982,1420.6902117047991,1396.9075724283855,0.015824652922423108,0.3894415723672091,1
RELIANCE,2025-06-04,1417.8372802734375,1420.0284799827916,1400.506473605418,1409.0722382665938,8126827,0.012806793550152351,1410.9932338169642,1418.5060773577009,1401.300028483073,0.015882033372609496,-0.27778395905098063,1
RELIANCE,2025-06-05,1436.662109375,1448.913106617055,1417.9368477633757,1422.3193687346825,13716817,0.013277143550585846,1413.8816964285713,1417.510053362165,1406.027811686198,0.015973828938404534,0.687844099548323,1
RELIANCE,2025-06-06,1437.7576904296875,1445.7258660607492,1431.28354772945,1435.2676355449807,8182161,0.0007625878399228903,1418.2357177734375,1417.702139718192,1410.738993326823,0.015976443891376684,-0.4034941925666866,1
RELIANCE,2025-06-09,1443.0367431640625,1451.70208605586,1439.5506661134996,1451.204075048637,7885125,0.003671726306536005,1422.6466761997767,1419.4238455636162,1415.6659830729166,0.01595384096285213,-0.03630287890937367,0
RELIANCE,2025-06-10,1432.777587890625,1448.1163503747662,1430.2875329933524,1444.2318404180787,7913181,-0.007109420686643664,1425.1509486607142,1420.08549281529,1417.980069986979,0.01311965257296146,0.0035580919769819808,1
RELIANCE,2025-06-11,1443.13623046875,1462.7578142878924,1437.3592545136698,1440.048586734708,8195700,0.007229763129792621,1430.1595110212054,1422.8956909179688,1419.613545735677,0.012566824006897445,0.03570233007434043,0
RELIANCE,2025-06-12,1435.865234375,1451.2039968882907,1428.6939248911117,1447.7179200254843,8828114,-0.0050383296741072225,1435.2961251395088,1423.9486171177455,1420.8286905924479,0.012608082454672489,0.0771641226496822,0
RELIANCE,2025-06-13,1422.2198486328125,1429.7895915718395,1408.673973649598,1418.335338487147,9757276,-0.009503249619472132,1435.9222063337054,1423.457720075335,1421.0976155598958,0.012612706555381258,0.10525033999334399,1
RELIANCE,2025-06-16,1432.0804443359375,1436.6621211041454,1418.7337255535565,1421.223780491138,8458093,0.006933242924857197,1435.2676827566963,1424.5746895926338,1421.3134195963542,0.012589500001865678,-0.1331501742904475,0
RELIANCE,2025-06-17,1425.506591796875,1442.2398094911548,1420.12817043809,1442.2398094911548,10366599,-0.004590421274910161,1433.5175258091517,1425.8766217912946,1421.6553833007813,0.012543981075096586,0.22564258870173215,0
RELIANCE,2025-06-18,1424.4110107421875,1437.0605628519918,1420.028489708749,1424.3114328610282,6681735,-0.000768555586478592,1430.8567068917412,1426.7516915457588,1422.4555216471354,0.012379805910419792,-0.3554554391464356,1
RELIANCE,2025-06-19,1427.598388671875,1434.1721095891817,1420.0285241646616,1424.4110453044384,10007230,0.002237681333301822,1430.1168212890625,1427.6338849748884,1423.328702799479,0.012383245233913381,0.4976993251004418,1
RELIANCE,2025-06-20,1460.367431640625,1465.148385952672,1422.4190171371763,1425.3075053013415,29010635,0.022953964664555127,1432.5784214564733,1431.3689662388392,1426.2835693359375,0.012316779039874675,1.8989675464639064,0
RELIANCE,2025-06-23,1451.0048828125,1457.9770367383994,1436.2637087352834,1447.2199506188397,5989078,-0.006411091226272259,1434.7412283761162,1435.0186767578125,1426.9575480143228,0.00968254492071225,-0.7935557770452112,0
RELIANCE,2025-06-24,1445.0286865234375,1469.1323689599471,1437.359244595668,1459.1721495093714,16402744,-0.0041186603572820335,1437.9996337890625,1436.9609200613838,1428.1228963216147,0.009306824455113756,1.7387761521890348,1
RELIANCE,2025-06-25,1461.463134765625,1466.5428226679085,1454.690136506102,1458.1762135192969,7525851,0.0113730948011328,1442.1971609933037,1438.732421875,1429.547208658854,0.009456957780605436,-0.5411834141897234,1
RELIANCE,2025-06-26,1489.3516845703125,1492.8377614283193,1459.2717484446844,1463.2558362824063,14657893,0.019082622846425812,1451.3178885323662,1442.4177071707588,1430.911759440104,0.00932872447811972,0.9476724957748963,1
RELIANCE,2025-06-27,1509.3717041015625,1515.9454247275912,1490.9452978220222,1493.4353527246628,11117052,0.013442103526425164,1463.4551304408483,1447.1559186662946,1432.8706013997396,0.009602820548940206,-0.2415654828425886,0
RELIANCE,2025-06-30,1494.630615234375,1518.734421010171,1490.0489382705405,1507.7781788170053,8409527,-0.00976637419870141,1473.0311628069196,1451.5739920479912,1434.856005859375,0.009563296365092578,-0.24354703027385316,1
RELIANCE,2025-07-01,1522.320068359375,1525.3081343971446,1494.132596769193,1494.630607775488,10368523,0.018525950721715922,1481.8815394810267,1457.22998046875,1438.30224609375,0.009748747706548225,0.232949605845846,0
RELIANCE,2025-07-02,1512.75830078125,1523.9136988316195,1502.6983810571346,1522.3200879079554,6361002,-0.006281049417176665,1490.7034563337054,1462.7223423549108,1441.2770385742188,0.0098744298418196,-0.38650837732625953,0
RELIANCE,2025-07-03,1511.76220703125,1525.806092605863,1506.9812529023668,1514.7502729656237,11283291,-0.0006584619297647087,1500.23681640625,1469.1182250976562,1444.875996907552,0.009424009298162339,0.7738228977132848,1
RELIANCE,2025-07-04,1521.2244873046875,1523.913698138102,1511.1645675851505,1517.9375659885409,6603501,0.0062591062466228475,1508.7741524832588,1475.4856567382812,1448.2126708984374,0.009269332960986375,-0.4147539933163117,1
RELIANCE,2025-07-07,1535.367919921875,1538.65484117058,1518.933556847784,1520.5271677380254,7251074,0.009297400045306103,1515.347900390625,1483.3328944614955,1451.7551879882812,0.009338786426216831,0.09806510213294439,0
RELIANCE,2025-07-08,1531.4833984375,1538.7544076502809,1524.1128113419518,1529.8897875590692,7171261,-0.0025300264737670997,1518.5067138671875,1490.980922154018,1455.5898722330728,0.009144624556728296,-0.011007059092211668,0
RELIANCE,2025-07-09,1512.9573974609375,1544.8301010282516,1504.0927774643353,1530.586937987722,8870660,-0.012096769051145873,1521.1248256138392,1497.0779942103795,1459.1124674479167,0.009392425462518466,0.23697352529771254,0
RELIANCE,2025-07-10,1511.16455078125,1518.6347158851345,1501.5031858807802,1513.654605815878,10047129,-0.0011849948205391314,1519.5311802455358,1500.7063598632812,1462.412618001302,0.009413581834586677,0.13262474269107383,0
RELIANCE,2025-07-11,1489.2520751953125,1508.9733598189127,1484.371664566644,1505.9852937598653,7234991,-0.014500390162414223,1516.1731480189733,1503.4383021763392,1464.8794311523438,0.009901125361900704,-0.2798946843421638,0
RELIANCE,2025-07-14,1477.7977294921875,1494.0329360309418,1473.2160528053016,1486.263916129696,10311846,-0.007691341105986238,1511.321079799107,1505.7789481026787,1467.2034790039063,0.009974723815233783,0.42527419868248617,1
RELIANCE,2025-07-15,1479.4910888671875,1490.5469086437597,1476.503022895967,1480.2878335086834,8132454,0.001145866813303309,1505.359165736607,1507.066659109933,1469.8562174479166,0.009875702619189903,-0.21134838514849819,1
RELIANCE,2025-07-16,1479.690185546875,1485.068728397248,1465.6463003598592,1467.1403332858122,10409983,0.000134571057024635,1497.4052036830358,1506.3765520368304,1471.9179809570312,0.009661423540526416,0.28005433538265323,0
RELIANCE,2025-07-17,1470.52685546875,1483.674296790977,1468.0368005528198,1481.4830970988437,11854613,-0.006192735592645882,1488.6971261160713,1503.6019199916295,1473.046805826823,0.009493362630430852,0.1387735215321677,0
RELIANCE,2025-07-18,1470.12841796875,1478.8934598804974,1463.2558421043927,1478.8934598804974,10296318,-0.0002709488089376322,1482.5787004743304,1501.851763044085,1474.125830078125,0.009495454251273634,-0.13145051635173577,0
RELIANCE,2025-07-21,1422.9169921875,1470.128458883213,1417.4388712363768,1459.1722169809668,22442744,-0.032113810742112725,1469.9719063895088,1494.7515433175224,1473.4551717122397,0.011212855215896078,1.1796863694380844,0
RELIANCE,2025-07-22,1407.179931640625,1426.2039275426996,1405.0881881707603,1421.721828538219,20396320,-0.011059717912765832,1458.247314453125,1487.2102312360491,1472.6019165039063,0.011316989063495125,-0.09118421526351683,1
RELIANCE,2025-07-23,1418.932861328125,1420.327316390472,1408.773485959778,1420.327316390472,8354596,0.008352115762336965,1449.8380475725446,1480.5795636858259,1471.7951375325522,0.011345375239860707,-0.5903870894357414,0
RELIANCE,2025-07-24,1397.3192138671875,1417.3392306864348,1390.4466381154343,1413.554298653669,14740507,-0.015232325679389147,1438.0992082868304,1471.7291870117188,1470.5102701822916,0.011634910400290908,0.7643590426155855,0
RELIANCE,2025-07-25,1386.1636962890625,1395.4267490386208,1378.593953801798,1393.3351272649268,11854722,-0.007983514051346452,1424.73828125,1461.071742466518,1469.3083984375,0.011599148805216382,-0.1957724384921089,0
RELIANCE,2025-07-28,1382.080078125,1402.199795115413,1379.490445288333,1386.7614543919697,7748361,-0.002945985510221405,1412.10302734375,1450.4000767299108,1467.641719563802,0.011512219825872862,-0.3463903244631127,1
RELIANCE,2025-07-29,1411.4627685546875,1414.550412474214,1377.498442270458,1377.498442270458,10750072,0.02125975975975969,1403.7222202845983,1443.1504603794642,1467.1735921223958,0.012190906439734618,0.3873994771281306,0
RELIANCE,2025-07-30,1404.4906005859375,1417.6381639620697,1395.7256799199,1412.458776601272,7209849,-0.004939675437482083,1401.089878627232,1435.5308925083705,1466.5095784505208,0.012220678591706181,-0.329320864083515,0
RELIANCE,2025-07-31,1384.669677734375,1397.0203743336986,1376.7015020683227,1382.5780559389789,17065827,-0.014112535066659326,1397.8741280691963,1428.0607212611608,1465.0786214192708,0.012461338806245966,1.367015869541789,1
RELIANCE,2025-08-01,1388.15576171875,1400.3073026227253,1378.7932525308158,1381.3828853186424,10321171,0.0025176286015586857,1393.4773995535713,1421.657723563058,1462.6715657552083,0.011641615563816519,-0.39521413172651987,1
RELIANCE,2025-08-04,1405.885009765625,1410.466686507784,1386.1637261382157,1389.550225151016,6312820,0.012771800208446038,1394.7010846819196,1416.400146484375,1461.167569986979,0.011893667611013894,-0.3883620376021286,0
RELIANCE,2025-08-05,1386.1636962890625,1405.38696851784,1382.5780415934858,1405.38696851784,9315972,-0.014027686005308682,1394.7010846819196,1409.71968296596,1459.2054036458333,0.012119179760167013,0.47572273563953993,1
RELIANCE,2025-08-06,1387.259521484375,1390.3471654369864,1377.797312271222,1386.3630773472378,5834312,0.0007905453001302298,1395.4410051618304,1403.77201625279,1456.7319498697916,0.011888984018038971,-0.3737301915463035,0
RELIANCE,2025-08-07,1383.8729248046875,1388.1557462486337,1360.5659868045632,1382.1796145349972,9976705,-0.0024412135056487427,1391.4995989118304,1397.6109095982142,1453.2159912109375,0.01122451434928821,0.71000539566619,0
RELIANCE,2025-08-08,1362.35888671875,1391.6418351007062,1359.569976594415,1379.4904158119157,8793606,-0.015546252622128498,1385.4807826450892,1393.2853306361608,1448.3155639648437,0.011061654652625263,-0.11858614642810428,1
RELIANCE,2025-08-11,1380.6856689453125,1382.4785572067017,1355.7851185633474,1364.5501609316866,9997486,0.01345224258102995,1384.9116385323662,1391.3928833007812,1444.5173990885417,0.011404254906946713,0.13690401866992907,0
RELIANCE,2025-08-12,1374.9088134765625,1396.3232867936674,1369.7294260490362,1376.402846498686,12244664,-0.004184048258546014,1383.0192173549108,1388.2483084542412,1439.603690592448,0.010686314018130917,0.2247743082610969,1
RELIANCE,2025-08-13,1377.0999755859375,1386.2634508216695,1372.0202877666843,1382.4785186353236,7457021,0.001593678131886156,1378.9070696149554,1386.8040771484375,1435.0817464192708,0.010708114571698934,-0.39099831567448484,0
RELIANCE,2025-08-14,1373.800048828125,1380.699951171875,1370.0999755859375,1377.300048828125,7126128,-0.0023962869917331098,1377.140834263393,1385.9209594726562,1430.4830078125,0.010699308950261329,-0.04437334962580897,1
RELIANCE,2025-08-18,1381.699951171875,1394.9000244140625,1377.0,1390.0,11785109,0.005750401851047249,1376.3466099330358,1385.893807547433,1425.8321899414063,0.010684309431345011,0.6537885651226023,1
RELIANCE,2025-08-19,1420.0999755859375,1421.0,1389.0999755859375,1390.0,14384719,0.027791869270527236,1381.5219029017858,1386.510750906808,1421.9899251302083,0.011892328514219513,0.22058429837178428,0
RELIANCE,2025-08-20,1413.0,1424.9000244140625,1410.0,1413.0,8725641,-0.0049996308062804085,1388.75634765625,1387.1185651506696,1418.040478515625,0.011900875523028246,-0.3934090057650761,1
RELIANCE,2025-08-21,1424.800048828125,1431.9000244140625,1420.300048828125,1425.0,11021323,0.00835106074177272,1395.0584019252233,1389.9850202287946,1415.1019002278647,0.011924452129329475,0.2630960865797711,0
RELIANCE,2025-08-22,1409.199951171875,1423.4000244140625,1407.9000244140625,1420.0,5818868,-0.010948973274587437,1399.9571358816963,1391.4881766183037,1411.7030802408854,0.01203613192883354,-0.4720354353102617,1
RELIANCE,2025-08-25,1412.5999755859375,1419.5,1405.699951171875,1414.699951171875,5979407,0.0024127338432242684,1405.028564453125,1391.96781703404,1409.1480102539062,0.011837284031115036,0.027589386801694094,0
RELIANCE,2025-08-26,1384.9000244140625,1410.0,1381.5999755859375,1408.0,12145259,-0.01960919697764063,1406.6142752511162,1391.8775547572545,1406.0514200846353,0.012238738574846815,1.0311811856928288,1
RELIANCE,2025-08-28,1385.9000244140625,1392.199951171875,1366.5,1389.9000244140625,13161813,0.0007220737832127622,1407.2142857142858,1391.7804478236608,1402.9317179361979,0.012235119647769795,0.08369965597275453,0
RELIANCE,2025-08-29,1357.199951171875,1403.5,1350.0,1381.0999755859375,18758842,-0.02070861731481788,1398.2285679408483,1389.875235421317,1398.8487101236979,0.012687093478676142,0.4252475703765126,0
RELIANCE,2025-09-01,1353.9000244140625,1363.199951171875,1340.5999755859375,1356.0,11232238,-0.002431422691227758,1389.7857142857142,1389.271030970982,1394.9611490885416,0.012670966365585271,-0.4012296707867149,1
RELIANCE,2025-09-02,1366.5,1384.5,1354.5,1354.800048828125,11517006,0.009306429838784158,1381.4571358816963,1388.25776890346,1391.5068684895834,0.012852914633819117,0.025352739142457725,1
RELIANCE,2025-09-03,1372.5999755859375,1376.5,1360.5,1369.699951171875,7847563,0.004463941153265649,1376.2285679408483,1388.0928519112724,1389.8296346028646,0.011606979714519947,-0.31861084382520943,0
RELIANCE,2025-09-04,1359.300048828125,1374.0,1357.0999755859375,1371.800048828125,13223177,-0.009689586911244885,1368.614292689732,1386.8214285714287,1388.2336385091146,0.011569212960638443,0.6850042490898129,1
RELIANCE,2025-09-05,1375.0,1381.0,1359.300048828125,1363.0,5777575,0.011550026195769059,1367.2000034877233,1386.9071393694196,1386.7692097981771,0.01167346151263651,-0.5630720968190928,1
RELIANCE,2025-09-08,1378.5,1386.0,1372.4000244140625,1380.0,6986720,0.0025454545454546285,1366.142857142857,1386.6785714285713,1386.1419026692708,0.011372472586404538,0.20928244116259842,0
RELIANCE,2025-09-09,1376.199951171875,1381.199951171875,1368.699951171875,1376.5999755859375,9754452,-0.0016685156533369216,1368.857142857143,1383.5428553989955,1385.8097778320312,0.011285172397733833,0.3961418233448599,1
RELIANCE,2025-09-10,1377.0,1388.5,1374.0999755859375,1383.9000244140625,7790815,0.0005813463570054633,1372.1571393694196,1380.971426827567,1385.6404418945312,0.011273719122952363,-0.2013067469090012,1
RELIANCE,2025-09-11,1383.300048828125,1385.5,1375.0,1376.0,9766072,0.0045751988584785686,1374.5571463448662,1378.0071411132812,1384.7016845703124,0.010575560413637221,0.2535366325602648,1
RELIANCE,2025-09-12,1395.0,1396.300048828125,1380.5,1383.300048828125,7403368,0.008457999536533478,1377.7571498325892,1376.9928588867188,1384.3853312174479,0.01066921784419387,-0.24192981579492756,1
RELIANCE,2025-09-15,1399.300048828125,1400.800048828125,1388.5999755859375,1393.0,5396697,0.0030824722782258895,1383.471435546875,1376.0428641183037,1384.8730102539062,0.010351572615280422,-0.2710483931097306,1
RELIANCE,2025-09-16,1405.300048828125,1408.0,1398.199951171875,1404.699951171875,8686961,0.004287858065198158,1387.800013950893,1377.500008719308,1385.4444864908853,0.010369077899898443,0.6096810697358033,1
RELIANCE,2025-09-17,1413.800048828125,1416.199951171875,1406.9000244140625,1407.0,7519417,0.006048530352708692,1392.8428780691963,1379.4928676060267,1385.708321126302,0.010164468237997088,-0.13440189267570102,1
RELIANCE,2025-09-18,1415.0,1422.0,1410.699951171875,1420.4000244140625,9332642,0.0008487417813216602,1398.3857421875,1383.6214425223213,1386.66953125,0.009800931755537302,0.24113904043358692,0
RELIANCE,2025-09-19,1407.4000244140625,1417.0,1403.5999755859375,1414.9000244140625,13461373,-0.005371007481227874,1402.7286028180804,1387.44287109375,1387.3408813476562,0.009864040004854736,0.44239680467760367,0
RELIANCE,2025-09-22,1390.5999755859375,1410.699951171875,1388.0,1403.9000244140625,7757970,-0.011936939417859782,1403.771449497768,1389.164297921317,1387.565116373698,0.010111830037727799,-0.4236865734275397,0
RELIANCE,2025-09-23,1389.800048828125,1395.0,1376.800048828125,1391.0,14014702,-0.0005752385818038608,1403.028599330357,1390.3928745814733,1388.4798217773437,0.009667005091615364,0.8064908732567926,0
RELIANCE,2025-09-24,1383.0,1396.0,1380.4000244140625,1385.300048828125,5922759,-0.0048928252908457814,1400.7000209263392,1392.085728236607,1388.5569661458333,0.009409992238618773,-0.57738958702083,0
RELIANCE,2025-09-25,1372.4000244140625,1384.5,1369.0,1381.300048828125,11411143,-0.007664479816296144,1396.0000174386162,1391.9000156947545,1388.47333984375,0.009485762664028726,0.926660024491964,1
RELIANCE,2025-09-26,1377.5999755859375,1382.699951171875,1366.0,1372.0,9879109,0.0037889471578049783,1390.828578404018,1391.835728236607,1388.4900065104166,0.009507063262355725,-0.1342577163391958,0
RELIANCE,2025-09-29,1372.800048828125,1389.0,1368.0,1381.5999755859375,14231999,-0.003484267452727674,1384.800013950893,1391.5928780691963,1388.4566731770833,0.009518807292650757,0.44061564661347496,0
RELIANCE,2025-09-30,1364.0,1377.0999755859375,1362.800048828125,1377.0999755859375,14604684,-0.00641029175052632,1378.6000104631696,1390.664306640625,1387.8666748046876,0.0095252697433365,0.026186412744970022,1
RELIANCE,2025-10-01,1368.699951171875,1378.5999755859375,1362.699951171875,1367.0,12045916,0.0034457120028408283,1375.471435546875,1389.6214425223213,1386.153340657552,0.007948389537546358,-0.17520187359069184,0
RELIANCE,2025-10-03,1363.4000244140625,1371.5999755859375,1356.9000244140625,1363.199951171875,12842347,-0.003872234198061264,1371.7000034877233,1387.36430140904,1384.5000081380208,0.007932441980653956,0.06611626712323071,1
RELIANCE,2025-10-06,1375.0,1377.4000244140625,1359.0,1360.0,12396580,0.008508123352075403,1370.5571463448662,1385.6285836356026,1382.8400065104167,0.007938984770340773,-0.03471071136763393,1
RELIANCE,2025-10-07,1384.800048828125,1395.9000244140625,1375.9000244140625,1376.0,11244040,0.007127308238636276,1372.328578404018,1384.164297921317,1382.0266764322917,0.007855517345223283,-0.09297241658586486,0
RELIANCE,2025-10-08,1367.4000244140625,1389.0,1364.5,1384.800048828125,8525081,-0.012565008521473686,1370.8714425223213,1380.8500104631696,1380.5200113932292,0.008131693369335748,-0.24181335178458985,1
RELIANCE,2025-10-09,1377.800048828125,1380.0,1369.0999755859375,1374.0,8826633,0.00760569272222944,1371.585728236607,1378.19287109375,1380.2833455403645,0.007482091646300024,0.03537233253267624,1
RELIANCE,2025-10-10,1381.699951171875,1388.0,1375.0999755859375,1377.800048828125,6373084,0.002830528527754783,1374.114292689732,1376.3571515764509,1380.1433430989584,0.00750038932424994,-0.27797111310734224,0
RELIANCE,2025-10-13,1375.0,1377.699951171875,1367.800048828125,1376.9000244140625,7600682,-0.00484906376828953,1375.0142996651787,1375.2428676060267,1380.736678059896,0.00648617863011808,0.19262228459565267,1
RELIANCE,2025-10-14,1375.9000244140625,1388.0,1370.0999755859375,1380.0,9768174,0.0006545632102272769,1376.800013950893,1374.250008719308,1381.4700113932292,0.006463257375351734,0.28517072546910915,0
RELIANCE,2025-10-15,1374.300048828125,1384.0,1372.699951171875,1383.0,10882743,-0.0011628574442528183,1376.7000209263392,1373.6285836356026,1381.7300130208334,0.0062538335461446385,0.11410208294815383,1
RELIANCE,2025-10-16,1398.300048828125,1400.5,1375.0,1375.0999755859375,12315932,0.017463435310553166,1378.6285923549108,1375.4785853794642,1382.5866821289062,0.006968375016498579,0.13169372831831083,1
RELIANCE,2025-10-17,1416.800048828125,1423.300048828125,1399.0999755859375,1401.0,19335561,0.013230350678671732,1385.6857386997767,1378.2785906110491,1384.503348795573,0.007052522019138961,0.5699632800830663,1
RELIANCE,2025-10-20,1466.800048828125,1473.800048828125,1433.300048828125,1440.0,24721978,0.035290794944111026,1398.4000244140625,1384.992876325335,1387.563350423177,0.009226826005097624,0.2785756772198127,0
RELIANCE,2025-10-21,1465.199951171875,1474.0,1460.0,1468.0,2066169,-0.0010908764678105864,1410.3285958426338,1392.221444266183,1390.453348795573,0.009245960305666535,-0.9164237990989232,0
RELIANCE,2025-10-23,1448.4000244140625,1482.9000244140625,1444.5999755859375,1475.0,18707090,-0.011465961860274265,1420.8143136160713,1397.914306640625,1392.860017903646,0.009550793353503078,8.053998003067512,1
RELIANCE,2025-10-24,1451.5999755859375,1459.800048828125,1441.0,1450.0,9700837,0.0022093006889927214,1431.6285923549108,1404.2143031529017,1395.3466837565104,0.009548551579917073,-0.48143527400573793,1
RELIANCE,2025-10-27,1484.0999755859375,1485.0,1458.0,1463.0,14113867,0.022389088279559433,1447.3142961774554,1412.0071585518974,1398.706681315104,0.010254629401139337,0.4549122926196987,1
RELIANCE,2025-10-28,1486.9000244140625,1492.0,1477.5999755859375,1484.0999755859375,17631577,0.0018866982509178065,1459.971435546875,1419.300013950893,1401.7700154622396,0.010190696655823646,0.2492378594753657,1
RELIANCE,2025-10-29,1504.199951171875,1508.300048828125,1488.0999755859375,1490.0,11884745,0.011634895738622308,1472.4571358816963,1429.0714372907366,1405.2666788736979,0.010335452179217865,-0.3259397613724513,0
RELIANCE,2025-10-30,1488.5,1503.0999755859375,1484.0,1500.0,9318663,-0.01043740970716267,1475.55712890625,1436.9785766601562,1408.0400105794272,0.010592299448276202,-0.2159139300001809,0
RELIANCE,2025-10-31,1486.4000244140625,1497.5,1482.300048828125,1490.4000244140625,8758053,-0.0014107998561890822,1478.5857107979912,1444.4571533203125,1410.460009765625,0.010580870823883193,-0.06015991779078178,0
RELIANCE,2025-11-03,1484.699951171875,1495.0,1479.300048828125,1486.0,8452085,-0.0011437521624487745,1483.7714146205358,1452.2928641183037,1412.783341471354,0.01059280210870661,-0.034935618681458114,0
RELIANCE,2025-11-04,1473.0999755859375,1492.800048828125,1470.0999755859375,1483.9000244140625,10007806,-0.007813010013761779,1486.8428431919642,1459.2357177734375,1414.97333984375,0.01065785983409206,0.18406357721201339,1
RELIANCE,2025-11-06,1496.0999755859375,1501.5999755859375,1476.199951171875,1484.0,16772678,0.015613332686976289,1488.55712890625,1467.9357125418526,1418.4900065104166,0.010640256611207353,0.6759595459784093,0
RELIANCE,2025-11-07,1478.0,1498.4000244140625,1475.9000244140625,1494.5999755859375,7821765,-0.012098105662256109,1487.2856968470983,1473.6285661969866,1421.4300048828125,0.010958127356142674,-0.533660337365327,1
RELIANCE,2025-11-10,1489.300048828125,1501.0,1475.5,1477.9000244140625,7068438,0.007645499883710993,1485.1571393694196,1478.807137625558,1424.97333984375,0.01092084857501516,-0.09631163810214194,1
RELIANCE,2025-11-11,1493.4000244140625,1498.800048828125,1480.199951171875,1497.0,7127506,0.002752954711284339,1485.857142857143,1480.7071358816963,1429.0066731770833,0.010749849052000911,0.008356584580638593,1
RELIANCE,2025-11-12,1511.5,1524.699951171875,1500.0,1505.0,12384459,0.012119978096986506,1489.4428536551338,1484.0142822265625,1433.4700073242188,0.010881059261235547,0.7375585513361897,0
RELIANCE,2025-11-13,1510.9000244140625,1522.0999755859375,1506.800048828125,1515.0,7196443,-0.0003969405133559256,1493.1857212611608,1488.4785679408483,1438.07333984375,0.010830598574175836,-0.418913413981184,1
RELIANCE,2025-11-14,1518.9000244140625,1520.9000244140625,1505.5,1505.5,7682823,0.0052948572842219654,1499.7285853794642,1493.2857142857142,1443.2366739908855,0.01068014190618364,0.06758616722177879,0
RELIANCE,2025-11-17,1518.300048828125,1523.699951171875,1511.5,1520.9000244140625,5871416,-0.00039500663394154145,1502.9000244140625,1495.7285766601562,1448.2233439127604,0.010705621783372117,-0.23577362123271617,1
RELIANCE,2025-11-18,1519.4000244140625,1527.800048828125,1510.5,1521.699951171875,11045042,0.0007244783972617519,1508.8143136160713,1498.050005231585,1453.4233439127604,0.010628813559595263,0.881154733372665,0
RELIANCE,2025-11-19,1518.9000244140625,1522.300048828125,1512.0,1517.4000244140625,5692366,-0.0003290772620546667,1513.0428815569196,1499.1000104631696,1458.2200113932292,0.010612601337415357,-0.4846225120737432,1
RELIANCE,2025-11-20,1549.0999755859375,1550.9000244140625,1526.699951171875,1530.0,18171724,0.019882777461620593,1521.0000174386162,1503.4285801478795,1463.6966756184895,0.011015880978738015,2.1922971924152455,0
RELIANCE,2025-11-21,1546.5999755859375,1557.800048828125,1540.0999755859375,1541.0,9615271,-0.0016138403197988316,1526.0142996651787,1507.7285766601562,1469.6700073242187,0.010629474055977061,-0.4708663305694055,0
RELIANCE,2025-11-24,1535.9000244140625,1550.0,1531.800048828125,1550.0,18433951,-0.006918370193185419,1529.585728236607,1511.3857247488838,1474.9400065104167,0.010796913961249181,0.9171535570864304,1
RELIANCE,2025-11-25,1539.699951171875,1559.5999755859375,1525.0999755859375,1535.9000244140625,15033482,0.002474071682668333,1532.5571463448662,1516.142865862165,1480.2066731770833,0.01079808084367648,-0.184467724797576,1
RELIANCE,2025-11-26,1569.9000244140625,1571.5999755859375,1540.5,1542.300048828125,14054299,0.019614258751649682,1539.9285714285713,1521.414297921317,1486.7033406575522,0.01105314108755495,-0.06513348005472053,0
RELIANCE,2025-11-27,1563.4000244140625,1575.5,1556.0,1575.0,9794643,-0.004140391043325198,1546.2142857142858,1527.5142996651787,1492.9533406575522,0.011144756512426341,-0.3030856252595736,1
RELIANCE,2025-11-28,1567.5,1581.300048828125,1563.0,1568.0,8959508,0.0026224737891213934,1553.1571393694196,1533.1000104631696,1499.3933390299478,0.0111018039696518,-0.08526446548383637,0
RELIANCE,2025-12-01,1566.0999755859375,1577.5,1563.5999755859375,1575.0,8920233,-0.0008931575209329967,1555.5857107979912,1538.2928641183037,1504.986669921875,0.010863314244463499,-0.004383611242938734,0
RELIANCE,2025-12-02,1546.300048828125,1567.5,1542.0,1561.0999755859375,11389150,-0.012642824255459595,1555.5428641183037,1540.7785818917412,1509.3033365885417,0.011116304472557112,0.276777187322349,0
RELIANCE,2025-12-03,1538.800048828125,1552.4000244140625,1533.0,1545.199951171875,6090883,-0.004850287630582373,1555.9571533203125,1542.77144077846,1511.7033365885416,0.009371856422920866,-0.4652030221746135,0
RELIANCE,2025-12-04,1535.5999755859375,1560.5,1517.5999755859375,1536.0,11867930,-0.0020795900316122884,1555.3714425223213,1543.9642944335938,1514.0500040690104,0.009383525196681576,0.9484744658533089,1
RELIANCE,2025-12-05,1540.5999755859375,1545.800048828125,1520.5999755859375,1530.4000244140625,10183266,0.0032560563164194534,1551.1857212611608,1545.5571463448662,1517.1233357747396,0.009055447232351143,-0.14195095522134016,1
RELIANCE,2025-12-08,1543.0,1551.0,1535.0,1539.199951171875,11301491,0.0015578504816928795,1548.2714320591517,1547.2428588867188,1520.1700032552083,0.009055953707134063,0.10981005504520858,0
RELIANCE,2025-12-09,1529.4000244140625,1542.5,1520.0999755859375,1540.300048828125,11503971,-0.008813982881359372,1542.828578404018,1547.9928588867188,1521.6800048828125,0.008411547834936348,0.017916220081049428,1
RELIANCE,2025-12-10,1536.9000244140625,1547.5,1531.4000244140625,1534.0,7991629,0.004903883797748421,1538.6571568080358,1547.1214338030134,1523.3466715494792,0.008440049453108889,-0.30531561666836604,1
RELIANCE,2025-12-11,1545.0,1550.0,1524.0,1536.9000244140625,4706197,0.005270333435660968,1538.471435546875,1547.0071498325892,1524.7066731770833,0.008244813575626668,-0.4111091743623234,1
RELIANCE,2025-12-12,1556.5,1559.800048828125,1546.0999755859375,1550.800048828125,5106655,0.007443365695792847,1541.0,1548.4785766601562,1526.97333984375,0.00803880983890487,0.08509163556051735,0
RELIANCE,2025-12-15,1556.199951171875,1558.5999755859375,1546.5,1551.199951171875,5774543,-0.000192771492531274,1543.9428536551338,1549.6571480887276,1529.3000040690104,0.008026557176257828,0.1307877661600403,0
RELIANCE,2025-12-16,1542.300048828125,1551.699951171875,1538.800048828125,1545.0,11731856,-0.00893195140719727,1544.1857212611608,1547.6857212611608,1531.2200073242188,0.008240188468172233,1.0316509895241928,1
RELIANCE,2025-12-17,1544.4000244140625,1550.0,1539.300048828125,1550.0,7116649,0.001361586928259051,1544.3857247488838,1546.328578404018,1533.5966756184896,0.008058473037542513,-0.3933910371896825,0
RELIANCE,2025-12-18,1544.4000244140625,1551.5,1535.199951171875,1535.199951171875,6580829,0.0,1546.5285818917412,1544.6785801478795,1535.2066772460937,0.007614737557390574,-0.07529105341572984,1
RELIANCE,2025-12-19,1565.0999755859375,1574.199951171875,1551.0,1554.4000244140625,13937275,0.013403231575140895,1550.5571463448662,1544.6071515764509,1538.110009765625,0.007514760342394751,1.1178600750756478,1
RELIANCE,2025-12-22,1575.4000244140625,1577.5,1565.300048828125,1573.5,10184852,0.006581080434985509,1554.9000069754463,1546.6857212611608,1540.9800089518228,0.00748935150820095,-0.2692364899164291,0
RELIANCE,2025-12-23,1570.699951171875,1580.9000244140625,1568.0999755859375,1580.9000244140625,7506564,-0.0029834157479688983,1556.9285714285713,1548.9642857142858,1543.5566731770834,0.007539938312603275,-0.26296778784807084,0
RELIANCE,2025-12-24,1558.199951171875,1575.699951171875,1553.5999755859375,1572.699951171875,8815745,-0.00795823542916263,1557.2142857142858,1550.57856968471,1545.1133382161458,0.00747496308180515,0.17440482756158482,1
RELIANCE,2025-12-26,1559.199951171875,1561.0,1554.300048828125,1554.699951171875,2311495,0.0006417661605289116,1559.6285574776787,1551.9071393694196,1546.7233357747396,0.007470473957004688,-0.737799244420069,0
RELIANCE,2025-12-29,1545.5999755859375,1558.0999755859375,1543.5999755859375,1554.9000244140625,5972105,-0.00872240636982824,1559.7999790736608,1552.0928519112724,1547.6133341471354,0.00763409000800655,1.583654734273706,0
RELIANCE,2025-12-30,1539.800048828125,1553.5999755859375,1537.800048828125,1547.0,8815884,-0.003752540663449322,1559.1428397042412,1552.8357107979912,1548.3300008138021,0.007673825292237306,0.47617699286934845,1
RELIANCE,2025-12-31,1570.4000244140625,1577.0,1541.0,1541.0,5771830,0.019872694256131362,1559.8999895368304,1555.2285679408483,1550.0300008138022,0.008450420592977402,-0.34529197525738764,1
RELIANCE,2026-01-01,1575.5999755859375,1592.5,1571.0999755859375,1573.699951171875,6408128,0.003311227133873107,1559.9285539899554,1557.4142804827009,1551.9199991861979,0.008454801324741475,0.11024198564406773,1
RELIANCE,2026-01-02,1592.300048828125,1594.5999755859375,1578.199951171875,1580.0,6602230,0.01059918348626332,1563.0142822265625,1559.971426827567,1553.360001627604,0.007901343989058979,0.03028996923906635,0
RELIANCE,2026-01-05,1578.0999755859375,1611.800048828125,1575.300048828125,1593.0,8704973,-0.008917963202122792,1565.857142857143,1561.5357142857142,1554.410001627604,0.008093189243231352,0.31848981329035797,0
RELIANCE,2026-01-06,1507.5999755859375,1569.0,1496.300048828125,1569.0,27417125,-0.04467397572439846,1558.4857177734375,1559.057137625558,1553.4666666666667,0.011526616083065355,2.1495933416450574,0
RELIANCE,2026-01-07,1504.199951171875,1520.0,1498.0,1510.0,11199340,-0.002255256347255541,1552.5714285714287,1556.1857038225446,1552.2833333333333,0.011516100474277518,-0.5915202633390627,0
RELIANCE,2026-01-08,1470.5999755859375,1503.9000244140625,1468.800048828125,1500.0,16518684,-0.02233743962015211,1542.6857038225446,1550.914271763393,1548.9733317057292,0.011509826768524398,0.47496941784069424,1
RELIANCE,2026-01-09,1475.300048828125,1479.9000244140625,1465.0,1465.0,8335311,0.003196024289552124,1529.0999930245537,1544.499991280692,1546.0366658528646,0.011543105204731438,-0.4954010258928617,1
RELIANCE,2026-01-12,1483.199951171875,1485.300048828125,1451.0,1475.300048828125,8883745,0.005354776711371523,1515.8999895368304,1537.914271763393,1543.2266642252605,0.011590424620262059,0.06579646518288285,0
RELIANCE,2026-01-13,1452.800048828125,1485.800048828125,1444.699951171875,1485.0,13499760,-0.020496159212876952,1495.9714181082588,1529.4928501674108,1539.45,0.012081178958836307,0.5196023748993246,1
RELIANCE,2026-01-14,1458.800048828125,1467.0,1440.199951171875,1444.0,8321764,0.004129955808330088,1478.9285714285713,1522.392857142857,1536.5333333333333,0.011979862236472719,-0.38356207814064847,0
RELIANCE,2026-01-15,1458.800048828125,1458.800048828125,1458.800048828125,1458.800048828125,0,0.0,1471.9571533203125,1515.221435546875,1533.8666666666666,0.011970972040262678,-1.0,0
RELIANCE,2026-01-16,1457.9000244140625,1480.0,1455.0999755859375,1458.800048828125,17167161,-0.0006169621496692201,1465.3428780691963,1508.9571533203125,1531.2766682942708,0.011972383792524062,inf,0
RELIANCE,2026-01-19,1413.5999755859375,1450.5999755859375,1403.300048828125,1450.5999755859375,20392765,-0.030386204874322198,1457.2000209263392,1499.942862374442,1527.0433349609375,0.013025398180681557,0.18789385152268334,0
RELIANCE,2026-01-20,1394.0,1416.0,1390.0,1410.699951171875,13189498,-0.01386529140099435,1445.585728236607,1487.3428606305804,1522.0766682942708,0.013152020838049895,-0.35322659776641374,1
RELIANCE,2026-01-21,1404.5999755859375,1412.9000244140625,1373.0,1389.5,17352720,0.0076039997029679895,1434.3571602957588,1475.1285749162946,1517.9166666666667,0.013255606491262301,0.31564673651718955,0
RELIANCE,2026-01-22,1402.5,1419.5,1395.0,1410.0999755859375,15721693,-0.0014950702138959437,1427.1714390345983,1461.5714285714287,1513.4366658528645,0.013179510265207089,-0.09399258444785596,0
RELIANCE,2026-01-23,1386.0999755859375,1407.0,1381.0,1401.800048828125,9837802,-0.011693422042112323,1416.7857142857142,1447.857142857143,1508.139998372396,0.013178101792214387,-0.3742530146085412,0
RELIANCE,2026-01-27,1380.5,1391.5999755859375,1368.0,1380.0,26302396,-0.0040400950036596495,1405.5999930245537,1438.778573172433,1502.273331705729,0.01301424968776169,1.673604937363041,1
RELIANCE,2026-01-28,1396.699951171875,1409.9000244140625,1384.9000244140625,1385.0,11121657,0.011734843297265485,1396.8571254185267,1431.1000017438616,1496.9566650390625,0.013310512184347551,-0.5771618296675329,0
RELIANCE,2026-01-29,1391.0,1402.9000244140625,1384.0,1402.9000244140625,20846683,-0.004081013368041231,1393.6285574776787,1425.4142892020088,1491.913330078125,0.013271798029085765,0.8744223994679929,1
RELIANCE,2026-01-30,1395.4000244140625,1398.0,1378.5,1382.5999755859375,11239835,0.0031632094996854043,1393.8285609654017,1419.7071446010045,1486.9466634114583,0.013297900955446265,-0.46083340932463934,0
RELIANCE,2026-02-02,1390.4000244140625,1392.9000244140625,1335.5,1340.0,15711165,-0.003583201886569798,1391.7999965122767,1413.078578404018,1481.813330078125,0.013283420786058691,0.39781099989457136,1
RELIANCE,2026-02-03,1437.0999755859375,1489.5,1430.199951171875,1473.9000244140625,25456171,0.0335874211391467,1396.7428501674108,1411.9571446010045,1477.5466634114584,0.014609312415977219,0.6202599234366133,1
RELIANCE,2026-02-04,1456.800048828125,1464.0,1440.300048828125,1444.0,8333387,0.013708213469390218,1406.8428606305804,1411.8142874581474,1473.593330891927,0.014822443852377066,-0.6726378448667711,0
RELIANCE,2026-02-05,1443.4000244140625,1461.5,1439.5,1457.0,11763658,-0.00919825917416861,1415.828578404018,1410.7142857142858,1469.35,0.014872799083227833,0.4116298691036431,1
RELIANCE,2026-02-06,1450.800048828125,1452.800048828125,1433.5,1441.5,8277304,0.00512680080982153,1423.557163783482,1410.2071446010045,1465.7700032552084,0.014905281844180728,-0.2963664873630294,1
RELIANCE,2026-02-09,1461.5999755859375,1465.9000244140625,1453.0,1458.0,5775864,0.007444117999951816,1433.6428745814733,1413.6357160295759,1462.516670735677,0.015002519270125352,-0.3022046792047266,0
RELIANCE,2026-02-10,1458.5,1471.0,1452.199951171875,1471.0,10259630,-0.00212094665963225,1442.6571568080358,1418.2428588867188,1459.6133382161458,0.014949487064725604,0.7762935553884234,1
RELIANCE,2026-02-11,1468.699951171875,1470.0,1453.5999755859375,1459.5999755859375,7106877,0.006993452980373682,1453.8428606305804,1422.8214285714287,1457.2433349609375,0.015030175437097941,-0.30729694930518936,0
RELIANCE,2026-02-12,1448.9000244140625,1473.0,1445.5,1470.0,11135399,-0.013481260581519106,1455.5285818917412,1426.1357160295759,1453.1933349609376,0.014625582309798843,0.5668484201991959,0
RELIANCE,2026-02-13,1419.5999755859375,1450.699951171875,1416.300048828125,1445.5,10755693,-0.02022227091891593,1450.2142857142858,1428.528573172433,1447.9933349609375,0.014926923233083523,-0.03409900264911925,1
RELIANCE,2026-02-16,1437.0999755859375,1439.5999755859375,1409.300048828125,1420.0999755859375,5896514,0.012327416385575107,1449.3142787388392,1432.5714285714287,1442.819999186198,0.01498587538976927,-0.45177739825783425,0
RELIANCE,2026-02-17,1423.0,1431.800048828125,1418.5999755859375,1431.0999755859375,10731630,-0.009811408966302837,1445.3428431919642,1434.4500034877233,1437.65,0.01499830113418844,0.8199956788027638,1
RELIANCE,2026-02-18,1441.300048828125,1442.0999755859375,1419.199951171875,1427.0,5521096,0.012860188916461679,1442.4428536551338,1438.0428641183037,1435.4400024414062,0.01308634215531231,-0.4855305298449537,0
RELIANCE,2026-02-19,1409.5,1443.0,1400.0,1443.0,11884664,-0.02206344810296834,1435.4428536551338,1439.050005231585,1432.2833374023437,0.013619062033363391,1.1525914419890544,1
RELIANCE,2026-02-20,1419.4000244140625,1427.4000244140625,1406.0999755859375,1409.5,8177670,0.007023784614446527,1428.4000069754463,1441.1214338030134,1430.5766723632812,0.013160017288230883,-0.31191407683044303,1
RELIANCE,2026-02-23,1428.0,1434.9000244140625,1418.300048828125,1425.0,7758856,0.006058880821484758,1425.4142892020088,1440.471435546875,1429.0000040690104,0.01320253008160996,-0.05121434344990683,1
RELIANCE,2026-02-24,1428.800048828125,1433.300048828125,1415.0,1425.300048828125,12529409,0.0005602582830006586,1426.7285853794642,1438.471435546875,1427.1866739908853,0.013151858472552829,0.6148526277585251,0
RELIANCE,2026-02-25,1398.5,1440.5,1393.5,1435.0,10728792,-0.0212066403923884,1421.2143031529017,1435.2642909458705,1425.3766723632812,0.013188464697167708,-0.14371124767337395,1
RELIANCE,2026-02-26,1406.800048828125,1412.9000244140625,1391.9000244140625,1398.5,16683858,0.0059349651970861395,1418.9000244140625,1432.1214338030134,1423.6433390299478,0.013217632071921512,0.555054660394199,0
RELIANCE,2026-02-27,1393.9000244140625,1410.4000244140625,1388.0999755859375,1398.0,12031440,-0.009169763979471224,1412.1285923549108,1427.2857230050224,1421.4800048828124,0.013296519228729054,-0.2788574441235354,0
RELIANCE,2026-03-02,1358.0,1378.5999755859375,1341.5,1375.5,23728722,-0.02575509275075405,1404.771449497768,1420.1071515764509,1418.1500040690105,0.014016120385155453,0.9722262671799884,0
RELIANCE,2026-03-04,1345.0,1352.800048828125,1307.0,1330.0,32495007,-0.009572901325478611,1394.1428745814733,1411.27144077846,1415.8633382161458,0.013058744909209581,0.3694377219304099,1
RELIANCE,2026-03-05,1389.4000244140625,1399.0,1353.0999755859375,1353.0999755859375,25957532,0.03301117056807623,1388.6285923549108,1407.02144077846,1415.7100056966146,0.01428435885744903,-0.20118398497344525,1
RELIANCE,2026-03-06,1404.800048828125,1424.300048828125,1390.300048828125,1396.5,19311971,0.011083938493924306,1385.2000209263392,1405.9643031529017,1415.7166748046875,0.014362254353728813,-0.25601667369609715,1
RELIANCE,2026-03-09,1424.0,1429.4000244140625,1370.0,1375.0,24870822,0.013667390734995788,1388.8428780691963,1405.0285906110491,1416.4333414713542,0.014569331803091242,0.2878448295101521,0
RELIANCE,2026-03-10,1408.800048828125,1431.5,1400.5999755859375,1430.5999755859375,18071259,-0.010674123013957204,1389.1285923549108,1404.0143083844866,1417.190010579427,0.014540811746798304,-0.2733951857321001,0
RELIANCE,2026-03-11,1390.199951171875,1434.0,1383.5999755859375,1424.9000244140625,21848087,-0.013202794585166266,1388.6000104631696,1400.36430140904,1417.5133422851563,0.014737480571111876,0.20899639587922447,1
RELIANCE,2026-03-12,1392.199951171875,1410.9000244140625,1381.0999755859375,1390.0,20939959,0.0014386419725551658,1393.4857177734375,1399.1285836356026,1417.3633422851562,0.014581989757835258,-0.04156556132351541,0
RELIANCE,2026-03-13,1380.699951171875,1400.800048828125,1378.4000244140625,1385.199951171875,17265090,-0.008260307716804527,1398.5857107979912,1396.364292689732,1417.0200073242188,0.014642111475413543,-0.17549552031119064,1
RELIANCE,2026-03-16,1395.0999755859375,1397.300048828125,1363.5,1380.0,22837802,0.010429510337738757,1399.3999895368304,1394.0142909458705,1417.0100056966146,0.01475835126389388,0.32277341154896955,1
RELIANCE,2026-03-17,1397.5999755859375,1405.9000244140625,1388.199951171875,1399.0,19007744,0.00179198626890531,1398.3714076450892,1391.7857142857142,1417.2500040690104,0.014744743690655251,-0.16770694482770276,1
RELIANCE,2026-03-18,1408.0999755859375,1412.9000244140625,1397.199951171875,1397.199951171875,9559327,0.007512879352761903,1396.0999755859375,1392.471426827567,1416.2833374023437,0.013422736400557002,-0.4970825048990559,0
RELIANCE,2026-03-19,1384.800048828125,1415.699951171875,1376.0999755859375,1388.0,16498373,-0.01654706850493126,1392.6714041573662,1390.8999982561384,1413.8833374023438,0.013447817094727879,0.7258927328252291,1
RELIANCE,2026-03-20,1414.4000244140625,1430.0,1396.0999755859375,1398.0,22994918,0.021374909403697906,1396.1285574776787,1392.3642839704241,1412.9166707356771,0.0139993448000821,0.3937688279929179,0
RELIANCE,2026-03-23,1407.800048828125,1415.5999755859375,1391.0,1400.0,18979554,-0.00466627225114169,1398.357142857143,1395.92143031529,1411.4833374023438,0.013975804290972695,-0.1746196268236312,1
RELIANCE,2026-03-24,1411.800048828125,1422.4000244140625,1406.5999755859375,1420.0,18620893,0.002841312587912981,1402.800013950893,1400.692862374442,1409.82333984375,0.013906043203713645,-0.018897230145660915,1
RELIANCE,2026-03-25,1413.0999755859375,1430.5,1408.4000244140625,1420.0,19041331,0.0009207584026444948,1405.3714425223213,1402.3857160295759,1408.3100056966146,0.013909140297676462,0.022578831208578398,0
RELIANCE,2026-03-27,1348.0999755859375,1404.699951171875,1345.0,1401.0,23266517,-0.045998160868305105,1398.300013950893,1398.3357107979912,1404.2900065104166,0.01606240996921766,0.22189551770304283,0
RELIANCE,2026-03-30,1343.9000244140625,1365.0,1334.0999755859375,1335.0,24393861,-0.003115459719557956,1389.1285923549108,1392.6142839704241,1400.7900065104166,0.01593405931189691,0.04845349220083084,1
RELIANCE,2026-04-01,1369.199951171875,1384.4000244140625,1362.9000244140625,1384.199951171875,14404619,0.018825750649750228,1386.9000069754463,1389.7857055664062,1399.1100056966145,0.01602101808867639,-0.4094981930084787,0
RELIANCE,2026-04-02,1350.5,1358.199951171875,1328.0,1357.0,21280051,-0.013657575108639186,1377.7714320591517,1386.949994768415,1396.22333984375,0.015973557913947587,0.4773074525608765,0
RELIANCE,2026-04-06,1304.699951171875,1359.0,1290.0,1359.0,29274881,-0.033913401575805247,1363.0428466796875,1380.699994768415,1392.2800048828126,0.016958563282775046,0.37569599809699694,0
RELIANCE,2026-04-07,1304.5999755859375,1308.300048828125,1291.0,1295.0,28388922,-7.662726272639198e-05,1347.728550502232,1375.2642822265625,1387.7233357747396,0.016710632729816814,-0.03026345350472992,1
RELIANCE,2026-04-08,1347.800048828125,1350.5999755859375,1326.199951171875,1349.0,21817543,0.03311365479888573,1338.3999895368304,1371.8857160295759,1385.6666707356771,0.01757475268246732,-0.23147687679017892,0
RELIANCE,2026-04-09,1330.0,1350.0,1326.300048828125,1346.0,20725390,-0.013206742976157093,1335.8142787388392,1367.0571463448662,1382.686669921875,0.01763076723294557,-0.050058478170525444,1
RELIANCE,2026-04-10,1350.199951171875,1352.300048828125,1331.5,1337.0,19364461,0.015187933211936011,1336.7142682756696,1362.92143031529,1380.0933349609375,0.01785231968941913,-0.06566481981762462,0
RELIANCE,2026-04-13,1315.0999755859375,1327.5999755859375,1310.0,1321.199951171875,28753269,-0.02599613157701075,1328.9857003348213,1357.9428536551338,1376.3033325195313,0.01838623823678359,0.4848473706549332,1
RELIANCE,2026-04-15,1344.0999755859375,1347.0,1334.199951171875,1337.0,15313779,0.022051555424202007,1328.0714111328125,1352.921421595982,1374.4899983723958,0.018571707778272425,-0.46740737548833144,0
RELIANCE,2026-04-16,1343.300048828125,1353.800048828125,1330.0,1352.0,30211012,-0.0005951393291736551,1333.5857107979912,1348.3142787388392,1372.3733317057292,0.018523960636671135,0.9727992679011497,1
RELIANCE,2026-04-17,1365.0,1368.4000244140625,1340.0,1340.0,13869105,0.016154210067069963,1342.2142857142858,1344.9714181082588,1371.4099975585937,0.018732192531825724,-0.5409255075599586,0
RELIANCE,2026-04-20,1363.300048828125,1373.0,1352.800048828125,1363.199951171875,13614733,-0.0012453854739010728,1344.4285714285713,1341.4142804827009,1371.5866658528646,0.018118410873542955,-0.018340909525163984,0
RELIANCE,2026-04-21,1353.300048828125,1369.800048828125,1350.0999755859375,1359.0,27293629,-0.00733514240580857,1347.7571498325892,1341.7857142857142,1371.8633341471354,0.01808097683431921,1.0047127622701084,1
RELIANCE,2026-04-22,1362.0999755859375,1366.0,1349.0999755859375,1350.300048828125,9525953,0.006502568861526781,1349.4571533203125,1343.0857107979912,1370.9533325195312,0.017048756012277927,-0.6509825424827164,0
RELIANCE,2026-04-23,1343.4000244140625,1355.5,1340.699951171875,1346.0,16385079,-0.013728765514316121,1353.5000174386162,1341.2428588867188,1368.9066650390625,0.01706827178592839,0.7200461728081169,0
RELIANCE,2026-04-24,1327.800048828125,1345.9000244140625,1325.0,1340.0,11744802,-0.011612308547293337,1351.1714564732142,1339.6214338030134,1365.7,0.016924885122410076,-0.2832013809637415,1
RELIANCE,2026-04-27,1365.800048828125,1371.5999755859375,1311.0,1313.0,24673098,0.02861876683431186,1354.3857421875,1343.9857264927455,1364.2666666666667,0.017746100480780135,1.1007674714311912,1
RELIANCE,2026-04-28,1388.9000244140625,1395.199951171875,1357.0,1358.0,41027699,0.01691314596580784,1357.8000313895088,1350.0071585518974,1364.2233357747396,0.017876295679035696,0.6628515397620518,1
RELIANCE,2026-04-29,1425.4000244140625,1433.800048828125,1391.300048828125,1392.0,30542143,0.026279789299736178,1366.6714564732142,1355.550013950893,1365.3300048828125,0.018503605383272694,-0.2555726071793595,1
RELIANCE,2026-04-30,1430.800048828125,1437.0,1393.0999755859375,1409.0,30957881,0.0037884273337811525,1377.742885044643,1362.7500174386162,1367.0000081380208,0.01842735521340017,0.013611945959391303,0
RELIANCE,2026-05-01,1430.800048828125,1430.800048828125,1430.800048828125,1430.800048828125,0,0.0,1387.5571812220983,1368.5071672712054,1368.190010579427,0.01834844060581725,-1.0,1
RELIANCE,2026-05-04,1463.0999755859375,1467.4000244140625,1433.4000244140625,1433.4000244140625,24035700,0.022574731377921875,1404.6571742466517,1379.0785958426338,1370.3733439127604,0.01876670114635904,inf,1
RELIANCE,2026-05-05,1463.5999755859375,1473.4000244140625,1450.0,1460.0,23543341,0.0003417401464993475,1424.057163783482,1387.6143101283483,1372.2233439127604,0.01873573762059937,-0.020484487657942196,0
RELIANCE,2026-05-06,1437.9000244140625,1473.300048828125,1427.5,1463.0,14221786,-0.01755940940186629,1434.3571602957588,1394.3714512416295,1373.9933430989583,0.01877016799078385,-0.3959316989037367,0
RELIANCE,2026-05-07,1436.199951171875,1449.5,1430.300048828125,1438.800048828125,19816903,-0.0011823306303094805,1441.114292689732,1399.4571620396205,1374.7200073242188,0.018391475281281627,0.39341873095263846,0
RELIANCE,2026-05-08,1435.199951171875,1442.800048828125,1417.5,1426.0,8663105,-0.0006962818785671843,1442.5142822265625,1404.5928693498884,1375.6333374023438,0.01836598887930927,-0.5628426399422756,0
RELIANCE,2026-05-11,1388.199951171875,1428.0,1382.0,1420.0,15261787,-0.03274805016654536,1436.4285539899554,1407.0857195172991,1374.8466674804688,0.01935291594033466,0.7616994137783162,0
RELIANCE,2026-05-12,1364.0,1393.5,1360.300048828125,1392.0,24357500,-0.01743261203218327,1426.8856898716517,1407.221435546875,1373.2100016276042,0.019598912876550904,0.5959795533773338,0
RELIANCE,2026-05-13,1358.800048828125,1372.4000244140625,1352.4000244140625,1361.4000244140625,13797989,-0.0038122809177969508,1411.9857003348213,1408.3214372907366,1373.566670735677,0.01767761704618316,-0.4335219542235451,1
RELIANCE,2026-05-14,1361.800048828125,1378.0,1358.4000244140625,1365.199951171875,17303059,0.0022078303592845128,1397.4428536551338,1410.750008719308,1374.1633382161458,0.017667675274013535,0.2540275977897939,0
RELIANCE,2026-05-15,1336.4000244140625,1364.800048828125,1329.199951171875,1356.800048828125,19976192,-0.018651801662013523,1382.9428536551338,1408.6500069754463,1373.0700073242188,0.017658929436137706,0.15448904150416398,0
RELIANCE,2026-05-18,1335.9000244140625,1342.0,1318.699951171875,1334.0,13022473,-0.0003741394723628666,1368.614292689732,1404.864292689732,1372.583341471354,0.017487418399182705,-0.34810032863120255,0
RELIANCE,2026-05-19,1322.699951171875,1344.0,1318.4000244140625,1338.699951171875,21665501,-0.009881033760724134,1352.5428641183037,1397.528573172433,1373.1833414713542,0.016407582203590013,0.663700972925803,1
RELIANCE,2026-05-20,1359.699951171875,1362.9000244140625,1312.5999755859375,1318.699951171875,13248515,0.027973086388352053,1348.471435546875,1392.449994768415,1375.0200073242188,0.017150855364122943,-0.38849717807125717,0
RELIANCE,2026-05-21,1349.5999755859375,1370.9000244140625,1345.199951171875,1367.199951171875,17150630,-0.007428091452994945,1346.4142892020088,1386.6499895368304,1375.0800048828125,0.016143387375324985,0.29453225512444225,1
RELIANCE,2026-05-22,1354.5,1367.4000244140625,1349.0999755859375,1350.0,7105813,0.0036307235497208268,1345.7999965122767,1378.8928484235491,1375.8966715494792,0.015953855801497576,-0.5856821003076855,1
RELIANCE,2026-05-25,1367.0,1371.0999755859375,1357.0,1366.800048828125,6750071,0.009228497600590524,1346.5428466796875,1371.9928501674108,1376.4566731770833,0.01580404449678889,-0.05006351841794876,0
RELIANCE,2026-05-26,1356.300048828125,1368.5,1352.4000244140625,1360.0999755859375,13769747,-0.007827323461503277,1349.385707310268,1366.1642804827009,1377.830008951823,0.015084095481217365,1.0399410613606879,1
RELIANCE,2026-05-27,1358.699951171875,1361.0,1350.5,1353.0,4446189,0.0017694479520395934,1352.6428397042412,1360.6285661969866,1378.3166748046874,0.014559862406793434,-0.6771045248689028,0
INFY,2024-05-27,1385.2537841796875,1393.0210346021652,1374.8033247785525,1385.7245266295347,5821844,0.0,,,,,,0
INFY,2024-05-28,1381.2054443359375,1389.6316880724814,1374.8504213721912,1389.1609456307224,6186922,-0.0029224535532652585,,,,,0.0627083102879431,0
INFY,2024-05-29,1366.0474853515625,1379.7461367746178,1365.1531206572472,1379.652011269009,7401634,-0.010974441960488135,,,,,0.19633543141484577,0
INFY,2024-05-30,1343.9224853515625,1365.011768697552,1338.3678167520543,1358.3743695494225,9663150,-0.016196362306033607,,,,,0.3055428031161769,1
INFY,2024-05-31,1351.076904296875,1379.7424895610318,1344.4506597427835,1353.8618612517012,37113815,0.00532353541464925,,,,,2.8407574134728324,0
INFY,2024-06-03,1350.11669921875,1382.8636553906256,1348.29206400586,1382.8636553906256,10589244,-0.0007106960936651419,,,,,-0.714681877893717,0
INFY,2024-06-04,1338.3526611328125,1358.8555105856897,1304.4532506211224,1353.09357909204,13736134,-0.008713349070302412,1359.4250662667412,,,,0.29717796662349083,1
INFY,2024-06-05,1373.3563232421875,1380.9428896837226,1344.594729280313,1344.594729280313,9233424,0.02615428887013027,1357.7254289899554,,,,-0.32780038400906686,1
INFY,2024-06-06,1413.833984375,1415.8026912541518,1380.4627967662166,1387.6171483700416,12660930,0.029473531703158917,1362.3866489955358,,,,0.3712063910419363,1
INFY,2024-06-07,1472.749755859375,1478.607696455328,1418.6356360706318,1422.2368434730788,24075302,0.041670926102698846,1377.6298304966517,,,,0.9015429356295313,0
INFY,2024-06-10,1440.242919921875,1469.1006429210506,1437.8901779119085,1464.7791939197848,6810606,-0.022072205959071223,1391.389892578125,,,,-0.7171123336272168,0
INFY,2024-06-11,1436.4014892578125,1446.6768867495505,1434.67286293827,1440.530920339611,4853054,-0.00266721023997174,1403.5791190011162,,,,-0.28742699254662507,0
INFY,2024-06-12,1426.2701416015625,1448.8857708643502,1423.9173996680136,1447.205207418443,9564320,-0.007053284010088867,1414.4581821986608,,,,0.9707837580212377,1
INFY,2024-06-13,1434.6729736328125,1445.284578391458,1430.2555159747842,1435.6813586014816,7307565,0.005891473000910308,1428.218226841518,1393.8216465541295,,,-0.23595561419944122,0
INFY,2024-06-14,1429.8233642578125,1444.0360586769375,1427.0864701658527,1444.0360586769375,4237727,-0.0033802890722336443,1436.284946986607,1397.0051879882812,,,-0.4200904131540397,1
INFY,2024-06-18,1438.7542724609375,1447.2051523581276,1436.0654413858667,1437.6019330325926,5420939,0.006246161887109025,1439.8449881417412,1401.1158185686384,,,0.2792091137536703,1
INFY,2024-06-19,1451.382568359375,1455.51199967115,1437.313828223679,1445.2845473689924,5493456,0.008777243022074499,1436.7925327845983,1407.211181640625,,,0.0133772027318515,1
INFY,2024-06-20,1455.2718505859375,1457.2885031581282,1439.618556511379,1456.1361637531038,7927010,0.0026797085147294286,1438.9395228794642,1415.1647077287946,,,0.4429914429095272,1
INFY,2024-06-21,1471.885498046875,1495.94161129154,1463.2425999556383,1483.6975056622882,17301941,0.011416181419470428,1444.0086669921875,1423.7938929966517,,,1.182656638505565,0
INFY,2024-06-24,1466.5556640625,1468.428244941943,1455.271881344855,1464.0588504809766,5564989,-0.003621092803378745,1449.7637416294642,1432.1109619140625,,,-0.6783604221052424,1
INFY,2024-06-25,1480.768310546875,1482.6410085926725,1460.0253808999469,1465.451223093983,4551525,0.009691174247695944,1456.3487897600446,1442.2835083007812,,,-0.1821142862995776,0
INFY,2024-06-26,1479.5679931640625,1487.3946405637594,1474.0942048965353,1479.8561366420593,4851004,-0.000810604450583674,1463.4551653180804,1449.8700561523438,,,0.06579750742882884,1
INFY,2024-06-27,1510.9224853515625,1515.7721579895249,1471.261259972567,1477.4072265440695,14757754,0.021191653463960236,1473.7649100167412,1456.8049490792412,,,2.0422061082613,0
INFY,2024-06-28,1504.58447265625,1525.4714758668922,1502.1836676895095,1510.15438706981,8197544,-0.004194796726344152,1481.3651820591517,1459.078857421875,,,-0.4445263147766252,1
INFY,2024-07-01,1527.68017578125,1536.4190819140294,1497.6220524294586,1497.6220524294586,6801771,0.015350220306491691,1491.709228515625,1465.3243756975446,,,-0.17026721662000233,1
INFY,2024-07-02,1556.72998046875,1568.9740856185726,1523.550809426941,1532.86588566981,10493173,0.019015632426233386,1503.829868861607,1473.9192679268974,,,0.5427118907708006,1
INFY,2024-07-03,1562.8280029296875,1571.086748455425,1542.2770892539197,1560.5232067482063,7269965,0.0039171998596065905,1517.5830601283483,1483.6734008789062,,,-0.3071719107270985,1
INFY,2024-07-04,1585.1553955078125,1594.13438198508,1563.4040806456085,1563.5960981382616,8008311,0.01428653219437459,1532.4955008370537,1494.4221452985491,,,0.1015611491939783,0
INFY,2024-07-05,1582.0823974609375,1599.7523453204356,1568.5418810019864,1585.9236853770542,7065022,-0.0019386099656750755,1547.140415736607,1505.2977905273438,,,-0.11778875720485882,1
INFY,2024-07-08,1595.718994140625,1599.8963711842514,1574.9280004454815,1577.904975049744,5880533,0.008619397258684325,1559.2542027064733,1516.509556361607,1453.7738159179687,0.013649037695830545,-0.16765538734345065,0
INFY,2024-07-09,1591.3974609375,1600.6165277373964,1585.491457803775,1594.0383461640054,5191182,-0.002708204401272063,1571.6560581752233,1526.5106201171875,1460.6452718098958,0.013690873469281425,-0.1172259385331228,0
INFY,2024-07-10,1582.8507080078125,1607.5789990626895,1572.575309683498,1591.2535253565572,9852770,-0.005370596057538313,1579.537562779018,1535.6233956473213,1467.3667805989583,0.01374521456720089,0.8979820010163388,1
INFY,2024-07-11,1587.1241455078125,1598.9361531696993,1576.896809841057,1590.2932550444575,8857679,0.002699836111125453,1583.8795863560267,1543.854727608817,1474.7360026041667,0.013432631998931273,-0.10099606506596626,1
INFY,2024-07-12,1643.8310546875,1651.5136300854847,1600.520559326722,1613.340833576749,17078316,0.03572934690722862,1595.451450892857,1556.5172555106026,1484.7329549153646,0.013930234061369454,0.9280802566902684,0
INFY,2024-07-15,1639.3175048828125,1659.436201288973,1635.092065184172,1657.707575021914,6942230,-0.0027457504174877023,1603.1888950892858,1567.8421979631696,1494.340974934896,0.014037809307002394,-0.5935061747305765,1
INFY,2024-07-16,1657.563720703125,1668.943512173137,1632.547287437264,1650.4092519603355,6886281,0.011130373320583198,1613.9719412667412,1580.5561785016741,1504.589208984375,0.013992701798584075,-0.00805922592596331,1
INFY,2024-07-18,1688.2940673828125,1695.3524103380762,1650.7934479826547,1650.7934479826547,11248896,0.018539466263566506,1627.1969517299108,1593.225577218192,1516.2539225260416,0.013824009417260315,0.6335226517767718,1
INFY,2024-07-19,1721.8092041015625,1770.8336868455729,1715.5671113876276,1770.8336868455729,29819116,0.019851480477393935,1645.8272007533483,1608.7416294642858,1527.8690185546875,0.013582231966899953,1.6508482254614143,1
INFY,2024-07-22,1738.9990234375,1750.6669588687384,1721.80923665492,1728.7236252048558,8462126,0.009983579652721897,1668.1341029575892,1623.8358328683037,1538.707853190104,0.01295416340153782,-0.7162180797043078,1
INFY,2024-07-23,1764.015380859375,1766.9442924167647,1712.494085746934,1738.182697435553,7113056,0.014385492507307474,1693.4042794363838,1638.6419328962054,1548.4167073567708,0.01128682981946643,-0.15942447559868522,0
INFY,2024-07-24,1761.182373046875,1769.249100779416,1747.4017766683005,1764.5915628208677,6002845,-0.0016059994959453094,1710.1687534877233,1652.81010219029,1559.1146891276042,0.010079595850979133,-0.1560807337943072,0
INFY,2024-07-25,1752.443603515625,1758.253598590097,1740.103489083107,1747.7860651938493,5815599,-0.00496187655803737,1726.329624720982,1664.7592599051338,1569.6494262695312,0.010162102122527918,-0.031192876044608853,1
INFY,2024-07-26,1804.348876953125,1808.2861733754448,1752.9235913028444,1752.9235913028444,11369047,0.029618798193203677,1747.2989327566963,1680.6354370117188,1582.25205078125,0.010644805581760277,0.9549227861136917,0
INFY,2024-07-29,1796.8583984375,1827.4926924499405,1790.040135957272,1818.4656425678857,4635931,-0.004151347121003401,1762.8081229073662,1695.0025373186384,1594.3248982747396,0.010866495337530596,-0.5922322249173568,1
INFY,2024-07-30,1802.6683349609375,1805.3571660297775,1786.1987904104494,1796.8583403917328,2721265,0.003233385851934445,1774.3594273158483,1710.0933140345983,1606.7530639648437,0.010702146168256895,-0.41300571557255705,0
INFY,2024-07-31,1794.1214599609375,1810.350924152097,1791.048476651269,1802.5242769151237,5004209,-0.004741235442062175,1782.2340611049108,1725.18408203125,1618.5986368815104,0.01094275412187601,0.838927484092876,0
INFY,2024-08-01,1779.092529296875,1793.7855029159562,1771.8901142339544,1782.453656326238,7475014,-0.008376763223371553,1784.387939453125,1738.8961094447545,1629.5223022460937,0.011312521947715619,0.49374536515161527,0
INFY,2024-08-02,1748.938232421875,1785.7186088193323,1744.0886770658112,1769.8732971519382,7400938,-0.016949257207503066,1782.6387765066963,1746.40376499721,1639.311181640625,0.01210328134224597,-0.00990981421573256,0
INFY,2024-08-05,1682.3880615234375,1726.178719359178,1650.3613476722037,1714.1266318965754,10736703,-0.03805175601100608,1772.6308419363838,1749.480233328683,1646.3279337565104,0.014502352000594578,0.4507219220050216,0
INFY,2024-08-06,1681.619873046875,1725.6506144088737,1675.617860395926,1690.3587800212945,7690163,-0.0004566059960428026,1755.0981270926338,1751.198529924665,1653.4967407226563,0.014452162407152079,-0.2837500487812693,1
INFY,2024-08-07,1720.5609130859375,1726.5629255103806,1692.183351452448,1724.7382902879888,5094329,0.023156862417727186,1744.198486328125,1753.5033046177455,1661.4898274739583,0.014817883784494517,-0.3375525330217318,0
INFY,2024-08-08,1673.9852294921875,1709.3250068929765,1658.5720153140558,1709.3250068929765,6227910,-0.02707005793256889,1725.815185546875,1750.0873064313616,1667.9704020182292,0.01591534008790212,0.22251821584353904,1
INFY,2024-08-09,1700.489990234375,1710.093209154236,1686.32524232758,1700.970151180368,4258524,0.015833330112612787,1712.4392613002233,1747.336661202567,1674.2893188476562,0.015747796488726217,-0.31621940586810027,1
INFY,2024-08-12,1726.0826416015625,1731.9405818653124,1697.9451624687292,1702.6988263064616,4315329,0.015050162902552566,1704.866420200893,1744.6271798270088,1681.6725911458334,0.015791533640245183,0.013339128768559139,1
INFY,2024-08-13,1726.130615234375,1738.1827024097588,1718.0640047615366,1738.1827024097588,4176918,2.779335800973115e-05,1701.608189174107,1742.1234828404017,1688.2876057942708,0.015682912777696945,-0.03207426363088428,1
INFY,2024-08-14,1750.9071044921875,1752.5876680094568,1726.130749746865,1730.5002617824882,7450718,0.01435377429676632,1711.3966238839287,1742.0137329101562,1694.7601765950521,0.015553595027623743,0.7837836414313137,1
INFY,2024-08-16,1785.1904296875,1787.9753867685558,1756.908995346757,1776.5955951852964,7335657,0.01958032216977923,1726.192417689732,1740.645272391183,1702.172257486979,0.015810004807142296,-0.015442941203787308,1
INFY,2024-08-19,1790.8084716796875,1793.449357119504,1775.827355039649,1786.1988792940135,2585989,0.0031470267254183337,1736.227783203125,1740.213134765625,1709.0273600260416,0.015704270091179005,-0.6474768381346074,1
INFY,2024-08-20,1797.9146728515625,1810.8790189238416,1794.0733851264426,1805.405230806265,3870333,0.003968152532364266,1753.9319893973213,1739.8735874720983,1716.221769205729,0.01566170487285123,0.4966548581606496,1
INFY,2024-08-21,1798.394775390625,1804.444850251852,1793.0169961955314,1800.6995713961778,1966902,0.00026703299456420915,1767.9183872767858,1740.1788242885045,1722.977628580729,0.015658177653081067,-0.49180031795713697,1
INFY,2024-08-22,1805.6453857421875,1818.513723597305,1795.51394205871,1809.2465931329775,4300287,0.004031712308543378,1779.2844935825892,1742.0754568917412,1730.1192260742187,0.015605206134611343,1.1863249922975316,0
INFY,2024-08-23,1788.2154541015625,1807.9020537953015,1783.3178356718945,1803.67661383031,5015935,-0.009653020342895613,1788.1537562779017,1744.8809727260045,1736.964717610677,0.015716258101332706,0.16641865996385818,1
INFY,2024-08-26,1801.7080078125,1813.8080406542315,1790.0400729474454,1795.8020045127269,3728589,0.0075452617747990836,1795.4110281808037,1753.4038260323662,1744.1175130208333,0.01572526710632395,-0.256651252458415,1
INFY,2024-08-27,1824.707763671875,1827.2526403543604,1799.5473747842314,1801.7080992308468,3830679,0.012765529020043465,1801.056361607143,1763.6243896484375,1750.1467366536458,0.014668846103709148,0.02738033073637247,1
INFY,2024-08-28,1862.1602783203125,1873.588133022963,1822.1148997127973,1831.2379582795415,6514531,0.020525212526674164,1811.249476841518,1773.7386300223213,1757.5748291015625,0.01493511906711719,0.7006204383087176,0
INFY,2024-08-29,1856.638427734375,1873.1079727033768,1844.6824662886909,1856.3023384955793,7228284,-0.0029652928645423904,1819.6385846819196,1786.7852870396205,1764.2106526692708,0.014936694999705815,0.10956322105152316,1
INFY,2024-08-30,1866.5777587890625,1872.6278340667684,1851.5007508106305,1861.1039704725115,13466759,0.005353401559622162,1829.3790108816963,1798.6486990792412,1770.1534423828125,0.014682782624952843,0.8630644562388528,1
INFY,2024-09-02,1886.552490234375,1897.356112283312,1865.713550595146,1866.241657337013,5573739,0.010701258681165893,1840.9371686662946,1810.110831124442,1775.6448852539063,0.014423208526106911,-0.5861113279000538,0
INFY,2024-09-03,1864.22509765625,1888.9533893572925,1859.6155051280512,1888.9533893572925,4694322,-0.011835023246743126,1851.795689174107,1819.9747227260045,1779.8190877278646,0.014615638045289495,-0.15777864733171032,0
INFY,2024-09-04,1846.1708984375,1850.7324277310104,1824.6597803927025,1844.8744872415468,4778310,-0.009684559681901184,1858.1475306919642,1826.7792794363838,1782.5576049804688,0.01459703220265322,0.017891401569811283,1
INFY,2024-09-05,1856.4464111328125,1863.024593080546,1833.8307821972223,1849.8201661965988,4081810,0.005565851300120217,1862.6816231863838,1831.8689923967634,1785.7330729166667,0.014601072703124836,-0.14576283246587185,0
INFY,2024-09-06,1826.3883056640625,1859.6634851962024,1821.5866958391305,1845.7388167038991,5848106,-0.01619120556806619,1857.5713413783483,1834.410409109933,1788.1978963216145,0.014922413339301843,0.4327237181544461,0
INFY,2024-09-09,1819.4739990234375,1844.634387126065,1814.0481565814205,1815.0084785277315,4772612,-0.0037857812707090543,1852.2621372767858,1835.9503609793526,1788.7020670572917,0.013966533560713775,-0.18390466930660965,1
INFY,2024-09-10,1836.4237060546875,1858.2229673598688,1820.7704114285848,1829.317300201853,6909600,0.009315718191272415,1847.9544154575892,1838.666713169643,1790.0209106445313,0.014032365407791412,0.4477606811532133,0
INFY,2024-09-11,1834.3590087890625,1849.5800883553493,1829.4133272673623,1838.7284033553788,5312946,-0.001124303317811548,1840.4982038225446,1840.7176862444196,1791.077266438802,0.014029097569172807,-0.23107763112191737,1
INFY,2024-09-12,1873.0599365234375,1878.773922571952,1834.9832642548035,1848.6197893164424,8555092,0.021097793588357172,1841.7603236607142,1846.7780064174108,1793.7085489908854,0.014471207157196277,0.6102350748530101,0
INFY,2024-09-13,1866.9619140625,1880.886582594913,1858.8472403257117,1873.0599351123683,3843127,-0.0032556472657548907,1844.73046875,1851.438999720982,1796.6375284830729,0.014380135620798422,-0.5507789980516866,1
INFY,2024-09-16,1872.867919921875,1874.548483367517,1856.3504289468576,1868.5464710616527,1570181,0.003163431355984958,1847.0763985770088,1854.8790108816963,1800.7685180664062,0.013942455605019274,-0.5914314046868605,1
INFY,2024-09-17,1875.07666015625,1880.742465848968,1865.089288485256,1870.467067930622,2793127,0.0011793358254901243,1854.0318777901787,1855.8016095842634,1807.1914713541667,0.011674971539254259,0.7788567050550224,0
INFY,2024-09-18,1817.0731201171875,1861.824097546446,1806.6536508696367,1861.824097546446,6385468,-0.0309339566064617,1853.6888950892858,1852.9755161830358,1811.7065795898438,0.0132656122381366,1.2861359329525652,1
INFY,2024-09-19,1819.0418701171875,1848.5238256038056,1804.253005223771,1834.791174229284,7976570,0.0010834731845426049,1851.205775669643,1849.5800955636162,1814.989278157552,0.012689836111465283,0.24917547155509978,1
INFY,2024-09-20,1830.1336669921875,1839.0166455673825,1793.305341425795,1829.4134254860903,15242974,0.006097603940411478,1850.6021554129463,1845.5501796177455,1820.1942260742187,0.011460991554906555,0.9109684989914211,0
INFY,2024-09-23,1821.2025146484375,1842.761812755645,1803.9167195535472,1833.2546020080952,3636672,-0.004880054667497746,1843.1939522879463,1842.4771379743304,1824.2179768880208,0.011286344611935126,-0.7614197859289139,1
INFY,2024-09-24,1823.2672119140625,1835.0792186672709,1797.1465020357018,1813.087822795001,7277616,0.0011336999861455421,1836.9518519810267,1840.8411603655134,1827.4574625651042,0.011029436357897717,1.0011747003854072,0
INFY,2024-09-25,1820.0982666015625,1826.1482246431408,1802.3323102544668,1811.5033146813455,4268341,-0.0017380586300201895,1829.413330078125,1838.244864327567,1830.589717610677,0.011044399680057134,-0.41349735957489375,1
INFY,2024-09-26,1824.8519287109375,1841.8495816692773,1817.8895940269988,1822.4991866395028,8952803,0.002611761242018451,1822.2383684430804,1838.1351231166295,1833.0545450846355,0.010790319321553965,1.0974901021263297,1
INFY,2024-09-27,1831.0938720703125,1896.2516927156676,1827.7808082445556,1855.4380099764576,14908931,0.0034205204604103034,1824.2413330078125,1838.9651140485491,1834.5846598307292,0.01024278246664367,0.6652808064692142,0
INFY,2024-09-30,1801.179931640625,1825.8122145485347,1796.282312853667,1805.40537191387,6986955,-0.01633665039568155,1821.6896275111608,1836.4477015904017,1834.9303751627604,0.010702605872115974,-0.5313577479163328,1
INFY,2024-10-01,1828.7890625,1833.2065199774477,1800.6036370139675,1800.6036370139675,4029072,0.015328358024857103,1821.4975411551338,1836.04984828404,1835.959521484375,0.011034586432804536,-0.4233436454077635,0
INFY,2024-10-03,1818.2735595703125,1835.991452228292,1806.3655442331449,1814.528280610594,7503887,-0.0057499813102078745,1821.0791190011162,1832.1365356445312,1836.6221476236979,0.01109586391862881,0.8624355682896707,1
INFY,2024-10-04,1842.04150390625,1876.565029844856,1811.1671309069884,1814.5763205944831,10001483,0.01307170981552086,1823.7611607142858,1830.3565063476562,1837.8353515625,0.0113176892378659,0.33284029996720377,1
INFY,2024-10-07,1857.55078125,1864.9452133204372,1840.0249057901144,1846.8911139011775,6112575,0.008419613407657067,1829.1115199497767,1829.2624250139509,1840.1465291341146,0.011226718440789629,-0.3888331360459244,1
INFY,2024-10-08,1871.2353515625,1880.2622839615103,1830.7096956078071,1861.007899519078,5637391,0.0073669966122225095,1835.7377232142858,1828.988045828683,1842.4641072591146,0.01122336199513413,-0.07773875985161738,1
INFY,2024-10-09,1875.2686767578125,1898.5564839074104,1867.922190438456,1875.07665925967,4857163,0.0021554344791234747,1842.0484095982142,1833.1448713030134,1844.1494710286458,0.011015635501840933,-0.13840232121561202,0
INFY,2024-10-10,1842.85791015625,1886.0723999723164,1838.1523089309171,1880.214459242611,4782119,-0.01728326559455906,1848.002406529018,1834.8460170200892,1843.5060587565104,0.01086299540835477,-0.01545017122134873,1
INFY,2024-10-11,1858.319091796875,1869.7469471224404,1834.3110416283791,1841.8976089269856,4709431,0.008389784993957594,1852.220982142857,1836.8592616489955,1843.562080891927,0.010963917790205493,-0.015199956337347498,1
INFY,2024-10-14,1881.1746826171875,1891.354071794841,1854.477685639696,1855.4860705732617,3751378,0.012299066893949107,1861.2068568638392,1841.1429879324776,1844.0486450195312,0.011150671759283535,-0.2034328563259553,1
INFY,2024-10-15,1881.558837890625,1912.433094709219,1874.3083602991192,1882.2310163628915,5353705,0.00020421031443129678,1866.8521902901787,1845.306675502232,1843.8821899414063,0.010977027622985948,0.42713024387305154,0
INFY,2024-10-16,1843.914306640625,1881.799081066025,1840.313099027572,1877.4295689381304,3111512,-0.020007097568207066,1864.9041224888392,1847.007821219308,1843.2051635742187,0.011374293292254097,-0.4188114586067032,1
INFY,2024-10-17,1890.0096435546875,1899.516854492198,1853.5654717255,1858.415027332384,8162822,0.024998632934326803,1867.5861642020088,1851.6619437081474,1844.666455078125,0.012125590436772636,1.6234261670853272,0
INFY,2024-10-18,1805.0211181640625,1859.9995499352583,1795.0818094027522,1818.657760223304,10526196,-0.04496724431034149,1857.5507986886162,1849.799604143415,1842.9522786458333,0.014687695213525984,0.28952903787440176,0
INFY,2024-10-21,1779.2364501953125,1823.4593218230411,1765.071701772492,1816.0647726492864,4654601,-0.014284967477264932,1848.4620186941963,1848.232212611607,1841.3805501302083,0.014622931642230648,-0.5578078728535931,0
INFY,2024-10-22,1778.1319580078125,1803.2924614363872,1773.6664378494722,1784.4700589292672,4125240,-0.0006207675137156476,1837.0067138671875,1844.6138480050224,1840.0024820963542,0.014611814030849208,-0.1137285451534944,1
INFY,2024-10-23,1799.0672607421875,1811.167294513619,1770.8337704576425,1772.0341729593083,4311910,0.0117737621440821,1825.2770821707588,1843.2419695172991,1838.7572672526042,0.014676438549750974,0.04525070056530045,0
INFY,2024-10-24,1789.4158935546875,1809.2465653946333,1786.198838446931,1787.5433126309072,2906475,-0.005364650559823159,1812.113804408482,1839.4829973493304,1837.2591634114583,0.014702261848019767,-0.3259425637362561,0
INFY,2024-10-25,1788.1676025390625,1801.900136615198,1773.1385399992107,1789.5119595392343,4689120,-0.0006975969198224075,1804.1499895368304,1834.527056012835,1834.4294189453126,0.014113638422768192,0.6133357417490259,1
INFY,2024-10-28,1791.336669921875,1807.2300463621357,1783.3180044404317,1785.9108270230458,7018940,0.0017722429252786664,1790.0538504464287,1828.8200073242188,1831.9085774739583,0.014121276152168584,0.4968565530419353,0
INFY,2024-10-29,1786.4317626953125,1798.378144066303,1776.4277753656768,1792.9391324904534,4621252,-0.002738126957885778,1787.398228236607,1822.4745134626116,1829.0273722330728,0.014098331980294048,-0.3416025781670736,0
INFY,2024-10-30,1750.301025390625,1786.1404080241402,1744.7163014394891,1779.3416136488445,5919715,-0.020225086711498363,1783.2645961216517,1815.8633074079241,1824.868184407552,0.014495312728637497,0.2809764539999118,0
INFY,2024-10-31,1706.740234375,1736.5092654474463,1696.2992285309076,1736.5092654474463,7395236,-0.024887599552141815,1773.0657784598213,1805.0362461635045,1821.1904215494792,0.014119021489752292,0.24925541178925004,1
INFY,2024-11-01,1710.236572265625,1715.2385657478123,1701.6895882617994,1713.7816813488191,371966,0.002048547177951443,1760.3756801060267,1792.826381138393,1817.5635782877605,0.014127359010289237,-0.9497019432510335,1
INFY,2024-11-04,1712.9561767578125,1716.2098616116575,1668.618303479812,1674.9314693544443,7336722,0.0015901919864715897,1749.4528634207588,1780.7833339146205,1813.6576619466146,0.01406257058946711,18.72417371480189,0
INFY,2024-11-05,1703.7777099609375,1717.6181118779048,1694.842199656711,1709.4110437798347,3160880,-0.005358261303711531,1737.3971644810267,1770.7735770089287,1809.7435017903647,0.014066093406403262,-0.5691699917210984,1
INFY,2024-11-06,1771.2801513671875,1774.679548579323,1711.985022561022,1713.296194916247,10421494,0.039619277216508264,1734.531947544643,1762.2928989955358,1808.0105997721355,0.015995900201691282,2.297022980942016,0
INFY,2024-11-07,1751.2237548828125,1773.22261567757,1735.6350435250165,1760.8390975998177,4550965,-0.011323108018172157,1729.502232142857,1758.450230189732,1805.7147827148438,0.016109784297210692,-0.5633097327504099,1
INFY,2024-11-08,1777.3504638671875,1787.694367437014,1761.0334287500186,1765.7439982122546,4210960,0.014919115225297652,1733.3664376395088,1758.3155168805804,1804.1314005533854,0.01636382784721919,-0.0747105284263887,1
INFY,2024-11-11,1806.6337890625,1814.306737413767,1770.163186757311,1776.427742360696,3804234,0.01647583062014535,1747.6369454520088,1760.351361955915,1803.316064453125,0.016649631710937095,-0.0965874764899215,1
INFY,2024-11-12,1815.083740234375,1826.9330191433785,1807.5078940062876,1817.3175584882076,5012450,0.0046771798595994785,1762.6151123046875,1761.495396205357,1803.7795247395834,0.016392336626914857,0.31759770823771616,0
INFY,2024-11-13,1814.6953125,1819.3572716489664,1802.943134866599,1807.605094015565,4257495,-0.0002139998975060342,1777.1492745535713,1763.301068987165,1803.3097330729167,0.016147604796983902,-0.15061596624405227,0
INFY,2024-11-14,1810.9559326171875,1822.0767695268305,1802.6516440521305,1811.975680567675,4311431,-0.002060610316814593,1792.46044921875,1764.9288068498884,1803.065812174479,0.01611735871624804,0.01266848228829387,0
INFY,2024-11-18,1759.3822021484375,1796.047127993138,1743.4050832115963,1796.047127993138,4839244,-0.028478732993914346,1790.7607421875,1762.6463448660713,1800.3105021158854,0.01672828935915068,0.12242176669416716,1
INFY,2024-11-19,1772.2999267578125,1806.24528689049,1768.2206977377823,1773.0283689800722,4669769,0.007342193523158791,1793.7716238839287,1761.636928013393,1797.4688069661458,0.016707639182593634,-0.03502096608478511,1
INFY,2024-11-21,1781.3326416015625,1813.3354888516371,1768.26917339711,1789.0540816629436,5436504,0.005096606227521727,1794.3405064174108,1763.85347202846,1794.472049967448,0.01667152419790546,0.16419120517524521,1
INFY,2024-11-22,1847.572265625,1859.0331371970144,1781.2840242640295,1800.80625185363,6301486,0.037185432117766926,1800.1888602120537,1773.9129028320312,1793.5488362630208,0.018102102191290725,0.15910629330908255,0
INFY,2024-11-25,1835.383056640625,1864.1323391283015,1827.904430253904,1860.927145784527,12764638,-0.006597419333014054,1803.0887625558037,1782.8519374302455,1793.2996744791667,0.01786068128080185,1.025655218467517,1
INFY,2024-11-26,1868.8427734375,1882.8773790978912,1842.7645663309452,1850.194581938472,6850495,0.018230372496800484,1810.8241141183037,1793.9866943359375,1793.6504638671875,0.018108363828896055,-0.4633224224611775,1
INFY,2024-11-27,1869.1827392578125,1885.5969943515,1856.7992214996743,1874.621750796134,4447143,0.00018191247821630618,1819.1422293526787,1805.8013392857142,1793.250732421875,0.017967164916976554,-0.3508289546959745,0
INFY,2024-11-28,1803.282958984375,1859.8586361338637,1798.4266776839895,1859.8586361338637,8468790,-0.03525593238658087,1825.4137660435267,1808.0872541155134,1790.6415364583333,0.019081255068455153,0.9043214935971251,1
INFY,2024-11-29,1804.448486328125,1823.0480681141644,1791.9678666332622,1797.8925063282472,5244346,0.0006463363599944483,1830.0064174107142,1811.8890206473213,1789.3260091145833,0.018750474586578022,-0.38074435663182105,1
INFY,2024-12-02,1825.7677001953125,1828.6814691911163,1782.4495729417774,1805.5655210664468,2868263,0.011814808806523525,1836.354282924107,1815.3473946707588,1787.1846110026042,0.01827960633093798,-0.4530751784874606,1
INFY,2024-12-03,1837.7139892578125,1845.144123534693,1817.3662175546283,1832.760605927078,4715792,0.0065431593850751035,1834.9459577287946,1817.5674089704241,1788.2743733723958,0.016320585320637754,0.6441281709522453,0
INFY,2024-12-04,1834.9459228515625,1858.935905488834,1821.1055208927776,1829.8468273930628,4705573,-0.0015062552837005194,1834.883510044643,1818.9861363002233,1790.1313557942708,0.016080260588569407,-0.002166974285549461,1
INFY,2024-12-05,1879.2352294921875,1893.8526842407528,1834.654541582606,1845.386971128795,9050038,0.024136573230342462,1836.3681466238838,1823.5961303710938,1793.50146484375,0.0166125607928253,0.9232595052717278,0
INFY,2024-12-06,1867.1431884765625,1882.2461532385448,1857.4306251975145,1877.2442779990856,3573331,-0.0064345542409252054,1836.0767822265625,1827.6095057896205,1795.770662434896,0.01657491693730351,-0.6051584534783169,1
INFY,2024-12-09,1868.357177734375,1874.7188352688952,1842.6673778401905,1868.8912975545852,4274645,0.0006501854090810166,1845.3730991908483,1835.3934326171875,1798.4020385742188,0.016526937019906783,0.19626337442571096,1
INFY,2024-12-10,1892.54150390625,1909.101352624084,1876.4671647750904,1883.2659588503625,6174921,0.012944166383218825,1857.9578159877233,1843.9821166992188,1801.8811686197917,0.0166495606941048,0.44454592135721205,1
INFY,2024-12-11,1917.4056396484375,1921.1449526741417,1895.8922889888397,1898.806057875605,5025612,0.01313796061585304,1871.0489501953125,1853.70161655971,1806.0834676106772,0.01677243491318285,-0.1861252961778782,1
INFY,2024-12-12,1929.88623046875,1941.347102009896,1913.9091120699152,1918.425358927604,6462130,0.006509103009940453,1884.2164132254463,1859.5811854771205,1810.865283203125,0.01675961677719441,0.2858394161745872,1
INFY,2024-12-13,1942.22119140625,1948.777171484316,1897.6406217246504,1913.132112410419,5362693,0.0063915482388325895,1899.5414515904017,1867.2124808175224,1817.2626220703125,0.016198539816124582,-0.17013538879595425,0
INFY,2024-12-16,1923.1361083984375,1942.1240981650324,1920.756459296608,1938.0933607570853,3119221,-0.009826420951567383,1905.8130057198662,1871.090576171875,1824.4758178710938,0.015503645951605166,-0.41834802029502716,0
INFY,2024-12-17,1919.7852783203125,1925.0300863243267,1901.7199339167669,1911.432497419917,5811050,-0.0017423780165594094,1913.3333042689733,1874.705043247768,1831.4607747395833,0.015536381679397552,0.8629811738251314,1
INFY,2024-12-18,1922.261962890625,1927.8951783904936,1905.216367108079,1910.266971091808,3064095,0.001290084155911142,1921.0339878627233,1883.2035435267858,1838.4376342773437,0.015538067672153695,-0.4727123325388699,0
INFY,2024-12-19,1890.259033203125,1903.4196039771016,1864.8121646312209,1878.4097533316565,5323592,-0.016648578760501076,1920.7079206194196,1889.3328683035713,1844.6536783854167,0.015904126006016393,0.7374108831482054,0
INFY,2024-12-20,1866.9002685546875,1923.038809987995,1856.3135514684031,1918.3768510152895,11056720,-0.012357441090417698,1913.4928676060267,1892.2709089006696,1847.841015625,0.014623396786953118,1.0769285099233752,1
INFY,2024-12-23,1868.988525390625,1884.2372017118137,1854.1282567360065,1874.5732490554924,2781793,0.0011185690371955381,1904.7931954520088,1894.5048043387276,1851.7665079752603,0.014411590460749609,-0.7484070321035533,0
INFY,2024-12-24,1854.1768798828125,1886.1797274213889,1787.111585198432,1871.6594932162752,2360544,-0.007924952618270753,1892.2154366629463,1895.8784441266741,1854.3273885091146,0.01432356503374401,-0.15143074987966398,0
INFY,2024-12-26,1852.5743408203125,1864.5693327398988,1847.6209572676305,1854.1769374713,3623321,-0.0008642859696327276,1882.1351841517858,1893.9740949358259,1855.858740234375,0.014046030292775393,0.5349516891021731,1
INFY,2024-12-27,1861.655517578125,1868.8428379280151,1849.1748978049127,1854.5168074679775,3937500,0.004901922993163943,1873.8309326171875,1893.5821184430804,1857.4111328125,0.014048155979495335,0.08671023075239548,0
INFY,2024-12-30,1851.2144775390625,1860.9270403802957,1832.2749799986575,1860.6356160704356,7789055,-0.005608470493319584,1863.6812918526787,1892.3576398577009,1858.628438313802,0.01409787709207189,0.9781726984126984,0
INFY,2024-12-31,1825.9617919921875,1842.473148621904,1792.0164326986576,1837.9082915665465,3613063,-0.013641145233719731,1854.4959716796875,1887.6019461495537,1859.1286336263022,0.014334347909822954,-0.5361358983856193,1
INFY,2025-01-01,1828.3900146484375,1838.5395957247829,1820.134335963438,1820.134335963438,1838368,0.0013298321284151982,1848.9945068359375,1881.243687220982,1861.4288940429688,0.013258073508020265,-0.49118850127993896,1
INFY,2025-01-02,1901.57421875,1906.2362966487788,1831.109641782825,1832.7607301511275,7083645,0.04002658268489534,1853.6496058872767,1879.221400669643,1865.738037109375,0.014995054980811813,2.8532247080018798,0
INFY,2025-01-03,1883.023193359375,1896.8149857004253,1866.754649973807,1896.8149857004253,6218003,-0.0097556146942398,1857.7705078125,1874.9929722377233,1869.1277221679688,0.015149306551715322,-0.12220290542510248,0
INFY,2025-01-06,1882.1490478515625,1916.288731426852,1872.5821967516329,1895.8923485784164,7164403,-0.0004642245039229165,1861.9954659598213,1872.0653250558037,1870.2802815755208,0.013612275886895168,0.15220320736416504,0
INFY,2025-01-07,1875.3502197265625,1902.254090611412,1868.357221729347,1889.0935202054077,4294832,-0.0036122687163170353,1863.9518519810267,1868.891392299107,1871.6125203450522,0.013567874098851903,-0.40053176796447665,1
INFY,2025-01-08,1877.5841064453125,1882.8774057609296,1834.460303784991,1874.5246254427705,5482050,0.0011911837561069394,1867.7189418247767,1865.7001168387276,1871.903898111979,0.013163986378908765,0.2764294389163535,0
INFY,2025-01-09,1862.1898193359375,1895.74665458795,1855.6338390718151,1878.4583629543145,6833503,-0.008198986696004718,1872.8943743024554,1863.6951729910713,1871.67080078125,0.013253862695710886,0.2465232896452969,1
INFY,2025-01-10,1910.4124755859375,1920.950700979764,1876.709930393327,1881.3233976824297,8036913,0.02589567172437679,1884.6118687220983,1866.803187779018,1875.2417846679687,0.012320667620921311,0.17610440794421245,0
INFY,2025-01-13,1905.799072265625,1925.8070469770787,1892.9785364775744,1899.777330605508,5804152,-0.0024148729027209104,1885.2154192243304,1869.4325125558037,1878.620137532552,0.012344901481144272,-0.27781325989219985,0
INFY,2025-01-14,1884.285888671875,1915.12327712042,1875.5930733895989,1912.2579998126723,5792162,-0.011288274775039686,1885.3958042689733,1871.5831560407366,1880.5707438151042,0.01242515962193709,-0.002065762578237096,1
INFY,2025-01-15,1893.60986328125,1901.7684398888912,1881.420549328485,1891.036010381721,2985439,0.004948280229359003,1887.0330636160713,1874.5142647879463,1882.4339396158855,0.012404576946781163,-0.48457260000669866,0
INFY,2025-01-16,1873.0191650390625,1910.41253260361,1861.7526156669912,1909.4412763032324,7533579,-0.010873780624752305,1886.7000558035713,1875.3259538922991,1883.7030476888021,0.012588275784512909,1.5234409411815149,0
INFY,2025-01-17,1763.2672119140625,1804.5942151264312,1759.9164250856263,1797.795420989787,16409953,-0.058596278764030174,1870.3690708705358,1869.0440063476562,1879.8374471028646,0.01591367564280045,1.1782413113342276,0
INFY,2025-01-20,1761.17919921875,1775.4080099966866,1741.60835991682,1770.5517282126625,4333011,-0.001184172586664256,1855.9389822823662,1864.4166782924108,1876.305314127604,0.01589204921832433,-0.7359522601923357,0
INFY,2025-01-21,1748.941162109375,1779.0016155615642,1741.5111463055791,1766.7638099629812,7169109,-0.006948774499950794,1832.8716517857142,1858.7417602539062,1872.3247802734375,0.015911829645099053,0.6545328410197897,1
INFY,2025-01-22,1803.0887451171875,1812.1700865447272,1753.2633671133483,1755.448693830049,8373913,0.03096020848551917,1818.1987479073662,1851.7070835658483,1869.3430216471354,0.016812713760904287,0.16805491449495324,1
INFY,2025-01-23,1811.8299560546875,1825.5247642701752,1799.446438649042,1804.5941442893445,5907471,0.004847909433837616,1807.847900390625,1846.6218523297991,1865.8238321940105,0.016631402292476085,-0.2945387658075741,1
INFY,2025-01-24,1821.5426025390625,1840.4336089404928,1810.6645792715367,1811.8786496612856,4887027,0.005360683242882525,1797.5525774274554,1842.2928205217634,1862.2123779296876,0.016613045072817766,-0.17273787717282063,0
INFY,2025-01-27,1769.6290283203125,1809.450537739156,1759.9164650474238,1795.6101350752897,7652371,-0.028499785921222598,1782.7825578962054,1834.7413068498884,1856.4593058268229,0.01723041253367403,0.5658540458237697,1
INFY,2025-01-28,1777.15625,1809.9361507719632,1772.4456805643415,1777.3990640797924,6999495,0.0042535591128001204,1784.7667061941963,1827.5678885323662,1851.593310546875,0.01722848398995929,-0.08531682533426566,1
INFY,2025-01-29,1827.1759033203125,1834.36322360914,1787.5972093347696,1791.9678626583263,5145155,0.028145895061457038,1794.1948067801338,1825.06689453125,1848.5063313802084,0.01811421847082861,-0.2649248267196419,0
INFY,2025-01-30,1806.488037109375,1832.954770249272,1790.9965471548646,1819.3086909049005,7336056,-0.011322317776489843,1802.4157889229912,1817.6437203543526,1844.6472005208334,0.018193727591260988,0.4258182698091699,1
INFY,2025-01-31,1825.7677001953125,1842.910279604707,1817.2205970496625,1817.2205970496625,5820470,0.010672455443871964,1805.6556396484375,1811.9271937779017,1842.497489420573,0.018114018779550618,-0.20659411542114725,0
INFY,2025-02-01,1798.1353759765625,1836.2571867836969,1792.9391783431893,1826.2533177597816,1701402,-0.015134633072867887,1803.6992710658483,1805.7735857282366,1840.2053263346354,0.01818105292988442,-0.707686492671554,1
INFY,2025-02-03,1809.741943359375,1822.6110895629577,1779.7300994439906,1783.2265984737835,4823228,0.00645477951097484,1802.013462611607,1799.7830200195312,1838.2304402669272,0.018229437682740452,1.8348550195662168,1
INFY,2025-02-04,1844.2215576171875,1856.2650411997824,1821.1056096540208,1834.703198206104,7334787,0.01905222696767961,1812.6695382254463,1797.7260480608259,1837.8985961914063,0.0185343673914358,0.5207215997253292,0
INFY,2025-02-05,1842.521728515625,1864.5205878724964,1839.850773810688,1851.2144245852517,4996744,-0.0009217054721769591,1822.0074637276787,1803.3870849609375,1837.5635091145834,0.018534461379818137,-0.31876085835894075,1
INFY,2025-02-06,1860.587158203125,1868.6971246106148,1845.3869733680704,1861.898330498206,4765255,0.009804730879376944,1826.7805001395088,1810.4876534598213,1837.5278971354167,0.018600799734608986,-0.04632796877326517,0
INFY,2025-02-07,1848.9320068359375,1868.40562375176,1835.140096778848,1864.13219104828,4126260,-0.006264232941628811,1832.8439243861608,1817.6298566545759,1837.451814778646,0.018608183135355612,-0.1340946077387254,0
INFY,2025-02-10,1826.2532958984375,1850.2432794461592,1824.6020890265615,1850.2432794461592,3828734,-0.012265843661990572,1832.913295200893,1819.284467424665,1837.461531575521,0.01857475708782561,-0.07210549020178081,0
INFY,2025-02-11,1821.7369384765625,1848.3007750893653,1816.249316561804,1828.9727506286144,4411601,-0.0024730180813462566,1836.284946986607,1819.9921090262276,1837.2397623697916,0.018579567575514377,0.15223491629347974,0
INFY,2025-02-12,1809.5963134765625,1840.142278618334,1793.9104995274497,1830.8182412610952,5633947,-0.0066643129112552435,1836.2641427176338,1819.1388026646205,1834.1738321940104,0.017003823911050864,0.277075374676903,0
INFY,2025-02-13,1790.268310546875,1819.648815846776,1782.8867858202054,1814.792533979024,5237744,-0.010680836817441808,1828.5565359933037,1820.613037109375,1831.0820027669272,0.01702012665449147,-0.07032423272707389,1
INFY,2025-02-14,1803.040283203125,1805.856950285683,1775.7964955938853,1800.7092442878504,5292961,0.007134110893326717,1822.9163295200892,1822.4618966238838,1828.4450439453126,0.01709307739482737,0.010542134170742123,0
INFY,2025-02-17,1789.345458984375,1799.4950394980904,1769.77462159192,1785.703248001718,4428956,-0.007595406684104078,1812.7389439174108,1819.75972202846,1825.5782185872397,0.01712719407625021,-0.16323660801581574,1
INFY,2025-02-18,1798.7181396484375,1808.139397326379,1784.780634818134,1789.3456107739096,4365260,0.005238049822633206,1805.5655343191963,1819.2047293526787,1822.9493530273437,0.01716436712776217,-0.014381718852027436,0
INFY,2025-02-19,1758.7509765625,1796.0471240806544,1753.9917969230971,1794.2989338566194,4611411,-0.022219803205937083,1795.9223458426338,1814.4178205217634,1819.5013916015625,0.017545754332235135,0.05638862289989599,1
INFY,2025-02-20,1772.6884765625,1778.3703022593725,1753.65187661327,1753.65187661327,2218020,0.007924658002033347,1788.9154227120537,1812.6001848493304,1814.9105916341146,0.016862738683319712,-0.5190148958746033,0
INFY,2025-02-21,1762.8302001953125,1777.2533326664163,1754.2830972545896,1769.4347905187403,3379879,-0.005561200683328216,1782.2345493861608,1809.2493460518974,1810.1449625651042,0.016872926436906674,0.5238271070594493,0
INFY,2025-02-24,1713.3931884765625,1756.0313630959042,1699.9413126430345,1748.309923055587,7594720,-0.02804411435274512,1771.2523890904017,1799.9044625418526,1804.4485392252604,0.01744304906644568,1.2470390212193987,1
INFY,2025-02-25,1716.8897705078125,1727.330776075937,1694.9880113599872,1694.9880113599872,5092963,0.0020407353401228345,1758.9451729910713,1790.9307512555804,1798.5578694661458,0.017405313474750606,-0.32940740409126346,0
INFY,2025-02-27,1713.5875244140625,1724.805463456364,1700.7668702151418,1704.748997302386,5757079,-0.0019233885310955268,1748.1226109095983,1780.4307774135045,1793.2434814453125,0.017344283116315428,0.1303987482335922,0
INFY,2025-02-28,1639.189208984375,1704.6519072727174,1634.0901134127998,1704.603415594686,12182167,-0.043416699975758144,1725.332763671875,1765.4491489955358,1789.107548014323,0.015814796887464306,1.1160326269623884,1
INFY,2025-03-03,1659.488525390625,1678.9136517994152,1643.6571185043986,1643.6571185043986,7504969,0.012383754294494898,1711.1524135044642,1753.5373796735491,1785.7178588867187,0.016040429267696072,-0.3839380957427361,0
INFY,2025-03-04,1639.7720947265625,1650.1644899401715,1621.9980566215932,1646.2794646548505,6759673,-0.011881028619599165,1692.1643589564733,1740.5398908342634,1782.0788899739584,0.01611951646204647,-0.099307005798425,1
INFY,2025-03-05,1662.30517578125,1683.1385762213686,1643.8026956375877,1643.8026956375877,8180782,0.013741593192830193,1677.8036411830358,1730.0190952845983,1777.386104329427,0.015184137283789666,0.21023339442603217,1
INFY,2025-03-06,1666.5301513671875,1672.794825837321,1642.4915571816716,1665.7046071983816,10610547,0.0025416365463410973,1671.108921595982,1721.180655343192,1772.5427775065104,0.015150963579455648,0.2970088923039387,0
INFY,2025-03-07,1637.5380859375,1655.9919552333556,1627.339895010843,1654.1465445914585,8019331,-0.017396664204306744,1659.7729666573662,1709.3590698242188,1766.4092936197917,0.015303920205690462,-0.24421134933005806,1
INFY,2025-03-10,1652.5439453125,1669.5895404009018,1628.0197243147556,1637.5380832553346,7558981,0.009163670453752548,1651.052455357143,1699.5875331333705,1762.5064575195313,0.014709664710439854,-0.05740503790154061,0
INFY,2025-03-11,1613.83935546875,1631.7104941166235,1589.9950857541564,1631.7104941166235,12671234,-0.02342121669655861,1647.4310477120537,1686.3819056919642,1757.0625610351562,0.015153770481852262,0.6763151012021329,0
INFY,2025-03-12,1545.123046875,1589.84944650162,1518.850635339536,1589.84944650162,14870008,-0.042579398228760446,1631.0931222098213,1671.122767857143,1747.660799153646,0.015620030103611038,0.17352485164428333,0
INFY,2025-03-13,1534.439208984375,1559.886194636392,1525.163782654934,1553.281604513198,7822888,-0.006914554741923595,1616.0455671037946,1654.1049630301338,1738.5925048828126,0.015583613623524692,-0.4739150106711443,1
INFY,2025-03-17,1544.34619140625,1548.1826065260266,1500.736758011993,1500.736758011993,7526032,0.006456418973047606,1599.1942836216517,1638.4989624023438,1729.211787923177,0.015453004556477698,-0.03794711109247628,0
INFY,2025-03-18,1544.34619140625,1544.34619140625,1544.34619140625,1544.34619140625,0,0.0,1581.7394321986608,1626.4241768973213,1720.7521484375,0.015372682085989048,-1.0,0
INFY,2025-03-19,1540.94677734375,1556.9238965430377,1527.5920028100838,1556.9238965430377,7387068,-0.00220119949880182,1567.940673828125,1613.8568202427455,1711.7923095703125,0.01523196903160115,inf,1
INFY,2025-03-20,1569.11328125,1584.9932992405395,1546.240146235024,1546.240146235024,7186750,0.01827870003064147,1556.022007533482,1603.5372314453125,1702.6220336914062,0.015190041886766283,-0.02711738947035547,0
INFY,2025-03-21,1546.7742919921875,1557.7980274559395,1518.7049607743006,1532.59385494289,10074677,-0.01423669630787694,1546.4412841796875,1596.9361659458705,1692.7637858072917,0.015253386857795332,0.4018404703099454,1
INFY,2025-03-24,1546.968505859375,1560.9060103586978,1527.4947691913153,1552.0189913058653,8857726,0.00012556057350643357,1546.7049211774554,1588.8990216936384,1682.3098307291666,0.01501459720003493,-0.12079305371278903,1
INFY,2025-03-25,1581.6422119140625,1589.1209562659596,1558.8663000022038,1558.8663000022038,9890140,0.022413970241382142,1553.448207310268,1584.7468872070312,1673.4001708984374,0.01588637869303587,0.11655519712395712,0
INFY,2025-03-26,1553.4759521484375,1590.6751185099797,1549.153908730525,1579.2628561729366,6651302,-0.01780823725710945,1554.7524588448662,1576.9733712332588,1664.3075927734376,0.016004759343678704,-0.3274815118896194,1
INFY,2025-03-27,1557.4581298828125,1573.3866387891755,1540.4125339270274,1549.688079270318,9426573,0.0025633983769544066,1556.6255929129463,1569.1825125558037,1655.4982991536458,0.016061234688422518,0.4172522913558878,0
INFY,2025-03-28,1525.5037841796875,1552.504639118573,1515.1598805138667,1544.2975705237486,6799047,-0.02051698539435487,1554.4194510323662,1561.1800624302455,1646.0285481770834,0.016305489389936492,-0.2787360793790066,0
INFY,2025-04-01,1482.6226806640625,1502.92196020728,1474.2212903040318,1495.0061979771754,12680733,-0.028109470432211014,1542.0636509486608,1549.0428292410713,1635.7736938476562,0.016797789228401763,0.8650750612549083,1
INFY,2025-04-02,1505.593017578125,1510.9349273715395,1491.0726643663595,1491.0726643663595,6193478,0.015493042979602967,1536.1806117466517,1541.3109479631696,1625.8587849934895,0.017092094935951513,-0.5115835969419118,0
INFY,2025-04-03,1453.4849853515625,1490.538435185599,1442.3641486583924,1490.538435185599,10459504,-0.03460963993469013,1522.8258231026787,1534.765372140067,1614.663435872396,0.017880703187699208,0.6887932757652486,0
INFY,2025-04-04,1409.9241943359375,1429.689235806136,1406.3790852223406,1418.5197886514006,9590254,-0.029969894050944523,1498.294677734375,1525.8714425223213,1601.7036376953124,0.018219027033847947,-0.08310623524786642,0
INFY,2025-04-07,1356.602294921875,1365.489314158466,1269.4320382766357,1313.1385736419368,21715252,-0.03781898319659427,1470.1698695591517,1512.4611642020088,1588.298681640625,0.01885271657210535,1.2643041571161722,1
INFY,2025-04-08,1387.7310791015625,1414.634831773138,1374.327694444895,1389.8677955834949,12805001,0.02294613852284555,1445.9231480189733,1501.27437046596,1575.4667683919272,0.01949108660751604,-0.4103222472389453,0
INFY,2025-04-09,1363.3524169921875,1368.9371407012395,1342.179100849586,1364.663707842691,8546854,-0.017567281209237007,1422.7586669921875,1488.5890590122767,1562.1508422851562,0.019563639410075686,-0.3325378108131346,1
INFY,2025-04-11,1368.937255859375,1397.4437254302495,1356.893771609889,1370.6855647660782,12567440,0.004096401486204604,1406.5178920200892,1474.290771484375,1550.6689778645834,0.019326116889090122,0.470417068081425,1
INFY,2025-04-15,1385.011474609375,1406.087688754894,1368.5001176189407,1404.0480742507405,10178530,0.011742115046689428,1389.291957310268,1462.73628452846,1539.6063680013021,0.01956696331487202,-0.1900872413156538,0
INFY,2025-04-16,1372.4822998046875,1386.4684147056246,1356.6508927211694,1384.0402738742662,12022740,-0.009046260651538018,1377.7201450892858,1450.272984095982,1528.2361938476563,0.019547102704936394,0.18118628131960124,1
INFY,2025-04-17,1378.6982421875,1388.7022289531085,1338.6825322481727,1357.8162328834976,14264227,0.004528978176036924,1373.2592947823662,1435.7769862583705,1519.5531616210938,0.018409550962517684,0.1864372846788669,1
INFY,2025-04-21,1409.29296875,1429.4951483248678,1369.4714582615436,1369.4714582615436,15648970,0.02219102456673716,1380.7865339006696,1425.4782017299108,1511.213309733073,0.01882212092007508,0.09707802602973148,0
INFY,2025-04-22,1381.903564453125,1398.6091260339042,1378.5041672717928,1398.6091260339042,9399738,-0.0194348548557427,1379.9540318080358,1412.9385899135045,1502.6176920572916,0.01896374391077042,-0.3993382312062711,1
INFY,2025-04-23,1432.505859375,1445.0350886470426,1398.2204665039803,1404.4365301839098,11136642,0.036617819233935034,1389.8330950055804,1406.2958809988838,1494.95771484375,0.020185214303932934,0.18478217158818677,0
INFY,2025-04-24,1429.1065673828125,1440.2760150192205,1419.4911061400271,1427.6496829084983,7114292,-0.002372968996909086,1398.4287109375,1402.4733014787946,1487.043595377604,0.020143904393648007,-0.36118158417950397,1
INFY,2025-04-25,1437.653564453125,1458.535575435,1421.4336312546193,1433.08870715148,8329979,0.005980657611814877,1405.949009486607,1397.6204833984375,1480.3807779947917,0.020096438470159288,0.17087954781726689,1
INFY,2025-04-28,1439.4989013671875,1446.7833234291916,1423.1818670852326,1437.6534907325015,5886253,0.0012835755147759809,1415.5228097098213,1396.6214773995537,1473.279276529948,0.019967729090036086,-0.29336520536246247,1
INFY,2025-04-29,1454.4564208984375,1466.4029217301106,1431.7289980215005,1439.4019470928108,8056743,0.01039078217916245,1426.3454066685267,1399.8023507254463,1467.9665120442708,0.019810481210175458,0.3687388224733119,1
INFY,2025-04-30,1456.9815673828125,1465.431568419441,1439.984581952398,1453.7764926957282,7704183,0.0017361444785091162,1433.1580636160713,1406.9722987583705,1465.0284627278645,0.018378684046994963,-0.04375961849596044,1
INFY,2025-05-02,1463.586181640625,1479.417588620504,1453.1936678135066,1456.5930649551544,7402310,0.004533080174566884,1444.8270089285713,1412.3905203683037,1462.6666951497396,0.018387499820505433,-0.03918299967692873,1
INFY,2025-05-05,1465.2373046875,1479.2234198282615,1459.6040889990925,1471.453369034679,4282493,0.0011281351707106424,1449.5029296875,1419.66801234654,1460.0297322591146,0.018334548469755328,-0.42146532636433764,1
INFY,2025-05-06,1468.0538330078125,1472.0359599506996,1456.0102317041706,1462.7119235923028,4270530,0.0019222335599169416,1455.0668247767858,1426.747767857143,1457.4866536458333,0.018343646431202905,-0.0027934663290751782,0
INFY,2025-05-07,1464.9459228515625,1475.1441139885928,1453.5821530190783,1456.8844481471906,5691799,-0.002117027377587677,1458.9657331194196,1432.4573713030134,1454.9532918294271,0.0183435457196961,0.33280857411140996,1
INFY,2025-05-08,1467.9569091796875,1472.9102929808605,1458.0500230157727,1464.654613791716,8424409,0.0020553566388743505,1463.0311628069196,1439.2769862583705,1451.5814127604167,0.01797514214491251,0.48009601182332684,0
INFY,2025-05-09,1464.2659912109375,1467.9568126185206,1451.1540310083217,1457.5642989506216,4478653,-0.0025143231014952416,1464.4325299944196,1445.3889683314733,1448.8311360677083,0.01782817136000498,-0.468371846618558,1
INFY,2025-05-12,1580.136962890625,1585.0903465111594,1487.96471253376,1492.8209942326298,11372857,0.07913246116155648,1482.026157924107,1457.5921107700892,1449.9367513020834,0.02314527487433831,1.539347656538696,0
INFY,2025-05-13,1523.5125732421875,1565.859323230766,1519.627548132014,1562.7513505672505,12846210,-0.035835114916147326,1490.5870710100446,1467.707039969308,1447.9990966796875,0.023719762812222423,0.12954994510174522,1
INFY,2025-05-14,1546.6285400390625,1549.1537826809642,1524.3867472838704,1528.75740058924,4870057,0.015172809993738268,1502.214390345982,1475.8586600167412,1447.770849609375,0.023677144538712714,-0.6208954236307829,1
INFY,2025-05-15,1566.6363525390625,1572.0753639006623,1525.8435894847285,1544.103254657481,11151167,0.012936404561301185,1516.297607421875,1485.6822160993304,1448.0767903645833,0.02378953006881268,1.2897405512912887,0
INFY,2025-05-16,1544.200439453125,1566.2479103864578,1536.0418626920532,1566.2479103864578,4576751,-0.014321072691550585,1527.6196812220983,1493.2927071707588,1448.7000122070312,0.023627427819155097,-0.5895720151980506,0
INFY,2025-05-19,1514.965576171875,1539.4411867318856,1510.9833306187809,1531.185508443418,8855798,-0.018932039218693353,1534.335205078125,1498.6831839425224,1449.7781087239584,0.02329905765239188,0.9349529830222356,1
INFY,2025-05-20,1515.7425537109375,1537.9843466293191,1513.2173110505078,1524.8723866170074,7143998,0.0005128681148161007,1541.688999720982,1503.0607648577009,1450.1164265950522,0.023137217305695033,-0.1932970919165049,1
INFY,2025-05-21,1523.41552734375,1525.843668126893,1507.4869000940212,1522.832797268108,4157309,0.005062187911810678,1533.5859375,1507.8060477120537,1452.4474446614583,0.02217635555051847,-0.41806968590976645,0
INFY,2025-05-22,1503.01904296875,1515.936798484799,1495.7346211126817,1510.789092948556,6158990,-0.013388654644057363,1530.6582903180804,1510.6226806640625,1455.550606282552,0.021555135875537076,0.48148477777331444,1
INFY,2025-05-23,1519.8218994140625,1541.5779455953386,1505.447258808557,1505.447258808557,5038421,0.01117940356372582,1526.8287702287946,1514.5215802873884,1460.991259765625,0.020221260375082883,-0.1819403830822911,1
INFY,2025-05-26,1535.070556640625,1538.275749801986,1517.782147363295,1521.5700705826605,3170102,0.010033186936206917,1522.319370814732,1519.3084891183037,1465.9025756835938,0.01993925152772528,-0.37081438807912237,0
INFY,2025-05-27,1524.9696044921875,1537.401733466409,1511.6634396332652,1534.487964353223,7775714,-0.0065801223955090915,1519.5721086774554,1523.5958949497767,1471.289815266927,0.019636475361515724,1.4528277008121506,1
INFY,2025-05-28,1526.6207275390625,1542.063608140773,1524.8724187426308,1535.556238237006,3623370,0.0010827252176117685,1521.2371303013392,1527.786167689732,1476.5459309895834,0.01964326572830127,-0.5340144969323717,1
INFY,2025-05-29,1540.0240478515625,1562.6543682753302,1531.2827406845122,1543.3263431603168,8609500,0.008779731645663036,1524.7059151785713,1533.1974574497767,1481.713016764323,0.01960949890850846,1.3761029097221646,0
INFY,2025-05-30,1539.1375732421875,1548.297396005105,1531.652190030095,1547.3124739974685,13148092,-0.0005756238745827646,1526.9519217354912,1530.2689296177455,1487.268192545573,0.019479837572230426,0.5271609268830943,0
INFY,2025-06-02,1530.371826171875,1536.4782943781508,1515.7949327230604,1536.4782943781508,4374509,-0.005695232981576481,1530.8594621930804,1530.7588762555804,1492.3239786783854,0.019559651738420444,-0.6672894439740762,0
INFY,2025-06-03,1519.734619140625,1543.6682714095227,1512.4461724234918,1535.4933708621093,6853403,-0.006950733703624312,1530.8469935825892,1528.837881905692,1496.0053670247396,0.019330178108311755,0.5666679391904326,1
INFY,2025-06-04,1527.8109130859375,1533.8190332918905,1518.158749909477,1519.7346010168856,4548307,0.005314279113993958,1529.8099016462054,1526.0646362304688,1500.8689453125,0.018875981041512235,-0.33634327355329896,1
INFY,2025-06-05,1530.8642578125,1544.0621159555858,1518.3556767230737,1524.5607331925255,6948539,0.0019985095671264386,1530.6519949776787,1525.112051827567,1504.14755859375,0.01781089308460892,0.5277198746698497,1
INFY,2025-06-06,1540.2210693359375,1545.2441474823067,1519.8331118292815,1531.2581829658582,3960020,0.006112110512533464,1532.5949009486608,1526.916015625,1507.8513753255208,0.017800427297170525,-0.43009314619951045,1
INFY,2025-06-09,1549.183837890625,1564.0561360451063,1547.3124620446238,1554.2069160448225,2903202,0.00581914423398433,1533.9034423828125,1529.304678780692,1511.5690511067708,0.01779940893128471,-0.26687188448543187,1
INFY,2025-06-10,1571.935546875,1583.2621501262925,1553.7144894707471,1560.116482612782,8591925,0.014686255064056075,1538.5888671875,1532.7703944614955,1515.9836059570312,0.017931831894960212,1.959465100947161,1
INFY,2025-06-11,1606.5062255859375,1609.9534525332194,1566.1244242034918,1566.1244242034918,10597410,0.021992427602813613,1549.4652099609375,1540.1623360770088,1521.051932779948,0.01821755322661727,0.23341509615132816,0
INFY,2025-06-12,1584.345458984375,1603.452969273507,1574.0037782857437,1592.6188275892266,10483574,-0.013794385759992811,1558.6953299386162,1544.7711617606026,1525.2973958333334,0.018487364584494546,-0.010741869947468285,0
INFY,2025-06-13,1577.844970703125,1584.7394243828517,1546.5244044661897,1552.2369998927122,6968315,-0.004102948788338834,1565.843052455357,1547.8264770507812,1529.1060221354167,0.018529186749461784,-0.3353111257668425,1
INFY,2025-06-16,1599.31640625,1610.15054834862,1573.01891647278,1575.875214344727,5591842,0.013608076804470182,1575.6219308035713,1553.136962890625,1533.5753255208333,0.01863316829131966,-0.19753311955616248,1
INFY,2025-06-17,1615.173583984375,1622.5604988569514,1591.2399317053334,1596.2630097727383,7622083,0.009914972217133888,1586.3294328962054,1559.462166922433,1538.479317220052,0.018673047175333333,0.3630719537497662,0
INFY,2025-06-18,1608.2791748046875,1619.9011823893957,1596.558578835151,1596.558578835151,5629707,-0.00426852522109733,1594.7716238839287,1564.3375331333705,1543.2570922851562,0.01869889315923926,-0.2613952117813464,0
INFY,2025-06-19,1593.997802734375,1605.4228739879738,1587.2018168292147,1599.4148737815738,5147760,-0.008879908596744035,1597.923374720982,1568.2561209542412,1547.4584554036458,0.018829738094824692,-0.08560783003449379,1
INFY,2025-06-20,1598.429931640625,1606.1122510729597,1584.6410236941556,1594.58871180959,9202821,0.0027805113022407735,1596.7696184430804,1573.1174142020088,1551.9305867513021,0.018801871553682743,0.7877331111007506,0
INFY,2025-06-23,1560.116455078125,1576.8601291540897,1551.6461498856431,1576.8601291540897,7943676,-0.023969443892467135,1593.3083321707588,1576.0018310546875,1551.2632364908854,0.012929342573986244,-0.1368216332796215,0
INFY,2025-06-24,1557.7525634765625,1584.739449496533,1552.827953627288,1576.860073737694,8083992,-0.0015152020183288872,1590.43798828125,1578.1405203683037,1552.4045694986978,0.011064595112206279,0.017663862423391796,1
INFY,2025-06-25,1590.550537109375,1595.4751470327865,1561.199813873949,1566.025955644839,7813533,0.0210546747935465,1589.1857212611608,1582.4038260323662,1553.8686360677084,0.011375789575736449,-0.03345611920447222,1
INFY,2025-06-26,1591.6339111328125,1599.5132869304996,1582.3756205245834,1584.5425210067874,6519233,0.0006811314687342751,1585.8229108537946,1586.076171875,1554.7018880208334,0.011150041978406593,-0.16564849729309394,0
INFY,2025-06-27,1583.7545166015625,1605.0288069577266,1578.238977654369,1594.5886581952298,8912268,-0.0049505068195248025,1582.3193882533483,1588.5455060686384,1556.0203572591147,0.010845066255500909,0.36707308973310204,0
INFY,2025-06-30,1577.6480712890625,1590.648993297183,1570.064099926214,1590.648993297183,6294505,-0.0038556766522145347,1579.9837123325892,1588.9535435267858,1558.109773763021,0.010226014174651597,-0.2937257946013293,1
INFY,2025-07-01,1582.57275390625,1593.308307768125,1576.367697072364,1584.7395342639384,4178937,0.00312153433126805,1577.7184012276787,1587.2440098353795,1560.3374471028646,0.010229276153359638,-0.33609759623671753,1
INFY,2025-07-02,1586.2169189453125,1624.1364168524187,1579.2239966239758,1593.6038341220217,8653641,0.0023026840504283275,1581.4470389229912,1587.377685546875,1562.4308268229167,0.010208430602199075,1.0707756541914848,1
INFY,2025-07-03,1594.293212890625,1607.786716594206,1590.6490495377586,1594.0962765801005,5259695,0.005091544446949037,1586.6671316964287,1588.5525599888392,1565.473299153646,0.009836192322897864,-0.3921986132773476,1
INFY,2025-07-04,1615.96142578125,1618.6207872342948,1587.9897380569496,1600.4981989662078,4411273,0.013591109035293591,1590.2972586495537,1589.741489955357,1568.6779500325522,0.009923155654461618,-0.1613063114876433,0
INFY,2025-07-07,1602.4681396484375,1619.2118141254034,1598.5284515362102,1615.272126013176,3294523,-0.008350005091420476,1591.845005580357,1588.8339582170759,1570.9245361328126,0.009983419137122966,-0.2531582153269589,1
INFY,2025-07-08,1613.9915771484375,1621.378491891406,1597.0509674297891,1603.4529602070286,4590681,0.007191055606589503,1596.164585658482,1589.241986955915,1573.891935221354,0.00991634069339691,0.3934281229786527,0
INFY,2025-07-09,1609.0670166015625,1613.3022292758048,1599.1193284889714,1613.1052929685202,4580828,-0.0030511686780767544,1600.6530064174108,1590.318359375,1576.6401448567708,0.009957308379732533,-0.002146304655017417,0
INFY,2025-07-10,1591.43701171875,1614.1886858160017,1582.868118202301,1614.1886858160017,5330179,-0.010956662899005876,1601.9193289620537,1589.8188650948662,1578.3539103190103,0.010130917355185199,0.16358418172435196,0
INFY,2025-07-11,1570.85205078125,1582.868050545757,1539.433016356687,1555.2902357933656,11391755,-0.01293482606343832,1599.7243477957588,1590.585693359375,1579.4110595703125,0.010449572590578214,1.1372180934261307,0
INFY,2025-07-14,1546.623046875,1567.7988696310574,1536.2813659941348,1567.7988696310574,9173426,-0.0154241157811138,1592.9143240792412,1589.790727887835,1579.9527669270833,0.010800998114211402,-0.19473110157302365,1
INFY,2025-07-15,1561.6922607421875,1579.4208563061295,1540.4179701114035,1541.5013602388092,7614807,0.009743300992206994,1585.161586216518,1587.7294224330358,1581.3513549804688,0.01083874711293506,-0.16990587813102764,1
INFY,2025-07-16,1583.6561279296875,1587.6942841349517,1554.6993967165145,1555.1918577227598,6223491,0.014064145503968728,1582.474155970982,1587.1595807756696,1583.2128621419272,0.011074970446362785,-0.18271191902828265,0
INFY,2025-07-17,1559.6240234375,1585.7244570472844,1556.2752645133155,1573.9053927711557,7374814,-0.015175077511053292,1574.7073625837054,1585.4359741210938,1584.1715209960937,0.01147202706020502,0.18499633083746736,1
INFY,2025-07-18,1562.1846923828125,1575.1857343566385,1556.176692489401,1568.0942241264431,5161833,0.0016418501554422704,1568.0098876953125,1584.3314470563616,1584.9036417643229,0.01142804110547628,-0.3000727882764229,0
INFY,2025-07-21,1560.4119873046875,1565.041072656143,1543.1758521432762,1556.1767745731315,3682661,-0.0011347602410705093,1563.5777413504463,1582.74853515625,1585.2779134114583,0.01138762239815202,-0.2865594450653479,0
INFY,2025-07-22,1547.2139892578125,1561.889351060241,1541.4029254290974,1541.4029254290974,8473741,-0.008458021441934749,1560.2008754185267,1579.962611607143,1584.4538614908854,0.011161357597129211,1.300983174937905,1
INFY,2025-07-23,1550.7596435546875,1567.897309898412,1526.629055261839,1552.5325511946266,8035026,0.002291637951500114,1560.7918178013392,1576.85307094029,1582.5956420898438,0.010343923270318127,-0.05177347289703571,0
INFY,2025-07-24,1529.0914306640625,1558.1466301517212,1524.8562179010848,1556.1767861186595,14169664,-0.013972644297704728,1556.134556361607,1570.6480712890625,1580.7538411458333,0.010351500578231167,0.7634870129853968,0
INFY,2025-07-25,1492.84619140625,1526.1366022975346,1488.512630894258,1520.12860228797,10851259,-0.023703775020223472,1543.1617082868304,1562.8179321289062,1577.920548502604,0.011134531648230871,-0.23419080367749012,1
INFY,2025-07-28,1493.1417236328125,1496.392014262957,1460.14683725966,1491.0734115180542,6439855,0.00019796562315921307,1533.6642368861608,1554.185799734933,1574.3813924153646,0.01075811157612001,-0.40653384091191636,0
INFY,2025-07-29,1490.8763427734375,1494.3235696797126,1473.5417400906863,1490.0884773327002,7070448,-0.0015171907820399344,1523.477329799107,1545.74360874721,1570.2381510416667,0.010512715947466354,0.0979203724307458,1
INFY,2025-07-30,1496.0965576171875,1498.7557989957106,1483.2925712781332,1496.9830114866083,5719051,0.0035014405245969993,1514.2894112723213,1538.9335763113838,1566.49873046875,0.010566078823782493,-0.1911331502614827,0
INFY,2025-07-31,1486.247314453125,1504.0743788045277,1474.428250322285,1486.936711768862,6851407,-0.006583293781351474,1505.5798863002233,1532.890380859375,1562.9070475260417,0.010525401684967396,0.19799718519733434,0
INFY,2025-08-01,1447.4412841796875,1476.1024890867666,1443.4031282013243,1471.374935830292,8702978,-0.02611007595846615,1490.8201206752233,1525.8059692382812,1557.874092610677,0.011337117483907101,0.2702468266737037,1
INFY,2025-08-04,1458.177001953125,1460.4423706154291,1429.1218033326477,1439.4634841975633,8610216,0.00741703162040297,1480.689488002232,1518.4120221819196,1554.4761108398438,0.010793321487601672,-0.010658650406791814,0
INFY,2025-08-05,1438.2816162109375,1456.404084468286,1433.0614816224124,1456.404084468286,10213323,-0.013644012843117781,1472.8945486886162,1508.0281284877233,1550.4937459309897,0.010992365590360778,0.18618661831480177,0
INFY,2025-08-06,1415.037353515625,1434.14486387826,1408.7339490588547,1430.1067078263495,10566934,-0.01616113453257373,1461.736781529018,1497.7005092075892,1544.6433064778646,0.010309848604939394,0.03462252197448379,1
INFY,2025-08-07,1415.234375,1420.2574529026,1392.876574581379,1408.4383894942564,9892020,0.00013923412260852253,1450.9307861328125,1487.20405796596,1538.763321940104,0.010302129320607114,-0.06387037148145336,0
INFY,2025-08-08,1401.6424560546875,1411.590144080286,1395.7329241309972,1403.5138318764698,10048009,-0.009604005658294223,1437.4373430524554,1475.8633771623884,1532.692919921875,0.010354075269658064,0.015769175557671655,1
INFY,2025-08-11,1406.66552734375,1411.7871937906966,1392.6796832838538,1398.4907470266712,6625368,0.003583703723702314,1426.0685163225446,1465.8242013113838,1526.9935017903647,0.010446606215320058,-0.3406287753126017,0
INFY,2025-08-12,1402.62744140625,1419.2726477892124,1399.5742071536924,1406.6655976905836,9899184,-0.0028706795318467204,1419.666538783482,1455.2433297293526,1520.9953247070312,0.010367411457863917,0.4941334579452794,1
INFY,2025-08-13,1405.0897216796875,1412.3781686321047,1400.953097311154,1403.5138705026145,10318063,0.0017554770431189581,1412.0826416015625,1446.3860648018974,1514.9577514648438,0.01035648292464956,0.04231449784143826,1
INFY,2025-08-14,1425.8714599609375,1447.835267553816,1404.6956380205245,1404.6956380205245,12902347,0.014790328304734146,1410.3097621372767,1441.6021554129463,1509.3436930338542,0.010791710267220691,0.2504621264669542,0
INFY,2025-08-18,1414.1510009765625,1442.6151494914589,1408.0444126749926,1442.6151494914589,7254561,-0.008219856637495249,1410.183140345982,1435.9599609375,1502.616678873698,0.010313677217006243,-0.43773322791582026,1
INFY,2025-08-19,1418.2877197265625,1427.5460108318366,1411.0977408332749,1411.0977408332749,3986094,0.0029252312851621998,1410.6193324497767,1430.7750592912946,1496.4773315429688,0.010369500737089754,-0.4505395984677777,1
INFY,2025-08-20,1473.6402587890625,1476.3980885005717,1418.9770874002822,1418.9770874002822,10413061,0.03902772215582018,1420.9047328404017,1429.1710379464287,1491.798954264323,0.012880379544428283,1.6123470746048638,1
INFY,2025-08-21,1473.8372802734375,1485.262351237006,1461.9197483180794,1485.262351237006,6565539,0.00013369713754762813,1430.500697544643,1428.2846069335938,1487.2912963867188,0.012892619800414465,-0.3694900087495886,0
INFY,2025-08-22,1465.0714111328125,1481.6181481033814,1463.6924963469764,1475.5115598317454,5543397,-0.005947650570352403,1439.4212646484375,1429.54390171596,1483.0791097005208,0.012816112980945366,-0.15568287691231442,1
INFY,2025-08-25,1508.9989013671875,1515.7948868943363,1483.981859694785,1483.981859694785,10694531,0.02998317344845991,1454.2654331752233,1433.174037388393,1481.0173380533854,0.013974384041601976,0.9292377940818599,0
INFY,2025-08-26,1506.53662109375,1515.2039825206518,1495.7024794249892,1500.03616013844,15994798,-0.0016317309914584133,1465.789027622768,1438.0493948800224,1479.6811238606772,0.013716290400379966,0.49560537063289645,0
INFY,2025-08-28,1477.4814453125,1506.5366438633127,1475.413133190423,1506.5366438633127,5443364,-0.019286073351576283,1474.8362339564733,1442.5096871512276,1476.8740966796875,0.01396959724707916,-0.6596791031684177,0
INFY,2025-08-29,1447.4412841796875,1479.254311487481,1445.5699084151588,1479.254311487481,8169075,-0.02033200567636151,1479.0010288783483,1444.8101806640625,1472.333601888021,0.014038067179115106,0.5007401672936074,1
INFY,2025-09-01,1476.7921142578125,1480.7318023736236,1453.941851048263,1454.4343120627393,4546057,0.020277734509112744,1479.4512939453125,1450.178013392857,1469.5725382486978,0.014455042569349935,-0.44350406869810843,0
INFY,2025-09-02,1476.1025390625,1489.9900353122632,1463.8896025641538,1476.7920565936874,5218763,-0.000466941276740962,1479.77490234375,1455.1377999441963,1466.7031331380208,0.014443268158339875,0.1479757072997545,0
INFY,2025-09-03,1456.798095703125,1479.2543652339205,1450.7900955921732,1477.3829894013984,4623483,-0.013077982625540052,1478.5930001395088,1459.0071323939733,1463.249336751302,0.014588529386368993,-0.11406534460369244,0
INFY,2025-09-04,1440.94091796875,1461.6242804276317,1438.0846200594328,1461.6242804276317,5787724,-0.010884952266993153,1468.8704310825892,1461.5679321289062,1459.7069010416667,0.014631178899845916,0.2518103775876326,0
INFY,2025-09-05,1422.8182373046875,1450.4945202945664,1411.3931666312185,1447.835279098319,5466487,-0.0125769769170061,1456.9106619698662,1461.349844796317,1455.4421875,0.014723000925104274,-0.05550316497469476,0
INFY,2025-09-08,1411.2947998046875,1436.0163186937275,1406.7641825159365,1429.1218644887508,3811567,-0.008099022909510478,1447.4554268973213,1461.1458304268974,1451.5156331380208,0.014607379488480775,-0.30273921807552084,1
INFY,2025-09-09,1481.6181640625,1484.474341584966,1450.297597398603,1458.6694341238242,13072640,0.049828968595041045,1452.3378383091517,1465.66943359375,1451.1413655598958,0.016923871030425086,2.429728507986348,1
INFY,2025-09-10,1509.491455078125,1511.756823802922,1486.5428442826578,1487.330709756259,7281071,0.01881273575858322,1457.0091727120537,1468.230233328683,1451.6863566080729,0.017273378112439553,-0.4430297935229609,0
INFY,2025-09-11,1486.9366455078125,1504.4683046125388,1483.7849433052634,1500.922609577238,8003662,-0.014941992214951072,1458.5569022042412,1469.1659022739955,1451.5550333658855,0.017499992603235863,0.09924240540986351,1
INFY,2025-09-12,1502.596923828125,1519.636121892633,1498.1647749913177,1513.8250582606502,12856963,0.010531906902438548,1465.0995919363838,1471.8462960379463,1451.7717122395834,0.017594514474795094,0.606385052242336,0
INFY,2025-09-15,1485.6563720703125,1504.4683582651935,1478.5648615170796,1502.5969824151846,6167414,-0.011274182376637354,1471.487513950893,1470.1789725167412,1451.7520141601562,0.01767836916477717,-0.5203055340518596,1
INFY,2025-09-16,1488.5126953125,1491.1719366717366,1480.8302554728905,1485.656397411633,8923112,0.0019226002027690203,1480.8724365234375,1468.8915492466517,1453.1210611979166,0.01696991535116556,0.4468157967018267,1
INFY,2025-09-17,1499.4453125,1503.680405062861,1491.1719434573272,1494.028241371192,4795698,0.007344658343813926,1493.465366908482,1470.4603969029017,1454.496671549479,0.016968987113414425,-0.4625531989288042,1
INFY,2025-09-18,1517.370849609375,1531.5537508334592,1515.302537400178,1526.6291407021615,9331945,0.011954778850512326,1498.5728934151787,1475.455365862165,1457.1329793294271,0.016846864037500364,0.9458992205097152,0
INFY,2025-09-19,1516.976806640625,1527.9095369547413,1497.179898612735,1521.3104874589542,12988129,-0.00025968797861875004,1499.6422293526787,1478.3257010323662,1460.5309611002604,0.016505008766581133,0.39179227910151626,0
INFY,2025-09-22,1476.8905029296875,1491.8612688721596,1459.6543683506482,1460.3437656419162,15655204,-0.026425126300849255,1498.207066127232,1478.3819841657366,1462.5861653645834,0.01732550729665534,0.20534712890517182,0
INFY,2025-09-23,1474.920654296875,1490.186944875574,1470.4885054191882,1470.4885054191882,9832164,-0.001333781095419706,1494.2533133370537,1479.6764526367188,1465.0287719726562,0.017207041559534234,-0.37195554909409034,0
INFY,2025-09-24,1472.0643310546875,1474.1326431158675,1460.3437357350242,1464.7758845360097,4937004,-0.001936594510264844,1492.3115931919642,1481.8995535714287,1467.2087320963542,0.017217281506070718,-0.4978720859416096,0
INFY,2025-09-25,1462.4122314453125,1480.04223903444,1454.2373307659764,1466.5488557470633,9491867,-0.006556846331885247,1488.5829554966517,1484.7276960100446,1469.2015584309895,0.01726380161376369,0.9225965788158161,0
INFY,2025-09-26,1427.053466796875,1456.404069373631,1419.4694954878144,1452.7599061754568,8597058,-0.0241783841027452,1478.2412632533483,1485.853315080915,1469.933683268229,0.017890293831643183,-0.09427112706067209,0
INFY,2025-09-29,1420.060546875,1442.9106885263222,1414.8404123331482,1437.9860786678707,10513117,-0.004900250820714547,1464.3397914341517,1481.456342424665,1469.7399861653646,0.017714732585308843,0.2228738017121672,0
INFY,2025-09-30,1420.060546875,1430.303639196793,1416.416263441906,1421.2424051491353,7556305,0.0,1450.4946114676338,1475.0684204101562,1469.9369710286458,0.017646427898448034,-0.281249794899077,1
INFY,2025-10-01,1424.000244140625,1427.6444073679877,1405.877655696216,1424.197180444367,6250692,0.002774316401011667,1442.9388602120537,1470.572963169643,1470.1273885091146,0.01764567160047225,-0.1727845818822824,1
INFY,2025-10-03,1424.7880859375,1426.4625254104503,1411.5901076030302,1417.3027030735375,6877533,0.0005532595939619078,1435.777064732143,1465.0151890345983,1468.4989827473958,0.01605945694046399,0.10028345661568361,1
INFY,2025-10-06,1453.744873046875,1456.5027027407557,1420.5530497148677,1424.7881421800753,4630590,0.020323574709232295,1433.1599993024554,1462.73579624721,1467.8292358398437,0.016524892539743416,-0.32670770172967545,0
INFY,2025-10-07,1436.5086669921875,1460.5407866669368,1432.0765182081868,1455.4191203786977,5570320,-0.01185641743214716,1429.4594900948662,1459.0212227957588,1466.8771443684896,0.01662908240110425,0.20293958221306574,1
INFY,2025-10-08,1472.4583740234375,1475.4131399913774,1433.061494450904,1435.0313384295307,4657192,0.025025750179790363,1435.9459054129463,1457.0935843331474,1465.6591267903646,0.016337550209951087,-0.16392738657743178,1
INFY,2025-10-09,1486.5428466796875,1491.171932062491,1464.5790376333712,1479.352867871771,7028753,0.009565277297289398,1445.4433768136162,1454.8915841238838,1464.9926676432292,0.016442829087823654,0.5092255161479278,1
INFY,2025-10-10,1492.058349609375,1498.755747016607,1476.2011295853697,1487.2322078030077,3738353,0.003710288567871922,1455.7287772042412,1453.1116943359375,1465.478564453125,0.016059521823085066,-0.4681342479953414,0
INFY,2025-10-13,1470.6854248046875,1482.0120273618204,1461.0332617199265,1474.4281763502415,5859355,-0.014324456419739229,1462.3980887276787,1452.6684744698662,1466.253369140625,0.015827212359271297,0.5673626861882759,0
INFY,2025-10-14,1467.435302734375,1491.5658915845438,1464.0865439092208,1476.3980688327763,5600789,-0.002209936955582581,1468.4905482700892,1452.1338065011162,1465.941475423177,0.015392163255743602,-0.04412874795945965,0
INFY,2025-10-15,1452.1690673828125,1466.154912139115,1445.373081319078,1461.5258266826634,6986098,-0.010403344749247756,1468.2654331752233,1450.7127162388392,1465.143693033854,0.015506844685157561,0.24734175845581752,0
INFY,2025-10-16,1449.312744140625,1452.267510183725,1438.478601982591,1451.6765810210527,8005748,-0.0019669357420863953,1470.0945870535713,1449.7770385742188,1464.894181315104,0.015325968721186122,0.1459541506574915,0
INFY,2025-10-17,1419.37109375,1436.410292725158,1412.3781714796953,1432.9630656678503,16959378,-0.020659205897191613,1462.5106898716517,1449.2282976422991,1464.175187174479,0.01566420241952188,1.1184001794710499,1
INFY,2025-10-20,1438.87255859375,1444.8805586841174,1428.136884861602,1431.781048131079,6994246,0.013739511062062615,1455.700648716518,1450.572012765067,1464.710331217448,0.015694750897367802,-0.5875882948065666,1
INFY,2025-10-21,1450.19921875,1463.5941342911035,1447.8353818357486,1455.7147580634262,1698704,0.00787189948727618,1449.7207728794642,1452.7247750418526,1466.0071451822917,0.01566413023815182,-0.7571283595115185,1
INFY,2025-10-23,1505.4532470703125,1522.6893817276436,1483.292502510887,1487.232190432563,20358624,0.03810099164716063,1454.6876046316963,1458.5428466796875,1466.8016479492187,0.014507771390915627,10.984797822339855,0
INFY,2025-10-24,1502.4000244140625,1519.7346273554492,1495.111577657532,1516.2874003977408,8652257,-0.0020281085860299752,1459.6825648716517,1464.0865565708705,1466.5652669270833,0.014100511346896343,-0.575007770662693,1
INFY,2025-10-27,1504.5,1515.300048828125,1498.0999755859375,1510.0,7273211,0.0013977473055197809,1467.158412388393,1467.711922781808,1467.1507120768229,0.013818652618081526,-0.1593856955474161,0
INFY,2025-10-28,1500.199951171875,1506.5,1490.5,1499.699951171875,8211019,-0.0028581248442173246,1474.428013392857,1472.2613002232142,1467.0708129882812,0.013698625242409505,0.1289400238766618,1
INFY,2025-10-29,1510.4000244140625,1520.199951171875,1496.9000244140625,1500.199951171875,4884976,0.006799142497118327,1487.4321463448662,1474.9714181082588,1467.8956013997397,0.013580931470221188,-0.405070673932188,0
INFY,2025-10-30,1493.800048828125,1508.199951171875,1489.0999755859375,1507.0,5608867,-0.010990449760074128,1495.2789306640625,1475.48978969029,1468.071846516927,0.01374253630353578,0.14818721729646156,0
INFY,2025-10-31,1482.300048828125,1497.0999755859375,1480.699951171875,1490.0,4819814,-0.007698486828288442,1499.8647635323662,1474.792768205915,1467.5003377278647,0.013747642923856955,-0.14067957040165158,1
INFY,2025-11-03,1485.5,1491.4000244140625,1474.199951171875,1482.300048828125,5470600,0.002158774247093209,1497.0142996651787,1475.8509521484375,1466.4379760742188,0.013561800564026786,0.1350230527568077,0
INFY,2025-11-04,1467.9000244140625,1481.9000244140625,1462.9000244140625,1479.699951171875,8691330,-0.011847846237588389,1492.085728236607,1475.8841465541295,1464.8020833333333,0.013715377349041415,0.5887343253025263,0
INFY,2025-11-06,1466.699951171875,1483.0,1461.9000244140625,1478.5999755859375,7944752,-0.0008175442620259599,1486.6857212611608,1476.9220668247767,1464.4623982747396,0.012848233700364618,-0.08589916618055005,1
INFY,2025-11-07,1476.800048828125,1480.9000244140625,1449.0999755859375,1470.0,8765759,0.006886273943201626,1483.3428780691963,1478.8854457310267,1464.5250447591145,0.01290965553934571,0.10333953784838101,1
INFY,2025-11-10,1513.5,1520.0,1490.0,1490.0999755859375,9787975,0.024850995367312834,1483.7857317243304,1485.6089390345983,1465.9062337239584,0.013666544145098556,0.11661465938089322,1
INFY,2025-11-11,1530.300048828125,1533.4000244140625,1511.0999755859375,1525.0,13692989,0.011100131369755628,1489.0000174386162,1492.1394740513392,1468.1691609700522,0.013709334431209903,0.3989603569686273,1
INFY,2025-11-12,1551.699951171875,1559.199951171875,1538.0999755859375,1540.0,14635417,0.01398412184599862,1498.9142892020088,1499.3895263671875,1472.324043782552,0.012985965665463277,0.06882558658303162,0
INFY,2025-11-13,1541.800048828125,1557.5,1530.300048828125,1557.0999755859375,19655689,-0.006380036511745346,1506.9571533203125,1501.9857264927455,1476.3820271809896,0.013019289482157144,0.34302213595963815,0
INFY,2025-11-14,1502.800048828125,1530.0,1488.800048828125,1520.0,9739549,-0.025295108811056677,1511.94287109375,1502.0142996651787,1479.140010579427,0.013991466790543639,-0.5044921091293213,1
INFY,2025-11-17,1507.5999755859375,1510.199951171875,1492.5,1496.0,7910354,0.003193988955187743,1517.7857317243304,1502.2357264927455,1481.926668294271,0.013992494463750442,-0.18781105778101226,0
INFY,2025-11-18,1486.4000244140625,1506.0,1483.199951171875,1506.0,7525119,-0.0140620532735386,1519.1571568080358,1501.2500174386162,1483.980399576823,0.014295660084132215,-0.04870009610189374,1
INFY,2025-11-19,1541.0999755859375,1543.0,1490.5,1490.5,10981126,0.03680028947351355,1523.1000104631696,1503.44287109375,1486.892236328125,0.015322964640938127,0.4592627704625003,0
INFY,2025-11-20,1536.5,1555.0,1534.0,1555.0,7387584,-0.0029848651345208976,1523.9857177734375,1506.4928676060267,1490.2252807617188,0.015129523818863054,-0.3272471329442901,1
INFY,2025-11-21,1545.0,1551.5,1526.300048828125,1531.0,9186302,0.0055320533680442985,1523.0285818917412,1510.971435546875,1492.6433349609374,0.014528981103353131,0.2434785174693106,1
INFY,2025-11-24,1548.0,1585.0,1541.0,1563.5999755859375,19270381,0.001941747572815622,1523.9142892020088,1515.4357212611608,1494.6919067382812,0.01445324196593431,1.0977299679457522,0
INFY,2025-11-25,1530.5999755859375,1550.5999755859375,1525.9000244140625,1549.0,8107952,-0.011240325848877575,1527.885707310268,1519.9142892020088,1495.9766276041667,0.014629346961047774,-0.5792531553994703,1
INFY,2025-11-26,1557.9000244140625,1560.300048828125,1532.0999755859375,1532.0999755859375,7575038,0.01783617487493694,1535.0714285714287,1526.4285801478795,1498.8837809244792,0.01464955952153897,-0.0657273254701064,1
INFY,2025-11-27,1566.4000244140625,1574.300048828125,1552.199951171875,1564.0,7552252,0.005456062562934294,1546.5,1532.828578404018,1502.1826049804688,0.01463999724542243,-0.003008037715454326,0
INFY,2025-11-28,1560.0999755859375,1568.4000244140625,1557.0,1565.0,4453221,-0.004021992294389598,1549.2142857142858,1536.1571480887276,1505.7803019205728,0.014494992135790627,-0.41034528508847423,1
INFY,2025-12-01,1564.0,1574.0,1556.0,1562.5,5341800,0.00249985544201925,1553.142857142857,1538.5642874581474,1509.6032104492188,0.014470517509280625,0.1995362457870382,0
INFY,2025-12-02,1561.0,1579.9000244140625,1556.0999755859375,1567.0,6335969,-0.0019181585677748858,1555.4285714285713,1539.2285766601562,1514.3241739908854,0.013819794284743725,0.18611123591298817,1
INFY,2025-12-03,1578.699951171875,1586.0,1554.0999755859375,1555.0999755859375,12895312,0.011338854049887992,1559.8142787388392,1541.8642839704241,1518.985087076823,0.0137639000691481,1.0352549073393509,1
INFY,2025-12-04,1597.5999755859375,1599.0,1568.0,1568.0,12609619,0.01197189142878785,1569.385707310268,1548.635707310268,1523.8984456380208,0.013832209043747531,-0.022154795479163325,1
INFY,2025-12-05,1616.199951171875,1631.800048828125,1600.0,1610.0,10344725,0.011642448591748122,1577.7142682756696,1556.3928484235491,1527.5900024414063,0.012296576183580085,-0.17961637064529867,0
INFY,2025-12-08,1610.800048828125,1630.0,1600.199951171875,1617.0999755859375,7550413,-0.0033411103247680263,1584.05712890625,1565.278564453125,1531.2033365885416,0.012315355874869422,-0.27011950535176144,0
INFY,2025-12-09,1599.0,1606.9000244140625,1582.4000244140625,1601.199951171875,6957599,-0.007325582611392156,1589.6142752511162,1569.4142804827009,1534.3533365885417,0.012442113546687615,-0.07851411571790845,0
INFY,2025-12-10,1584.800048828125,1608.0,1582.800048828125,1608.0,5116140,-0.008880519807301424,1592.5857107979912,1572.8642839704241,1537.17333984375,0.012572882830795013,-0.26466874564055787,1
INFY,2025-12-11,1598.0,1607.4000244140625,1580.5,1598.0,5159319,0.008329095636787631,1597.8714250837054,1576.6499982561384,1540.0933390299479,0.012596494444633668,0.00843976122623702,1
INFY,2025-12-12,1598.199951171875,1601.800048828125,1582.5999755859375,1601.4000244140625,4633912,0.00012512588978408345,1600.6571393694196,1580.2357090541295,1543.5733357747397,0.012363841662277103,-0.10183650206548578,1
INFY,2025-12-15,1606.800048828125,1610.800048828125,1585.0,1585.0,4190558,0.005381114953697752,1601.971435546875,1585.6785714285713,1547.7233357747396,0.01222795890312082,-0.09567596449824689,0
INFY,2025-12-16,1592.9000244140625,1603.0,1585.5999755859375,1600.0,5499258,-0.008650749310220696,1598.6428745814733,1588.1785714285713,1551.3033365885417,0.012404389246960855,0.31229731219565515,1
INFY,2025-12-17,1602.0,1606.9000244140625,1586.0,1587.199951171875,4817628,0.005712835360954127,1597.3857247488838,1590.721426827567,1555.7733357747395,0.01211976110273756,-0.12394944918023487,1
INFY,2025-12-18,1626.800048828125,1630.0,1606.699951171875,1610.5,6577293,0.015480679667993158,1601.3571602957588,1595.4857177734375,1561.1100056966145,0.012307094901201184,0.3652554742707408,1
INFY,2025-12-19,1638.699951171875,1654.9000244140625,1629.800048828125,1650.0,13149023,0.007314913933228695,1609.0571463448662,1600.8214285714287,1566.5066691080729,0.012311371291888081,0.9991542113145939,1
INFY,2025-12-22,1689.5999755859375,1693.199951171875,1664.0,1664.0,23098923,0.031061222878332684,1622.142857142857,1610.0071411132812,1572.3766682942708,0.01272713664760418,0.7567026082470159,0
INFY,2025-12-23,1668.300048828125,1679.0,1656.4000244140625,1679.0,6593060,-0.01260649092423538,1632.1571568080358,1616.4071480887276,1576.976668294271,0.012988534043294392,-0.7145728396081497,0
INFY,2025-12-24,1663.4000244140625,1667.5999755859375,1652.5,1661.0,4271167,-0.0029371361689429776,1640.2428676060267,1621.1071515764509,1580.7000040690104,0.012860212428601657,-0.3521722841897389,0
INFY,2025-12-26,1656.0999755859375,1668.800048828125,1651.699951171875,1663.4000244140625,2006491,-0.004388630949248906,1649.2714320591517,1623.9571533203125,1584.5100016276042,0.012818406147348086,-0.530224175266385,0
INFY,2025-12-29,1644.699951171875,1673.0999755859375,1637.0999755859375,1658.0,4062817,-0.006883657135511423,1655.3714250837054,1626.3785749162946,1589.2399983723958,0.011847434942881215,1.0248368918674444,0
INFY,2025-12-30,1621.5999755859375,1647.9000244140625,1616.800048828125,1647.0,9395937,-0.014045100183458059,1654.6285574776787,1627.9928588867188,1593.0399983723958,0.012252815643600442,1.3126655716956979,0
INFY,2025-12-31,1615.4000244140625,1628.5999755859375,1609.199951171875,1621.0,6538656,-0.003823354258274958,1651.2999965122767,1630.1785714285713,1597.339998372396,0.011913347901609703,-0.3040975051237572,1
INFY,2026-01-01,1629.800048828125,1639.5999755859375,1614.0999755859375,1615.4000244140625,3658165,0.008914215795734926,1642.7571498325892,1632.4500034877233,1600.2966674804688,0.010126629464124811,-0.4405325803957266,1
INFY,2026-01-02,1640.4000244140625,1643.5,1627.5,1635.9000244140625,2524526,0.006503850330326744,1638.7714320591517,1635.4642944335938,1603.7600016276042,0.010116446303664905,-0.30989280144553344,0
INFY,2026-01-05,1606.4000244140625,1637.0,1583.0999755859375,1637.0,5917885,-0.02072665172761412,1630.6285749162946,1635.4357212611608,1605.8066691080728,0.010924807715102288,1.3441568833119564,1
INFY,2026-01-06,1612.199951171875,1619.9000244140625,1599.0,1600.0999755859375,4466729,0.0036105121200604717,1624.357142857143,1636.8142874581474,1607.9466674804687,0.010932131797643267,-0.24521530918562962,1
INFY,2026-01-07,1639.0,1642.0,1615.0,1615.0,4508079,0.016623278526118668,1623.5428641183037,1639.4571446010045,1611.5600016276042,0.011003449866380879,0.009257333498405629,0
INFY,2026-01-08,1613.300048828125,1644.300048828125,1608.5999755859375,1638.9000244140625,3942131,-0.015680263070088518,1622.3571602957588,1638.4928588867188,1613.406669108073,0.011077272743050561,-0.12554083457721132,1
INFY,2026-01-09,1614.0999755859375,1631.300048828125,1607.0,1610.0,6816681,0.0004958326000135127,1622.1714390345983,1636.7357177734375,1614.9966674804687,0.011048916926454383,0.7291868281393998,0
INFY,2026-01-12,1595.9000244140625,1613.300048828125,1592.5999755859375,1610.0999755859375,6985362,-0.011275603399515721,1617.328578404018,1630.0428641183037,1616.1900024414062,0.011241630729565372,0.02474532694136644,1
INFY,2026-01-13,1599.0,1618.0,1586.4000244140625,1618.0,8080618,0.0019424622711410322,1611.4142892020088,1625.0928606305804,1617.356669108073,0.011239214541226407,0.15679301945983615,1
INFY,2026-01-14,1599.800048828125,1617.0,1583.0999755859375,1588.0,7557157,0.0005003432320982437,1610.471435546875,1620.550005231585,1618.6500040690105,0.011227721832300567,-0.06477982253337555,0
INFY,2026-01-15,1599.800048828125,1599.800048828125,1599.800048828125,1599.800048828125,0,0.0,1608.7000209263392,1616.5285818917412,1619.353340657552,0.011052974762271172,-1.0,1
INFY,2026-01-16,1689.800048828125,1694.0,1653.4000244140625,1663.699951171875,19335957,0.05625703041197316,1615.9571707589287,1619.7500174386162,1622.4266764322917,0.014918879732013175,inf,0
INFY,2026-01-19,1681.199951171875,1685.0,1666.5,1685.0,5104958,-0.0050894173320767955,1625.6571568080358,1624.0071585518974,1624.5933430989583,0.014857739360924905,-0.7359862767588902,0
INFY,2026-01-20,1658.9000244140625,1680.199951171875,1652.9000244140625,1673.0,6406503,-0.013264291818631313,1632.057163783482,1627.11430140904,1626.1966756184895,0.015076239499002496,0.2549570437210258,0
INFY,2026-01-21,1654.4000244140625,1657.0,1631.199951171875,1651.0,6224582,-0.0027126408667028645,1640.414306640625,1628.8714425223213,1628.0433430989583,0.015010838995292397,-0.028396302944055485,1
INFY,2026-01-22,1663.5,1671.199951171875,1653.800048828125,1666.0,6228892,0.005500468720774032,1649.6285923549108,1630.52144077846,1630.6666748046875,0.014905659500965845,0.0006924159726708901,1
INFY,2026-01-23,1670.800048828125,1675.699951171875,1662.199951171875,1667.199951171875,5869137,0.004388367194544607,1659.771449497768,1635.1214425223213,1633.0933430989583,0.01486273097538013,-0.05775585770310354,1
INFY,2026-01-27,1682.699951171875,1689.4000244140625,1661.0999755859375,1685.800048828125,10673087,0.0071222779482778,1671.614292689732,1640.1571568080358,1635.910009765625,0.014893805055775082,0.818510455625759,0
INFY,2026-01-28,1666.5,1688.800048828125,1650.0,1680.0,8588664,-0.009627355822167227,1668.2857142857142,1642.1214425223213,1637.900008138021,0.015021725501475559,-0.1952971057014714,0
INFY,2026-01-29,1659.5,1666.5,1642.0999755859375,1658.0,4749582,-0.00420042004200416,1665.1857212611608,1645.4214390345983,1640.1200073242187,0.014941586482346706,-0.44699408429529897,0
INFY,2026-01-30,1641.0,1655.0,1618.0999755859375,1655.0,9207926,-0.01114793612533893,1662.6285749162946,1647.3428693498884,1641.4200073242187,0.015092918284350243,0.9386813408000956,0
INFY,2026-02-02,1629.4000244140625,1662.0,1618.0,1662.0,6784887,-0.0070688455733927125,1659.0571463448662,1649.7357264927455,1641.5066731770833,0.014902565121794956,-0.2631470974028245,1
INFY,2026-02-03,1656.0,1728.0,1653.0,1727.199951171875,8805868,0.01632501238945472,1657.9857177734375,1653.8071550641741,1642.083341471354,0.015140652720612886,0.2978650934053877,0
INFY,2026-02-04,1535.800048828125,1584.9000244140625,1510.0999755859375,1574.0,28828622,-0.07258451157721924,1638.7000034877233,1649.2357264927455,1636.9566772460937,0.019198328464408252,2.2737967455337738,0
INFY,2026-02-05,1520.199951171875,1551.0,1515.699951171875,1534.0,10628127,-0.010157635864221692,1615.4857177734375,1643.550005231585,1632.0200073242188,0.019161227046194666,-0.6313341997407993,0
INFY,2026-02-06,1507.0999755859375,1525.0,1480.0,1522.0999755859375,13900866,-0.008617271416065497,1592.7142857142858,1630.5,1626.8100056966146,0.01918950290403138,0.3079318679575431,0
INFY,2026-02-09,1497.199951171875,1528.0,1493.0,1522.0999755859375,8294615,-0.006568923478492916,1569.528564453125,1617.357142857143,1621.513338216146,0.019198663795532356,-0.4033022834692457,1
INFY,2026-02-10,1497.800048828125,1515.9000244140625,1491.0,1500.0,8657000,0.0004008133020445559,1549.0714285714287,1605.8500017438616,1616.6166748046876,0.01919622368565785,0.04368918870857774,0
INFY,2026-02-11,1471.9000244140625,1505.9000244140625,1469.0,1501.199951171875,7934411,-0.017292044044414756,1526.5714285714287,1592.8142874581474,1611.6266764322916,0.019270044336191672,-0.08346875360979555,0
INFY,2026-02-12,1386.0,1435.699951171875,1380.5,1428.9000244140625,26048896,-0.05835995854966969,1488.0,1572.9928588867188,1603.9800089518228,0.02175811765938462,2.283028318044024,0
INFY,2026-02-13,1369.0999755859375,1377.300048828125,1281.5,1293.9000244140625,45785709,-0.012193379808125848,1464.1857038225446,1551.4428536551338,1595.2900065104166,0.021638302809418888,0.7576832814718903,0
INFY,2026-02-16,1365.5999755859375,1376.0,1338.300048828125,1373.699951171875,14621891,-0.0025564239737145833,1442.0999930245537,1528.7928553989955,1586.1300048828125,0.021527014683161764,-0.680645089497249,1
INFY,2026-02-17,1391.199951171875,1431.0,1367.0,1370.0,25347684,0.01874632106298435,1425.5428466796875,1509.1285661969866,1578.956669108073,0.0217920331879977,0.733543493109065,0
INFY,2026-02-18,1373.699951171875,1401.0,1345.300048828125,1390.9000244140625,20241373,-0.012579068871630517,1407.8999895368304,1488.7142769949776,1571.0066691080729,0.02178344902485689,-0.2014507913227891,0
INFY,2026-02-19,1370.5,1402.0,1363.199951171875,1385.0,14574228,-0.002329439677962508,1389.7142682756696,1469.3928484235491,1562.0566691080728,0.021403556525952067,-0.27997829001026764,0
INFY,2026-02-20,1353.199951171875,1365.0,1338.199951171875,1359.199951171875,12633552,-0.012623165872400532,1372.757114955357,1449.664271763393,1553.3866658528646,0.021361741065126682,-0.1331580650446802,0
INFY,2026-02-23,1327.5,1352.0,1318.0,1352.0,12887826,-0.018991983519966005,1364.3999720982142,1426.199986049107,1543.8333333333333,0.021465435388653333,0.02012688118115946,0
INFY,2026-02-24,1275.5,1303.5999755859375,1264.0999755859375,1301.0,27839061,-0.03917137476459509,1351.0285470145088,1407.6071254185267,1533.1533325195312,0.022278617701249604,1.1601052807509973,1
INFY,2026-02-25,1290.0999755859375,1323.5999755859375,1286.199951171875,1286.199951171875,16669618,0.011446472431154486,1340.2428327287946,1391.1714128766741,1522.8566650390626,0.022479748015045264,-0.4012147895361844,0
INFY,2026-02-26,1289.0999755859375,1314.0,1286.300048828125,1305.5,11493914,-0.0007751337252338564,1325.6571219308037,1375.5999843052455,1512.4999959309896,0.02246650732234525,-0.3104872589161911,1
INFY,2026-02-27,1300.0999755859375,1335.0,1294.199951171875,1326.300048828125,23141724,0.008533085259737172,1315.1428397042412,1361.5214146205358,1502.5099934895834,0.022610746387677225,1.0133893467447206,0
INFY,2026-03-02,1288.9000244140625,1298.800048828125,1273.0,1291.0,9700361,-0.008614684549030471,1303.4857003348213,1346.5999843052455,1489.146659342448,0.019238746808363245,-0.5808280748659866,1
INFY,2026-03-04,1307.4000244140625,1317.0,1292.0,1292.0,15154950,0.01435332426842817,1296.9428536551338,1334.8499843052455,1476.686661783854,0.01969031013778275,0.5623078357599269,0
INFY,2026-03-05,1305.800048828125,1320.0,1290.0999755859375,1320.0,10362147,-0.0012237842711182445,1293.8428606305804,1329.1214163643974,1464.9166625976563,0.01970526072941527,-0.3162533033761247,1
INFY,2026-03-06,1308.4000244140625,1327.199951171875,1303.0,1303.0,8724291,0.0019910977858139667,1298.5428641183037,1324.7857055664062,1453.3833292643228,0.019765367868362638,-0.1580614519365533,1
INFY,2026-03-09,1315.0,1318.0,1282.5,1290.0,10068514,0.005044310197787727,1302.1000104631696,1321.171421595982,1441.7666625976562,0.019755118388414004,0.15407819386125476,0
INFY,2026-03-10,1295.5999755859375,1321.0,1284.0999755859375,1320.0,9600171,-0.014752870276853569,1303.0285818917412,1314.3428519112724,1429.2599934895834,0.01966309521451574,-0.04651560299762214,0
INFY,2026-03-11,1276.300048828125,1299.5,1271.300048828125,1288.0,7868891,-0.014896516765588896,1299.6285923549108,1307.3857160295759,1415.713330078125,0.019479635111455982,-0.18033845438794793,0
INFY,2026-03-12,1265.800048828125,1278.5999755859375,1258.0,1272.5,7599940,-0.00822690558512551,1296.3285958426338,1299.9071480887276,1402.3566650390626,0.019479715941019837,-0.03417902217733093,0
INFY,2026-03-13,1248.300048828125,1269.5999755859375,1242.5999755859375,1251.0,7366098,-0.013825248321171602,1287.8857421875,1292.414297921317,1388.65,0.019478285154159565,-0.030768927123108858,1
INFY,2026-03-16,1249.800048828125,1254.300048828125,1224.199951171875,1240.199951171875,12314450,0.0012016341755398674,1279.8857421875,1286.86430140904,1375.610001627604,0.019567243330470135,0.6717738482436699,0
INFY,2026-03-17,1232.9000244140625,1245.0,1215.0999755859375,1245.0,11223276,-0.01352218255224813,1269.1000279017858,1283.8214460100446,1362.3933349609374,0.019582503718996763,-0.0886092354916379,1
INFY,2026-03-18,1267.0999755859375,1290.800048828125,1234.9000244140625,1238.0,12365381,0.02773943587853256,1262.2571672712054,1282.1785888671875,1349.430000813802,0.02019408526829449,0.10176217710408264,0
INFY,2026-03-19,1220.800048828125,1255.0,1215.0999755859375,1244.199951171875,9156461,-0.03654007390885028,1251.5714634486608,1277.3000226702009,1338.930000813802,0.017095407899429076,-0.25950838069607396,1
INFY,2026-03-20,1255.9000244140625,1264.800048828125,1229.199951171875,1242.0,27299975,0.02875161712160046,1248.6571742466517,1274.1428833007812,1330.1200032552083,0.018317442702799204,1.9814985287438018,1
INFY,2026-03-23,1256.800048828125,1261.0999755859375,1227.4000244140625,1238.199951171875,12420293,0.0007166369906572712,1247.3714599609375,1271.8500279017858,1321.7766723632812,0.01835388177905191,-0.5450437958276518,1
INFY,2026-03-24,1278.300048828125,1297.0,1251.0,1269.0,13613495,0.017106937591263804,1251.6571742466517,1269.7714582170759,1314.4800089518228,0.018825770732133793,0.09606874813661803,1
INFY,2026-03-25,1279.0999755859375,1290.5999755859375,1257.0999755859375,1270.0,10824030,0.0006257738615795816,1255.8428780691963,1267.8643101283483,1307.1900065104167,0.01882807437760391,-0.20490439817254869,0
INFY,2026-03-27,1269.699951171875,1294.800048828125,1263.199951171875,1285.199951171875,13092541,-0.007348936434586784,1261.1000104631696,1265.1000191824776,1300.4500040690104,0.018692606675024308,0.20958099709627565,0
INFY,2026-03-30,1250.5999755859375,1265.5,1243.0,1250.0,14108486,-0.015042904875525176,1258.7428676060267,1260.5000174386162,1295.936669921875,0.01586767719251863,0.07759723647227834,1
INFY,2026-04-01,1275.699951171875,1303.0,1269.5,1290.0,8137156,0.02007034709414368,1266.5857107979912,1259.0785871233259,1292.8233357747397,0.01633063895621836,-0.42324385479774373,1
INFY,2026-04-02,1300.800048828125,1305.4000244140625,1259.800048828125,1260.0,12873492,0.019675549593925146,1273.0,1260.8285871233259,1290.6633382161458,0.016812319713990404,0.5820628239153827,1
INFY,2026-04-06,1306.199951171875,1320.0,1299.0,1301.4000244140625,10208682,0.004151216283098114,1280.05712890625,1263.7142944335938,1287.8300048828125,0.016413214430250622,-0.2069997790809207,1
INFY,2026-04-07,1339.4000244140625,1345.0999755859375,1293.5,1302.0,15355792,0.02541729787418956,1288.7856968470983,1270.221435546875,1286.6866739908853,0.017020973779123243,0.5041894732346448,1
INFY,2026-04-08,1346.199951171875,1376.9000244140625,1331.0,1349.0,16030133,0.005076845329151869,1298.3714076450892,1277.107142857143,1285.8766723632812,0.017050241370418003,0.04391443958084351,0
INFY,2026-04-09,1331.5999755859375,1337.5,1314.0,1329.9000244140625,14894607,-0.010845324703234516,1307.2142682756696,1284.1571393694196,1285.1566731770833,0.01700953172761629,-0.07083696685486018,0
INFY,2026-04-10,1292.5,1318.9000244140625,1283.300048828125,1318.0,19233369,-0.02936315432773462,1313.199986049107,1285.971426827567,1283.9900065104166,0.01749887040786956,0.29129751459706177,0
INFY,2026-04-13,1276.800048828125,1289.0,1265.699951171875,1272.0,10366082,-0.012146964156189544,1313.357142857143,1289.971426827567,1284.033341471354,0.016091327079605765,-0.4610365973844728,1
INFY,2026-04-15,1305.300048828125,1322.5,1300.5,1306.300048828125,12098912,0.022321427717799658,1314.0,1293.5,1284.5400105794272,0.01647235136071233,0.1671634470960195,1
INFY,2026-04-16,1319.199951171875,1331.0,1309.0,1322.0999755859375,18527029,0.0106488177612718,1315.857142857143,1297.9571358816963,1285.5433430989583,0.01657307567863644,0.5312971116741736,0
INFY,2026-04-17,1318.699951171875,1328.300048828125,1306.0999755859375,1313.0,12064048,-0.0003790176004447865,1312.8999895368304,1300.8428431919642,1286.1633422851562,0.016511341661556645,-0.34884065869384673,0
INFY,2026-04-20,1312.5999755859375,1324.9000244140625,1308.0999755859375,1320.0,7172300,-0.004625749459167494,1308.0999930245537,1303.2357003348213,1286.9533406575522,0.016450481417207254,-0.40548147686415037,1
INFY,2026-04-21,1313.199951171875,1325.0,1299.300048828125,1310.0,10057440,0.00045708943859290585,1305.4714181082588,1306.3428431919642,1287.1466715494792,0.016248298101216068,0.4022614781869136,0
INFY,2026-04-22,1268.5999755859375,1297.699951171875,1255.9000244140625,1295.0,20088378,-0.033962821538439214,1302.05712890625,1307.6285574776787,1285.906669108073,0.017410338222463486,0.9973649358087147,0
INFY,2026-04-23,1240.5999755859375,1265.699951171875,1226.0,1254.0,14792854,-0.02207157538929283,1296.8856898716517,1305.1214163643974,1283.6466674804688,0.01782587376049404,-0.2636113279031289,0
INFY,2026-04-24,1154.5999755859375,1223.9000244140625,1152.199951171875,1200.0,42078914,-0.06932129751121596,1275.3571079799108,1294.6785539899554,1278.3,0.02163177247116934,1.8445433180101691,1
INFY,2026-04-27,1170.300048828125,1179.9000244140625,1154.5,1154.5999755859375,19579883,0.013597846504560973,1254.085693359375,1284.9714181082588,1274.1233357747396,0.021769041190624176,-0.5346865891073139,0
INFY,2026-04-28,1152.0999755859375,1169.4000244140625,1149.800048828125,1162.699951171875,12720276,-0.015551629909280162,1230.2856968470983,1271.5928431919642,1269.9833333333333,0.021781553655470586,-0.3503395296080165,1
INFY,2026-04-29,1167.5,1178.199951171875,1156.800048828125,1158.5,8303109,0.013366916708968946,1209.55712890625,1258.8285609654017,1266.7066650390625,0.02196483594749855,-0.34725402184669574,1
INFY,2026-04-30,1181.800048828125,1189.800048828125,1159.5999755859375,1167.5,12205669,0.012248435827087789,1190.7857142857142,1248.1285661969866,1264.4899983723958,0.02201517048771563,0.4700118955441872,0
INFY,2026-05-01,1181.800048828125,1181.800048828125,1181.800048828125,1181.800048828125,0,0.0,1178.3857247488838,1240.221426827567,1262.2233317057292,0.02201101852313725,-1.0,0
INFY,2026-05-04,1168.4000244140625,1195.0,1165.199951171875,1195.0,7735811,-0.011338656168909389,1168.0714460100446,1232.4785679408483,1260.073331705729,0.02197390012326134,inf,1
INFY,2026-05-05,1178.0999755859375,1185.199951171875,1160.0999755859375,1169.5,8164108,0.008301909422451015,1171.4285888671875,1223.3928484235491,1257.1066650390626,0.02135837560712673,0.055365494322443976,0
INFY,2026-05-06,1167.199951171875,1191.5,1164.0999755859375,1187.0,9856963,-0.009252206637761162,1170.9857177734375,1212.5357055664062,1255.3199951171875,0.020405293707440972,0.2073533324154948,0
INFY,2026-05-07,1162.699951171875,1175.4000244140625,1159.199951171875,1173.0,12013987,-0.0038553805588168455,1172.5,1201.3928484235491,1252.2133260091146,0.019602526533432064,0.21883251463965125,1
INFY,2026-05-08,1179.199951171875,1183.5,1158.800048828125,1161.0,7582770,0.014191107502300904,1174.171421595982,1191.8642752511162,1249.6266560872396,0.019828926268828376,-0.36883817170769373,0
INFY,2026-05-11,1177.0,1187.0,1172.0999755859375,1176.0,7336288,-0.0018656303112026817,1173.4857003348213,1182.135707310268,1246.2499877929688,0.019500724456831833,-0.032505535576049405,0
INFY,2026-05-12,1140.300048828125,1162.0,1123.0,1162.0,16891948,-0.031180927078908294,1167.55712890625,1172.971426827567,1241.6233235677084,0.020174507346347795,1.3025197484068238,0
INFY,2026-05-13,1123.0999755859375,1142.5999755859375,1121.0,1136.5999755859375,6664111,-0.01508381347511456,1161.085693359375,1164.57856968471,1236.7366577148437,0.020272979566859695,-0.6054859392179043,0
INFY,2026-05-14,1095.0,1121.9000244140625,1089.0,1119.800048828125,16914842,-0.025020012640706635,1149.2142682756696,1160.3214285714287,1231.5499918619792,0.020542482496285125,1.538199318708827,1
INFY,2026-05-15,1119.0,1133.199951171875,1101.5999755859375,1102.0,17482450,0.021917808219177992,1142.3285609654017,1156.6571393694196,1226.32666015625,0.02062040520200417,0.03355680177207687,1
INFY,2026-05-18,1142.5,1146.0999755859375,1118.0,1119.0,12096377,0.021000893655049202,1139.4428536551338,1155.971426827567,1221.0499918619792,0.020674558395681455,-0.3080845648064201,1
INFY,2026-05-19,1196.9000244140625,1198.4000244140625,1162.0,1162.0,32175705,0.04761490101887311,1141.971435546875,1158.0714285714287,1217.4066609700521,0.02269706411054826,1.6599456184277326,0
INFY,2026-05-20,1193.699951171875,1206.9000244140625,1184.9000244140625,1187.0,15121010,-0.0026736345366473735,1144.357142857143,1158.921421595982,1212.5499918619792,0.022069708485891633,-0.5300488365367597,0
INFY,2026-05-21,1181.199951171875,1201.800048828125,1177.0,1196.0999755859375,10021033,-0.010471643219662097,1150.199986049107,1158.8785574776787,1207.0499918619792,0.022041634592018296,-0.3372775363550451,0
INFY,2026-05-22,1174.5,1191.800048828125,1172.5,1182.5,8803066,-0.0056721566617302654,1157.5428466796875,1159.3142700195312,1201.8133260091147,0.0220073453814857,-0.12154106268285914,0
INFY,2026-05-25,1168.5,1185.0,1166.0999755859375,1183.0,5856136,-0.005108556832694733,1168.0428466796875,1158.6285574776787,1197.6799926757812,0.021480338698589292,-0.33476177504519444,0
INFY,2026-05-26,1167.699951171875,1180.699951171875,1162.9000244140625,1166.300048828125,8005767,-0.0006846802123449125,1174.9999825613838,1158.664271763393,1194.0433227539063,0.021416275750934834,0.3670732715223828,0
INFY,2026-05-27,1161.5999755859375,1167.300048828125,1155.0,1161.0,2812357,-0.005223923816915277,1177.728550502232,1158.585702078683,1189.2533203125,0.02088836429181514,-0.6487086121791954,0
TCS,2024-05-27,3585.412109375,3642.5431408365193,3580.099811979568,3592.8213842320465,1841538,0.0,,,,,,0
TCS,2024-05-28,3578.748046875,3606.8010348271864,3569.5214375679907,3595.617155649428,1801993,-0.001858660119592681,,,,,-0.021473898447927797,0
TCS,2024-05-29,3544.963623046875,3587.136169958731,3541.5619506089633,3587.136169958731,1568095,-0.009440291237497456,,,,,-0.12979961631371484,0
TCS,2024-05-30,3482.0078125,3536.342645636951,3462.7620831275535,3520.126111198893,2919230,-0.0177592261137971,,,,,0.8616410357790822,0
TCS,2024-05-31,3421.288330078125,3494.7758258285726,3405.258149060957,3485.642279161951,10956800,-0.017438066107692052,,,,,2.753318512073389,1
TCS,2024-06-03,3451.01904296875,3496.406907573954,3444.634820860251,3478.9320961856615,2156773,0.008689917370964695,,,,,-0.8031566698306075,1
TCS,2024-06-04,3462.342529296875,3490.3022267070783,3347.2417749582037,3448.362680591773,3395997,0.003281200766247938,3503.6830705915177,,,,0.574573216560111,1
TCS,2024-06-05,3491.65380859375,3526.4637252968946,3448.3629196102897,3463.274759262659,2799670,0.008465736433889814,3490.2890276227677,,,,-0.17559703380185554,1
TCS,2024-06-06,3569.89404296875,3578.7479470708913,3487.040231385456,3523.853832652254,4328036,0.022407786872350677,3489.024169921875,,,,0.5459093393149907,1
TCS,2024-06-07,3629.122314453125,3648.740748916949,3576.3251734304413,3576.3251734304413,4552445,0.016591044656081744,3501.0468401227677,,,,0.05185007703263089,0
TCS,2024-06-10,3596.269775390625,3640.259657979909,3580.6122978489143,3630.101057972248,1734661,-0.009052475010738359,3517.3699776785716,,,,-0.6189605805232133,0
TCS,2024-06-11,3590.118896484375,3616.074682376751,3579.773716105295,3583.5016762366204,1419898,-0.0017103496929904427,3541.4886300223216,,,,-0.18145505087161118,0
TCS,2024-06-12,3571.059326171875,3628.7029976160984,3567.145013751887,3610.901897932011,2177001,-0.0053088966861694065,3558.6372419084823,,,,0.5332094277194559,1
TCS,2024-06-13,3614.396728515625,3625.4409004223,3590.0252823719024,3594.498879632959,1932323,0.012135727352983183,3580.3592703683034,3542.021170479911,,,-0.11239223133108345,0
TCS,2024-06-14,3571.431884765625,3624.5086632156554,3567.657280223587,3624.5086632156554,1860730,-0.011887141057601913,3591.7561383928573,3541.0225830078125,,,-0.037050224004992915,0
TCS,2024-06-18,3555.635498046875,3580.7059405566774,3536.949051157932,3565.840744067161,1774045,-0.00442298417789555,3589.7192034040177,3539.3716866629466,,,-0.04658655473926898,0
TCS,2024-06-19,3543.146484375,3573.1101006391245,3534.991571536935,3567.331580370277,1509050,-0.003512456121763652,3577.436941964286,3539.2418910435267,,,-0.1493733248029221,0
TCS,2024-06-20,3529.678955078125,3550.8350815373415,3522.968672913241,3537.833867179764,2846526,-0.003801008328689126,3567.9239676339284,3542.64697265625,,,0.8863033034028032,1
TCS,2024-06-21,3551.580810546875,3614.070784112236,3539.7445833273214,3566.725647697406,4642195,0.006205055968968587,3562.418526785714,3551.9535784040177,,,0.6308282446743856,1
TCS,2024-06-24,3557.219482421875,3594.6854349663126,3533.4537373890407,3549.7169174041856,1702154,0.0015876512955175226,3560.44140625,3559.539324079241,,,-0.6333299225904987,1
TCS,2024-06-25,3577.396728515625,3585.9709904295314,3534.9445413738563,3557.4055898723664,1338808,0.0056721959928129895,3555.155691964286,3567.757481166295,,,-0.21346247166825094,1
TCS,2024-06-26,3593.61376953125,3603.958722115837,3579.7736268740387,3583.035591907639,1639845,0.004533196132919137,3558.324532645089,3575.0403355189733,,,0.2248544974335378,1
TCS,2024-06-27,3666.58837890625,3673.9045914436874,3558.4311210986525,3570.453701121453,4526556,0.020306748041128087,3574.1749441964284,3581.9470738002233,,,1.7603560092569723,0
TCS,2024-06-28,3638.628662109375,3690.6803945471183,3632.757307147346,3651.350462112552,2731571,-0.0076255401227272035,3587.815255301339,3582.6260986328125,,,-0.39654540891574075,1
TCS,2024-07-01,3707.642578125,3729.544343158271,3619.849165498956,3619.849165498956,2658723,0.018967012691978535,3613.2386300223216,3590.581298828125,,,-0.026668902254416982,1
TCS,2024-07-02,3744.1767578125,3749.768698145293,3711.697040901507,3721.9955765217287,2307449,0.00985374909195702,3640.7523367745534,3601.585431780134,,,-0.13212132290577094,0
TCS,2024-07-03,3695.573486328125,3752.285170973208,3686.02058846926,3746.599940744987,1821198,-0.012981030177851682,3660.5171944754466,3610.4793003627233,,,-0.21073098473682406,1
TCS,2024-07-04,3747.4853515625,3772.0900254407375,3711.277674588624,3727.8204980005016,2518001,0.014047039093235236,3684.8155691964284,3619.9856305803573,,,0.38260694334169054,0
TCS,2024-07-05,3738.957275390625,3752.8904794437894,3716.775869378986,3737.279647996422,1668616,-0.002275679654976992,3705.578927176339,3631.951729910714,,,-0.337325124175884,0
TCS,2024-07-08,3721.6220703125,3757.084331964001,3707.5025141632937,3748.4634252798046,1758882,-0.0046363742084519766,3713.4408830915177,3643.8079136439733,3590.955818684896,0.010920043146256816,0.054096328933679105,0
TCS,2024-07-09,3714.44580078125,3734.4369389213416,3704.753196694115,3713.979805824434,1305801,-0.0019282639117215172,3724.271902901786,3656.0435791015625,3595.256941731771,0.010933632123072044,-0.25759601837985724,0
TCS,2024-07-10,3643.288818359375,3731.03581821931,3636.6251805066217,3712.7687221974984,2669716,-0.019156823450461657,3715.0785086495534,3664.1585693359375,3597.40830078125,0.011541724437425875,1.0445044842207962,1
TCS,2024-07-11,3656.84912109375,3709.320203652745,3630.6603385899334,3663.6526936077744,4872189,0.003721994991459754,3702.6031319754466,3671.677734375,3601.1378173828125,0.011393750881555196,0.8249840057893798,1
TCS,2024-07-12,3899.39990234375,3914.3117429549025,3701.2120841991746,3709.3203520241623,13509164,0.06632780659472592,3731.72119140625,3696.1191929408483,3615.050887044271,0.01600451180354875,1.7727093509714011,0
TCS,2024-07-15,3885.65283203125,3951.637541017052,3874.3287896416814,3947.630166106164,4848030,-0.003525432286192842,3751.459402901786,3718.1374860491073,3630.5297037760415,0.015560235370162455,-0.6411302727541097,1
TCS,2024-07-16,3894.274169921875,3909.2788462981134,3863.0056293878542,3888.2626518177226,2029521,0.002218761753380427,3773.647530691964,3739.6132289341517,3645.3048746744794,0.015543066708002101,-0.58137202121274,1
TCS,2024-07-18,4022.04931640625,4030.8568040536543,3877.078451991492,3877.078451991492,5613364,0.03281102996580709,3816.5657087053573,3765.0032958984375,3663.961767578125,0.016397704840504505,1.765856574038899,0
TCS,2024-07-19,4019.1064453125,4071.7461454391314,4003.085786003565,4033.118763564657,3903354,-0.0007316844877425233,3860.0886579241073,3792.1802804129466,3681.543522135417,0.016419235972578085,-0.3046319461912679,0
TCS,2024-07-22,4005.0478515625,4035.501383022473,3984.1694048386576,4016.8182908544136,1896386,-0.003497940137016431,3911.7685198102677,3813.423514229911,3696.048649088542,0.016141650995225677,-0.5141649975892527,1
TCS,2024-07-23,4019.06005859375,4074.502224282176,3985.383512221981,4000.9840761992705,2365208,0.0034986366082450093,3963.512939453125,3833.058035714286,3709.0465738932294,0.015964506878907467,0.24721865696118828,1
TCS,2024-07-24,4022.70263671875,4053.3897019049946,3987.0647353547406,4005.187240622732,1809793,0.0009063258751784709,3981.127615792411,3856.42440359933,3723.2610026041666,0.01579655438061914,-0.23482712725476995,1
TCS,2024-07-25,4037.8828125,4057.0329796847886,3992.7633327556937,4012.193563837478,2810342,0.0037736261295298057,4002.874755859375,3877.16707938058,3738.1864664713544,0.015761566248896516,0.5528527295663095,1
TCS,2024-07-26,4098.93017578125,4131.252014771132,4051.474850472995,4063.5723344725097,3552210,0.01511865651283073,4032.111328125,3902.8794294084823,3755.782161458333,0.015784873664001508,0.26397783614947934,0
TCS,2024-07-29,4092.62451171875,4139.23873164348,4083.18945971872,4124.29225913021,1746803,-0.001538368255150413,4042.1934988839284,3929.3796037946427,3771.7230875651044,0.01576086389404335,-0.5082489492456809,0
TCS,2024-07-30,4077.911376953125,4108.411429696998,4042.3665250804256,4101.9658549692,1797906,-0.0035950365647998694,4050.5942034040177,3955.3414306640625,3788.6057373046874,0.015538931195354749,0.029255159282414844,1
TCS,2024-07-31,4096.5947265625,4123.358163060002,4058.901499432648,4063.572272159268,2330091,0.004581597754911071,4063.6723284040177,3987.7204241071427,3806.6377115885416,0.015446441881807266,0.29600268312136446,1
TCS,2024-08-01,4107.5712890625,4128.309247535578,4077.6313604093743,4109.71966219366,2202244,0.0026794357832926607,4076.3167898995534,4019.914864676339,3825.451871744792,0.015372118944187827,-0.05486781417549791,0
TCS,2024-08-02,4001.0302734375,4108.411516326508,3988.8397395894017,4077.584417636473,2811282,-0.02593771553245927,4073.2207380022323,4027.1741768973216,3841.163582356771,0.01631410271829439,0.27655337010794434,0
TCS,2024-08-05,3881.458740234375,3959.8811983653177,3839.8423368437457,3959.8811983653177,2787771,-0.029885185822499327,4050.874441964286,4026.87459891183,3852.1595133463543,0.017460146859996684,-0.008363088441501021,1
TCS,2024-08-06,3896.545654296875,3977.863625691211,3886.830082040627,3896.312115658603,2203067,0.0038869185716474686,4021.9623674665177,4027.036847795759,3863.4703857421873,0.017458281733800658,-0.20973889175258653,1
TCS,2024-08-07,3923.869873046875,3965.439752757732,3905.0462929478185,3949.6056498315265,1237666,0.0070124210452580105,3997.854561941964,4020.0240304129466,3875.019490559896,0.017466574998365923,-0.4382077349440575,0
TCS,2024-08-08,3897.806640625,3953.342314714544,3886.083182706168,3905.700429541944,2441283,-0.006642226491990422,3972.125313895089,4011.3597586495534,3885.1592529296877,0.017556782577142296,0.9724893468835696,1
TCS,2024-08-09,3950.306640625,3973.567001152208,3928.6340693907664,3939.330323030594,1302536,0.013469113488806084,3951.2270159040177,4007.4496721540177,3894.6165283203127,0.017365803584873735,-0.46645431930669246,0
TCS,2024-08-12,3919.385498046875,3959.8811895481863,3910.698043069639,3951.473798487575,936912,-0.00782752970620848,3924.343331473214,4000.330060686384,3903.975089518229,0.01736995581081592,-0.28070164663395103,1
TCS,2024-08-13,3920.6005859375,3955.210833666653,3907.5689459677865,3935.593585790649,1495593,0.0003100199996224351,3912.8533761160716,3993.0370570591517,3911.073689778646,0.017096477573996943,0.5963003996106357,1
TCS,2024-08-14,4012.42724609375,4022.6564206521393,3912.379204677013,3931.8564178589354,3226545,0.02342157997058303,3931.563162667411,3991.2188023158483,3920.015372721354,0.01748636021185429,1.157368348207032,1
TCS,2024-08-16,4125.27294921875,4135.502123822571,4040.3118679924623,4063.572224673183,3457058,0.028124049659681516,3964.2384905133927,3993.100428989955,3934.338688151042,0.017842013413183297,0.07144267319997089,1
TCS,2024-08-19,4194.3544921875,4198.32464955761,4101.266070017889,4129.897819590409,2055210,0.016745932649579576,4002.879150390625,4000.366856166295,3949.234326171875,0.017902038908988237,-0.4055031764002802,1
TCS,2024-08-20,4225.46044921875,4264.414870465616,4203.694833974869,4208.365606012619,2212298,0.007416148799341826,4049.686837332589,4010.906075613839,3965.4510986328123,0.01787390946132706,0.07643403837077467,1
TCS,2024-08-21,4251.8046875,4259.745001647808,4196.736091046363,4220.510508211579,1896990,0.006234643205835999,4092.757986886161,4021.992501395089,3983.1238525390627,0.017797838627838847,-0.14252510285684838,0
TCS,2024-08-22,4205.56396484375,4260.63256038501,4201.080205263111,4259.744931072301,1829872,-0.010875551925561,4133.640625,4028.9919782366073,3999.4944580078127,0.01798498441625753,-0.03538131460893312,0
TCS,2024-08-23,4169.97265625,4209.300656405166,4161.658771479141,4203.69572876681,1809253,-0.008462909824050735,4169.265206473215,4041.0592912946427,4017.0505859375,0.017605989722639184,-0.011268001259104432,1
TCS,2024-08-26,4205.98486328125,4252.412076557385,4189.683681888486,4193.420300556836,1844164,0.008636077499758699,4196.916294642857,4064.239728655134,4035.3551106770833,0.017619835700363174,0.019295808822757277,0
TCS,2024-08-27,4201.033203125,4213.0371807751935,4191.364611938651,4208.366407847505,930697,-0.0011772891052173051,4207.739188058035,4085.988839285714,4045.4095540364583,0.013267016903422997,-0.4953285065753371,1
TCS,2024-08-28,4209.3466796875,4262.079883381608,4163.806648056847,4202.527534326139,1848058,0.0019789123676328124,4209.880929129465,4106.380039760044,4056.1993489583333,0.013217759602407867,0.9856709541343747,1
TCS,2024-08-29,4214.71826171875,4256.008074746709,4166.329239106743,4166.329239106743,2133641,0.0012761082514707311,4208.346330915178,4129.016584123884,4066.880818684896,0.013220198759200623,0.15453140539961407,1
TCS,2024-08-30,4253.90625,4289.871199903925,4192.298575439788,4203.695443315948,3637222,0.00929789035655948,4208.646554129465,4150.7022705078125,4074.609383138021,0.012017197080928748,0.7047019625138438,0
TCS,2024-09-02,4223.35986328125,4285.901701999436,4214.905945819847,4274.691845760554,1216500,-0.007180785123966915,4211.188825334822,4172.41472516741,4081.417830403646,0.012123844797185738,-0.6655414489409774,0
TCS,2024-09-03,4215.23291015625,4255.915163522401,4199.86588340543,4223.359782095085,1717263,-0.0019242862053165943,4217.654575892857,4193.459891183035,4088.4239990234373,0.01210385613052903,0.41164241676942037,0
TCS,2024-09-04,4184.3115234375,4191.551220776707,4144.563432111068,4182.163150550173,1265505,-0.0073356294605329,4214.558384486607,4205.737339564732,4093.932381184896,0.012211876684805481,-0.2630686155818882,0
TCS,2024-09-05,4181.2294921875,4202.761573408929,4160.864648093675,4185.946790496868,1688793,-0.0007365683058578876,4211.729282924107,4209.734235491072,4099.216609700521,0.01221792437628899,0.33448149157846085,0
TCS,2024-09-06,4163.29345703125,4221.398054814522,4147.646367693666,4179.361098385194,1649179,-0.004289655755505106,4205.150251116072,4207.515590122768,4103.396964518229,0.012251674180885692,-0.023456989696191255,0
TCS,2024-09-09,4156.5673828125,4194.587657162911,4138.771920285124,4161.658707791496,1184938,-0.0016155657265500833,4196.842982700893,4202.594656808035,4105.318204752604,0.011968744643377618,-0.28149824852244665,1
TCS,2024-09-10,4211.02880859375,4241.01526179445,4148.066881218769,4149.935190376069,1385591,0.013102500396468875,4190.717633928572,4199.682094029018,4109.2650146484375,0.012177956365518593,0.1693362859491383,0
TCS,2024-09-11,4184.40576171875,4249.796587828451,4176.839017757158,4223.733764076483,1325919,-0.006322219126278172,4185.152762276785,4198.170793805803,4112.814827473959,0.012223710157836926,-0.04306609959215957,1
TCS,2024-09-12,4220.23095703125,4234.149771120126,4139.519624394889,4213.271321921695,2742216,0.008561596879597344,4185.866768973215,4201.760672433035,4116.93603515625,0.012286124386615329,1.068162534815475,1
TCS,2024-09-13,4224.80810546875,4247.601388750184,4208.366891647148,4231.720758970384,1458786,0.001084572973399478,4191.651994977678,4203.105189732143,4120.843929036459,0.012282346282808975,-0.46802658871511216,0
TCS,2024-09-16,4216.07373046875,4246.713822399725,4198.511804432986,4228.918357687261,1155120,-0.0020674015912566235,4196.629743303572,4204.17951311384,4128.012044270833,0.011201986653795484,-0.20816350033521025,0
TCS,2024-09-17,4208.97314453125,4237.137811566093,4171.934009719351,4216.07280997892,1699364,-0.0016841702473525677,4203.155412946428,4204.15283203125,4138.929191080729,0.009505576730666026,0.4711579749290118,0
TCS,2024-09-18,4059.975341796875,4200.939159511675,4036.4814481994263,4200.939159511675,2961779,-0.03540003645021328,4189.356549944197,4193.099766322544,4144.376847330729,0.01177781282008794,0.7428749814636535,0
TCS,2024-09-19,4013.268310546875,4131.018774987293,3999.863100420091,4100.985338817707,2927551,-0.011504264759728433,4161.105050223215,4175.911342075893,4147.356795247396,0.011959379284065303,-0.011556567860059763,0
TCS,2024-09-20,4002.759033203125,4045.543588404458,3949.138649332373,4032.651980992276,5447908,-0.002618633126554637,4135.155517578125,4160.154139927456,4150.855208333333,0.011895191814387716,0.8609096818467039,0
TCS,2024-09-23,3987.439453125,4025.64629024212,3972.9600548531394,4016.86532703233,1702319,-0.0038272551385302167,4101.89958844866,4143.8831787109375,4152.09296875,0.011685020545390523,-0.6875279465071731,1
TCS,2024-09-24,3990.054443359375,4008.4574718134822,3960.8155862244616,3971.698396314348,3012026,0.0006558068818638407,4068.363351004464,4130.007672991072,4154.448600260416,0.011581791370271216,0.7693663761022465,1
TCS,2024-09-25,3993.277099609375,4007.149385684038,3960.815229509036,3972.352129245545,2713073,0.0008076722500274247,4036.5352608816966,4116.582502092634,4156.871150716146,0.011581628036431622,-0.09925312729704194,1
TCS,2024-09-26,4009.859130859375,4032.558908076445,3979.499102495268,3979.499102495268,3964251,0.004152487001621408,4008.090401785714,4105.622907366072,4156.785546875,0.010783592426241212,0.46116636006476797,1
TCS,2024-09-27,4024.99169921875,4089.7284239804594,4016.910897844242,4049.559780254749,3012477,0.003773840393273886,4003.0927385602677,4096.224644252232,4153.442838541667,0.00942760698604489,-0.24008923753818823,0
TCS,2024-09-30,3987.439453125,4015.697633623309,3979.545663227923,4004.627808879742,2503416,-0.00932976982313749,3999.402901785714,4080.253976004464,4146.545670572917,0.008946134200820357,-0.16898419473410087,1
TCS,2024-10-01,4005.561279296875,4012.89448387877,3963.571305160189,3975.3412878081463,1823365,0.004544727609010479,3999.80322265625,4067.4793701171875,4139.2156982421875,0.008860791450179612,-0.27164921850783086,0
TCS,2024-10-03,3954.04296875,3997.247619935326,3932.7909511399207,3981.927575389702,3350119,-0.012861695766122061,3995.032296316964,4048.4659423828125,4129.290307617188,0.008953479677679154,0.8373276880931684,1
TCS,2024-10-04,3972.259521484375,4014.997101144063,3945.916175176468,3946.803804637894,2965463,0.004607069998567637,3992.490164620536,4030.4267578125,4121.513492838541,0.008892796625033016,-0.11481860793601661,1
TCS,2024-10-07,3991.50244140625,4014.295721663981,3950.913242930845,3992.483121251643,1472619,0.004844325960526419,3992.236642020089,4014.3859514508927,4115.564485677083,0.008884065877746776,-0.5034100914427191,0
TCS,2024-10-08,3973.193115234375,3997.621167184352,3927.1394751787057,3991.2690982560466,1541867,-0.004587076280335278,3986.9986397879466,3997.54452078683,4107.804760742188,0.008694017141331922,0.04702370402663547,0
TCS,2024-10-09,3972.9130859375,4012.1941053785968,3967.0746195443417,3979.498693576909,1082504,-7.047965924467103e-05,3979.558837890625,3991.3257882254466,4100.200756835938,0.008699357253461213,-0.2979264748515923,0
TCS,2024-10-10,3949.044921875,4011.1196752502233,3922.141452820864,3973.1929086369782,2378875,-0.006007723689446798,3974.073904854911,3986.7384033203125,4091.524031575521,0.008701225773064456,1.197566937396998,0
TCS,2024-10-11,3875.994140625,3962.636972886771,3841.663961804298,3870.202200113398,5759183,-0.018498341420566944,3955.5643136160716,3977.683768136161,4080.2332275390627,0.009173720120501959,1.4209691555882507,0
TCS,2024-10-14,3864.270263671875,3891.127206537072,3850.77200432728,3867.399772588283,2137590,-0.0030247406285383027,3942.7396414620534,3968.885968889509,4067.245361328125,0.008887181009619757,-0.6288379792758799,0
TCS,2024-10-15,3845.727783203125,3895.3784690785774,3825.363393742248,3859.0394873205432,2759474,-0.00479844296685672,3924.6636788504466,3958.576921735491,4054.6576253255207,0.00886060348293053,0.2909276334563691,0
TCS,2024-10-16,3825.316650390625,3844.0464972844616,3799.3938580942354,3816.02185696404,2359151,-0.005307482474877445,3900.9228515625,3946.579746791295,4041.6604166666666,0.008866927917176791,-0.14507221303770212,1
TCS,2024-10-17,3838.441162109375,3858.0118829761873,3823.447935515133,3841.990767054733,2522659,0.0034309608636999833,3881.6725725446427,3934.335606166295,4030.1314046223956,0.008911198934944636,0.06930798410105998,1
TCS,2024-10-18,3860.96240234375,3882.594110124687,3820.649118439755,3830.013454514362,2361000,0.005867288121201408,3865.679617745536,3922.61922781808,4019.4558349609374,0.00904532464415993,-0.0640827793213431,0
TCS,2024-10-21,3820.508544921875,3876.788293233767,3811.2845829224775,3869.905415130514,1595450,-0.010477661579226472,3847.3172781808034,3910.6955915178573,4008.0296712239583,0.009154775733436198,-0.3242481999152901,0
TCS,2024-10-22,3760.248779296875,3829.8258351822337,3751.6805040836334,3807.538671802041,1928049,-0.015772707982840584,3830.7822265625,3893.173270089286,3994.819051106771,0.009450701510481921,0.2084672036102666,1
TCS,2024-10-23,3807.773193359375,3852.066320525731,3741.192671772974,3745.359984263881,1966476,0.012638635593516856,3822.7112165178573,3882.725428989955,3981.377197265625,0.009423295345057337,0.01993051006483748,0
TCS,2024-10-24,3790.58935546875,3819.712530935999,3749.480013206115,3749.480013206115,2676744,-0.004512831258067895,3814.834298270089,3869.7489885602677,3968.2499837239584,0.00940910680500469,0.36118823723249105,1
TCS,2024-10-25,3799.626220703125,3831.8863126796623,3776.355754164089,3799.1580039005,1759676,0.002384026436769604,3811.164236886161,3856.04354422433,3954.2298258463543,0.009207216991165605,-0.3426057927093513,1
TCS,2024-10-28,3830.80908203125,3871.216096182637,3793.492115538428,3810.301051170324,1532534,0.00820682338652623,3810.0739397321427,3845.8732561383927,3941.0965250651043,0.009417644759477558,-0.12908171731614226,0
TCS,2024-10-29,3816.20068359375,3842.654930403522,3802.013807284174,3835.4913054593726,1445885,-0.0038133976725757135,3803.6794084821427,3834.679513113839,3927.7674235026043,0.00941570577118263,-0.056539691778453194,1
TCS,2024-10-30,3825.0029296875,3845.93230945268,3801.96680320989,3815.966438037417,1935002,0.0023065469621637025,3804.321463448661,3825.8193708147323,3914.9684163411457,0.009466973797251333,0.3382820902077275,0
TCS,2024-10-31,3716.18994140625,3819.0572656752897,3708.2771230674366,3811.284820930421,3740372,-0.028447818284452864,3798.02734375,3814.40478515625,3903.5089029947917,0.008704428602325506,0.9330067875898835,1
TCS,2024-11-01,3730.9384765625,3744.750871322736,3723.306634635094,3736.22946325371,154895,0.0039687247930790814,3787.050955636161,3804.881086077009,3894.097908528646,0.008635648819052905,-0.9585883436192978,0
TCS,2024-11-04,3712.162841796875,3738.148871941436,3664.498467142464,3714.176311035008,2269192,-0.005032416075358093,3775.84716796875,3795.34073311942,3884.411368815104,0.008649065251753296,13.649872494270312,1
TCS,2024-11-05,3718.905517578125,3732.624177811658,3690.578402330056,3690.578402330056,967590,0.0018163739223213682,3764.3156389508927,3787.7399379185267,3875.460237630208,0.008679907787359569,-0.5735971217948944,1
TCS,2024-11-06,3876.507080078125,3886.011789226445,3722.557494863472,3749.105477634464,3792017,0.042378479839045635,3770.843924386161,3790.4589320591517,3871.675325520833,0.011909138509794241,2.919032854824874,1
TCS,2024-11-07,3887.0419921875,3938.452103439919,3825.377979126114,3904.647217549282,3724349,0.002717630044716035,3780.964111328125,3792.321759905134,3868.1341552734375,0.011923644604845594,-0.017844856708184587,0
TCS,2024-11-08,3883.390380859375,3904.694246585093,3855.905961540454,3890.8818501255614,1648039,-0.0009394319216166069,3789.30517578125,3796.813319614955,3863.9185302734377,0.011886455181332302,-0.557496088578165,1
TCS,2024-11-11,3931.80419921875,3965.140871788856,3855.905976573986,3865.785626053087,1406487,0.012466894546064422,3820.1072126116073,3809.0672781808034,3860.8122802734374,0.012110686957095046,-0.14656934696326973,0
TCS,2024-11-12,3930.586181640625,3949.8768046624846,3899.6372349991407,3948.0039375194488,1587640,-0.0003097859192395802,3848.6283133370534,3817.8396344866073,3858.917171223958,0.012000780527462302,0.12879820432040967,0
TCS,2024-11-13,3886.527587890625,3929.978018888302,3868.4541436479863,3912.513622327785,1098813,-0.011209166194038223,3873.5375627790177,3824.692365373884,3854.9493815104165,0.012120601431943519,-0.3078953667078179,0
TCS,2024-11-14,3882.359375,3895.563178182322,3854.7816840578857,3872.1523417749777,1825432,-0.0010724773712174063,3896.888113839286,3830.601876395089,3852.5599283854167,0.011909848833357736,0.6612763045213335,0
TCS,2024-11-18,3763.99462890625,3945.1945196123975,3736.557080351516,3945.1945196123975,3313944,-0.030487838621006125,3880.8149065290177,3825.829415457589,3845.6177652994793,0.01305519228911313,0.8154299913664271,1
TCS,2024-11-19,3782.770263671875,3869.48387485758,3758.9380751010713,3764.369206895897,1776233,0.004988220392620812,3865.9189453125,3823.4415283203125,3838.6600260416667,0.013057710123562098,-0.46401236713716343,1
TCS,2024-11-21,3813.953369140625,3832.307329035588,3768.208500051012,3787.779869251299,2384347,0.008243457385773478,3855.9993722098216,3822.652273995536,3833.3520345052084,0.013169753924321867,0.34236161584656966,1
TCS,2024-11-22,3974.7861328125,3984.478311979163,3796.301797976082,3812.2211691072102,3096553,0.04216956740300004,3862.1396484375,3841.1234305245534,3833.4144694010415,0.015376504531631974,0.2987006505345069,1
TCS,2024-11-25,4040.80419921875,4052.977834453394,3981.902624801247,4007.935292636629,4052167,0.01660921221930911,3877.885079520089,3863.2566964285716,3836.473111979167,0.015617800360734724,0.30860573030721583,1
TCS,2024-11-26,4076.014892578125,4089.0312287410247,4036.0289932053224,4046.376402042447,2060669,0.00871378359935937,3904.9546944754466,3889.2461286272323,3843.1404703776043,0.015238969428405247,-0.4914649371558477,0
TCS,2024-11-27,4057.14501953125,4099.144155960028,4049.185334306465,4081.8672312002336,1558993,-0.004629490702115602,3929.924072265625,3913.406093052455,3849.56962890625,0.015259255898143118,-0.24345297570837432,0
TCS,2024-11-28,3975.066650390625,4064.07493289013,3963.9231826910855,4044.4564672909983,2558544,-0.020230573160559095,3960.077218191964,3920.446062360491,3853.880924479167,0.01573970489062747,0.6411516921499969,1
TCS,2024-11-29,3999.36767578125,4025.4474439273818,3928.9476836325457,3951.749934060854,2017425,0.0061133630019101215,3991.019705636161,3928.46932547433,3859.682625325521,0.0157144253131417,-0.2114948970977243,1
TCS,2024-12-02,4004.798828125,4015.61491099407,3961.160929127941,3998.571635878377,1670944,0.0013580027604460643,4018.2833426339284,3937.141357421875,3865.227880859375,0.01571066658732356,-0.17174417884184046,1
TCS,2024-12-03,4029.2392578125,4050.074903268622,3994.310471023676,4040.1019779033777,2010905,0.006102785866760385,4026.0623604910716,3944.101004464286,3870.837109375,0.015712965213400865,0.20345445448800192,1
TCS,2024-12-04,4077.6064453125,4108.0876338534845,4016.41041706955,4039.353040657334,3302642,0.012004049500465408,4031.31982421875,3954.60245186942,3879.4070393880206,0.015655972995435353,0.642365999388335,1
TCS,2024-12-05,4180.2861328125,4203.65033349106,4082.850401875924,4121.056708977947,3746747,0.02518136286007633,4046.2157156808034,3975.585205078125,3893.4082845052085,0.015811325306806286,0.13446961553810555,0
TCS,2024-12-06,4162.9150390625,4181.175491938829,4132.246842565077,4169.93829016878,1842087,-0.004155479600702061,4061.3257184709823,3995.6248953683034,3905.246346028646,0.01577959761933497,-0.5083503102824931,1
TCS,2024-12-09,4169.142578125,4185.296057017253,4134.869018418065,4148.822244241094,2066639,0.0014959563200460657,4089.050851004464,4024.564034598214,3917.864786783854,0.015717697245770497,0.12190086570286862,0
TCS,2024-12-10,4150.78857421875,4208.145132266229,4131.638781428679,4144.795490622383,2087828,-0.004402344981567996,4110.682407924107,4050.851056780134,3929.5701985677083,0.01577999575931001,0.01025287919176976,0
TCS,2024-12-11,4146.01318359375,4165.86530184749,4126.862933306924,4150.13340004317,1635256,-0.0011504779247636376,4130.855887276785,4074.5696149553573,3940.077001953125,0.015767440735240768,-0.21676689842266705,1
TCS,2024-12-12,4171.765625,4199.905275666618,4144.655685641126,4148.448059347358,1914642,0.006211374702848271,4151.216796875,4088.639578683036,3951.929166666667,0.015729542739438544,0.17085153639552453,1
TCS,2024-12-13,4189.51025390625,4209.175359798749,4115.063781598932,4153.036438989519,1967048,0.004253505709887584,4167.203055245535,4099.261439732143,3964.079410807292,0.01573020412620202,0.02737117435008729,0
TCS,2024-12-16,4134.54150390625,4190.540046094315,4117.498230765743,4175.557109616659,1646224,-0.013120567003923167,4160.668108258928,4103.441911969866,3978.024462890625,0.014895021594096516,-0.16309922279476663,0
TCS,2024-12-17,4053.35302734375,4151.163704339607,4043.520474083473,4129.672369316377,3225027,-0.019636633587011842,4145.016392299107,4103.171055385044,3988.7716145833333,0.015490208370409765,0.9590450631262817,1
TCS,2024-12-18,4071.472412109375,4084.7228544504474,4016.9251617032,4037.6204331342105,1575404,0.004470221232493854,4131.063511439732,4110.057181222098,4000.748600260417,0.015419795370227602,-0.5115067253700512,0
TCS,2024-12-19,4000.350341796875,4086.5959621440575,3991.0797412140178,4009.808411984614,3015763,-0.017468390575598347,4109.572335379465,4110.127371651785,4010.130094401042,0.015874659358572935,0.914279130940381,0
TCS,2024-12-20,3905.20849609375,4103.451653679163,3888.5401624606857,4053.820677493633,4116989,-0.02378337834790467,4075.1716657366073,4103.013776506697,4011.086808268229,0.014704085930298694,0.3651566784259903,0
TCS,2024-12-23,3893.971435546875,3948.940267652302,3853.330311056144,3933.0675361336625,2195338,-0.002877454701359805,4035.4867815290177,4093.351789202009,4011.3177897135415,0.014708504097983358,-0.4667612665469837,1
TCS,2024-12-24,3913.824462890625,3949.8771586248727,3893.971886498204,3893.971886498204,1181886,0.005098400867175723,3996.103097098214,4081.653076171875,4012.3322591145834,0.014734176764777165,-0.46163825342612386,0
TCS,2024-12-26,3904.085693359375,3932.974763441001,3879.7850567984137,3913.8245120496226,1208464,-0.0024883000307216463,3963.180838448661,4061.924473353795,4011.408308919271,0.01456259888518129,0.022487786470099413,0
TCS,2024-12-27,3900.10546875,3915.182140765611,3883.624146371002,3898.372975186565,858100,-0.0010195023680308335,3941.288330078125,4043.152361188616,4010.39228515625,0.01456347135844386,-0.28992506189675493,0
TCS,2024-12-30,3894.439697265625,3932.3652563563705,3850.6147896579423,3887.135698411994,1527169,-0.0014527226327012421,3915.9979422433034,4023.5307268415177,4010.6560221354166,0.014416355119795006,0.7797098240298332,0
TCS,2024-12-31,3834.508056640625,3876.788167607798,3775.746852751546,3872.1526387464664,1555429,-0.015389027763629048,3892.3061872209823,4000.9392613002233,4009.0609781901044,0.014693131754131263,0.018504828214821023,1
TCS,2025-01-01,3851.036376953125,3871.216337275171,3825.752442210114,3834.133476848328,763161,0.004310414808980756,3884.567313058036,3979.8694893973216,4011.962369791667,0.01355828914968415,-0.509356582653403,1
TCS,2025-01-02,3910.312744140625,3917.101887981856,3836.5219567358895,3858.106569085643,1720835,0.015392315570490256,3886.901785714286,3961.1942836216517,4016.2137858072915,0.013798702369266612,1.2548780663582129,0
TCS,2025-01-03,3839.283935546875,3914.245717822352,3832.167177525937,3914.245717822352,1791953,-0.018164482802605075,3876.2531389508927,3936.1781180245534,4017.058138020833,0.014171016496342654,0.041327611304976974,0
TCS,2025-01-06,3834.695556640625,3885.871560960142,3807.9134644789865,3844.52810934996,2085593,-0.0011951131990440844,3866.340262276786,3914.7605503627233,4012.3884521484374,0.011761561185072768,0.16386590496514142,0
TCS,2025-01-07,3772.2353515625,3877.162777576041,3756.5500894487577,3853.377456625284,2669054,-0.01628817833268703,3848.0731026785716,3894.6807163783483,4003.4361572265625,0.011583017990773116,0.2797578434526775,1
TCS,2025-01-08,3847.24365234375,3863.724974901958,3762.356039241963,3778.415783789389,2181277,0.019884310969669583,3841.330810546875,3878.664376395089,3995.81044921875,0.012114149051654413,-0.18275276558660858,0
TCS,2025-01-09,3782.114990234375,3874.728183134026,3769.4262690508385,3840.314247847898,2392472,-0.016928655420536898,3833.8460867745534,3863.0761369977677,3986.642781575521,0.01241573142274491,0.09682172415516233,1
TCS,2025-01-10,3994.498046875,4023.8553328042617,3904.92826106441,3933.021270136816,7894300,0.05615457414409919,3854.3406110491073,3869.4539620535716,3987.290494791667,0.01593691824907286,2.2996415423043612,1
TCS,2025-01-13,4018.329833984375,4048.155332041931,3958.678837869263,3975.160158715583,4003771,0.005966153151087283,3869.7716238839284,3878.3367047991073,3987.922566731771,0.015935083940228162,-0.49282760979440865,0
TCS,2025-01-14,3963.97021484375,4039.680965664987,3950.860143956712,4028.537496859603,3441709,-0.01352791368216899,3887.5839494977677,3881.91854422433,3986.5616129557293,0.016130879733197715,-0.14038315378177224,1
TCS,2025-01-15,3979.468017578125,3985.882678702443,3939.997435766555,3949.8766266035377,1653474,0.003909666797278444,3908.2657296316966,3887.302995954241,3984.9025716145834,0.01610619989667993,-0.5195776284398246,0
TCS,2025-01-16,3938.920166015625,4021.0455693202,3925.388975881489,3989.2068293675015,2637705,-0.010189264339703685,3932.0778459821427,3890.0754743303573,3980.2796956380207,0.01603153155152119,0.5952503637795332,0
TCS,2025-01-17,3933.1982421875,3967.8165423249698,3910.071878467617,3967.148790924069,1761466,-0.0014526630616921166,3944.3570731026784,3892.8439418247767,3972.0434326171876,0.015248256433125119,-0.33219749744569615,0
TCS,2025-01-20,3888.85302734375,3953.70197855909,3879.6025285384753,3953.70197855909,1287799,-0.011274594391938564,3959.6053641183034,3896.7257254464284,3962.9080322265627,0.01533940026985568,-0.26890499163764725,0
TCS,2025-01-21,3848.8466796875,3920.5144684100183,3843.267649645432,3905.5419834373433,1971591,-0.010287441406232833,3938.798025948661,3896.569318498884,3952.2315022786456,0.015393446461971834,0.5309772720742911,1
TCS,2025-01-22,3964.001708984375,3970.2480248109578,3856.8096861084223,3862.3409864324167,2409223,0.02991935997466766,3931.036865234375,3900.4042445591517,3946.0052734375,0.016487431605238325,0.22196895806483186,0
TCS,2025-01-23,3953.368408203125,3997.141512526167,3948.218247742152,3974.873354894685,1822998,-0.002682466245448323,3929.5223214285716,3908.55313546317,3939.583780924479,0.01648899125002564,-0.2433253376711081,1
TCS,2025-01-24,3959.94921875,3984.410622138042,3913.839443095865,3913.839443095865,1910099,0.001664608472415674,3926.7339215959823,3917.499825613839,3932.523234049479,0.016436907312843516,0.04777898823805615,0
TCS,2025-01-27,3876.7890625,3963.763449221021,3853.8058882600144,3911.9316916717903,1551782,-0.0210003087555376,3917.8580496651784,3924.967947823661,3922.0991943359377,0.01676973212271363,-0.1875908002674207,0
TCS,2025-01-28,3853.0908203125,3911.9318748383976,3841.6468460321344,3882.1775882750967,2468272,-0.006112853138369623,3906.414132254464,3925.3856026785716,3912.7175048828126,0.016664428389428578,0.5906048658896674,1
TCS,2025-01-29,3909.83349609375,3917.5107746444246,3866.155848644477,3866.155848644477,1217089,0.01472653472950003,3909.4113420758927,3934.5083530970983,3907.9335205078123,0.016606533657292345,-0.5069064511528714,1
TCS,2025-01-30,3910.07177734375,3938.538754565154,3870.447205350259,3909.9288208062503,1531251,6.094409141410573e-05,3918.157784598214,3928.4779052734375,3902.553499348958,0.016575296159044257,0.2581257410099016,1
TCS,2025-01-31,3921.849609375,3937.156203262907,3895.9577125678047,3919.5609078155994,1492943,0.003012177960387996,3912.136056082589,3921.5864606584823,3899.936808268229,0.016302368565298198,-0.02501745304982661,0
TCS,2025-02-01,3884.41845703125,3944.260904282812,3868.0632040212854,3922.4220804091583,437172,-0.009544259997699145,3902.286063058036,3915.9041922433034,3899.2438069661457,0.015801721097297692,-0.7071743529391277,0
TCS,2025-02-03,3880.126953125,3888.090144786828,3813.4181682881863,3844.126118451048,1265713,-0.0011047995867906613,3890.882882254464,3908.8084019252233,3898.78232421875,0.01579413165160965,1.895228880166159,1
TCS,2025-02-04,3916.74755859375,3928.001078973096,3877.6475473199966,3894.479632442364,2547132,0.009437991568615134,3896.591238839286,3907.2246442522323,3898.8797607421875,0.015862163173177384,1.0124088162166305,0
TCS,2025-02-05,3901.536865234375,3957.707610233867,3887.136438388733,3957.707610233867,1693912,-0.0038835010762950928,3903.5121023995534,3904.963117327009,3898.7947998046875,0.015872190824928967,-0.3349728243373331,0
TCS,2025-02-06,3893.57373046875,3947.6941907477535,3863.819444687176,3915.174138224137,2284536,-0.0020410251243766497,3901.189278738839,3905.300310407366,3898.5770751953123,0.015875766316587776,0.34867454743811965,0
TCS,2025-02-07,3842.69580078125,3900.48796498296,3822.287472775478,3900.48796498296,1548940,-0.01306715454990881,3891.564139229911,3904.8609619140625,3896.8522786458334,0.016054636058317223,-0.3219892354508749,1
TCS,2025-02-10,3849.89599609375,3864.248693904035,3828.34331731039,3852.804719489709,1339511,0.0018737354414148921,3881.2850516183034,3896.7105538504466,3897.3652099609376,0.015803427392426853,-0.1352079486616654,0
TCS,2025-02-11,3779.89697265625,3852.8045770599656,3771.743094621823,3832.2053307443857,1810908,-0.01818205569930298,3866.3534109933034,3884.31973702567,3894.993896484375,0.016134342617188373,0.35191722949643567,0
TCS,2025-02-12,3767.11767578125,3835.400146101803,3757.5810309224153,3787.097133023103,1678002,-0.0033808585174266437,3850.209228515625,3870.546055385045,3890.2207275390624,0.01585850573961459,-0.07339191168187453,0
TCS,2025-02-13,3728.97119140625,3799.828511079361,3721.437334907012,3784.140776452309,2277310,-0.010126172755431373,3823.384033203125,3859.987636021205,3886.543636067708,0.01562686582525864,0.35715571256768475,1
TCS,2025-02-14,3752.526611328125,3765.067205571011,3719.29131249416,3743.132923471687,1681975,0.006316868303021694,3802.096854073661,3852.8044782366073,3883.8046712239584,0.015681322924142815,-0.26142027216321007,0
TCS,2025-02-17,3723.583251953125,3751.716356302624,3677.521207418633,3677.8073533505512,1799806,-0.0077130324106499115,3777.8125,3839.50088936942,3882.1829345703127,0.015462214378613367,0.07005514350688924,0
TCS,2025-02-18,3693.7333984375,3742.560975641384,3685.4365636204366,3717.765697945917,2149879,-0.008016432424323483,3756.532156808036,3824.0481480189733,3877.065926106771,0.015038395164168026,0.19450596342050197,0
TCS,2025-02-19,3608.76220703125,3695.402493868423,3593.551070815755,3692.77991629034,4366672,-0.023004148442926087,3722.08447265625,3801.6847621372767,3871.2875,0.01529553675864675,1.0311245423579654,0
TCS,2025-02-20,3604.279296875,3612.480904202741,3577.481465767268,3587.2087965043847,2888572,-0.0012422293016468577,3696.9962332589284,3781.674822126116,3858.280208333333,0.010758169415348432,-0.33849576977615903,1
TCS,2025-02-21,3610.573974609375,3640.1375755636514,3600.0836645933414,3601.132788726248,1833931,0.0017464456042106669,3674.6328473772323,3762.4210379464284,3844.6883463541667,0.01065909415935636,-0.3651080880102694,0
TCS,2025-02-24,3505.289306640625,3588.8301766028944,3499.9486923438976,3569.7091569360205,2508516,-0.029160091638931407,3642.678292410714,3733.03116280692,3829.3989827473956,0.011513764359254797,0.3678355401593625,0
TCS,2025-02-25,3461.372802734375,3488.5045093924064,3453.457341344246,3457.033582981813,4101954,-0.012528638883829601,3601.084891183036,3701.5908726283483,3812.129142252604,0.01151420482128776,0.6352114158331061,0
TCS,2025-02-27,3445.16064453125,3469.431358845929,3433.8596273751255,3444.349936596485,3823856,-0.0046837365193133085,3561.310232979911,3669.561366489955,3795.6704915364585,0.011465400093242286,-0.06779646968249764,0
TCS,2025-02-28,3321.851806640625,3433.192134904543,3296.8181139902795,3418.83943788603,7085018,-0.03579189785717596,3508.1842912946427,3632.358224051339,3775.292277018229,0.012798549895375051,0.8528464461004808,1
TCS,2025-03-03,3331.19775390625,3359.9983745974937,3315.08068451919,3323.520708287026,4990439,0.0028134750764443606,3468.5322265625,3595.308349609375,3756.7037679036457,0.012839110079089333,-0.2956349581610096,1
TCS,2025-03-04,3368.390869140625,3386.462765522496,3303.780096861225,3313.03059628982,2797737,0.011165087749822611,3434.8338797433034,3565.915056501116,3740.68857421875,0.013132331057031271,-0.43938058355186793,1
TCS,2025-03-05,3382.69580078125,3433.526166541638,3357.7098367858857,3357.7098367858857,2501894,0.004246814635343821,3402.279854910714,3538.4563511439733,3721.3117106119794,0.011565083680069152,-0.10574367783676597,1
TCS,2025-03-06,3434.718017578125,3442.204143903758,3372.2529953515404,3392.184489465064,2786513,0.015378922569644127,3392.1982421875,3517.4382672991073,3704.0233642578123,0.012156034316316148,0.11376141435248655,1
TCS,2025-03-07,3443.873291015625,3457.033908045006,3408.778389880028,3433.1922948860747,2051315,0.002665509480151096,3389.698311941964,3495.3916015625,3686.820833333333,0.012175192653530344,-0.2638415826518663,0
TCS,2025-03-10,3423.32177734375,3454.268377517714,3416.5986286887846,3439.391117760303,1004626,-0.005967558018319052,3386.5784737723216,3473.944353376116,3671.705257161458,0.011778601694469796,-0.5102526915661417,0
TCS,2025-03-11,3409.636962890625,3422.4637047132396,3373.7313523521616,3393.1385193645992,1995450,-0.003997525019030945,3399.119210379464,3453.6517508370534,3656.9234619140625,0.011772281831126651,0.9862615540509603,0
TCS,2025-03-12,3343.738525390625,3403.8671205164956,3325.2852564493496,3399.8140462677893,3174167,-0.019327112597973595,3400.9107491629466,3434.7214878627233,3638.0536295572915,0.011543942328102888,0.5907023478413391,1
TCS,2025-03-13,3348.36376953125,3360.999824081682,3322.662557973568,3340.019205205493,1693004,0.0013832553309724993,3398.049734933036,3416.44180733817,3619.330029296875,0.011566966278227562,-0.4666304576917345,0
TCS,2025-03-17,3335.63232421875,3366.86483705381,3316.225391054831,3327.3354895121856,2690906,-0.003802288576991275,3391.3263811383927,3396.8031180245534,3599.789453125,0.011468850770320697,0.5894268412833048,0
TCS,2025-03-18,3335.63232421875,3335.63232421875,3335.63232421875,3335.63232421875,0,0.0,3377.1712820870534,3384.6847621372767,3581.49658203125,0.01147994163753375,-1.0,0
TCS,2025-03-19,3335.060302734375,3382.6480693895237,3302.301833176931,3382.6480693895237,3051244,-0.00017148817039025488,3361.6265694754466,3375.662440708705,3563.3276936848956,0.011492118973241854,inf,1
TCS,2025-03-20,3398.049560546875,3413.117506170413,3349.269714639503,3349.269714639503,2845192,0.01888699216648515,3358.0162527901784,3372.29736328125,3546.0377604166665,0.012018030940950195,-0.06753048920374771,1
TCS,2025-03-21,3412.307373046875,3448.6895841353426,3304.447814456678,3313.984460385846,4161925,0.004195881268343138,3358.3977399553573,3378.758475167411,3529.7301106770833,0.012125925973449688,0.46279231770650275,1
TCS,2025-03-24,3460.800537109375,3480.636804108051,3401.339698729423,3433.1919980242437,1834751,0.01421125319645511,3375.1208844866073,3388.0158168247767,3515.304337565104,0.012588452605769256,-0.5591580818971991,1
TCS,2025-03-25,3488.26611328125,3538.095080383689,3469.4312405487494,3476.106891643813,3135390,0.007936191605776743,3395.10693359375,3396.5783342633927,3503.4900146484374,0.012641677273191406,0.7088912882456531,0
TCS,2025-03-26,3467.333251953125,3509.9620062788417,3457.8443372465335,3478.729495558659,1734499,-0.006000935894318715,3413.9213518415177,3402.623866489955,3490.7379231770833,0.012615656985151434,-0.4467996006876338,1
TCS,2025-03-27,3482.019775390625,3493.2730630548403,3443.2056768112207,3447.354210516991,2528474,0.004235682690502118,3434.8338448660716,3406.0025634765625,3480.8086832682293,0.012371763343851436,0.45775465999115594,0
TCS,2025-03-28,3439.05712890625,3491.3179898494645,3425.467409839091,3481.829074680501,2051919,-0.012338426906135291,3449.6905343191966,3405.6585518973216,3469.873331705729,0.012497273874803276,-0.18847534125326182,0
TCS,2025-04-01,3386.27197265625,3417.933587672838,3361.667381848982,3407.1571321951615,2618493,-0.015348729105523096,3448.0080217633927,3403.012137276786,3458.4500244140627,0.012636195564299213,0.2761190865721308,0
TCS,2025-04-02,3379.7392578125,3398.955737182192,3366.4834143953553,3379.7869876031436,1764313,-0.0019291760663351365,3443.3554338727677,3400.8765869140625,3446.023779296875,0.012512690463993814,-0.3262105340743703,0
TCS,2025-04-03,3245.462890625,3339.7327091413904,3238.787239864295,3329.2424008031394,4537821,-0.03972980071675969,3412.5929129464284,3393.8568987165177,3430.086433919271,0.01415091224739017,1.5720045139382863,0
TCS,2025-04-04,3146.520751953125,3242.1256239661316,3142.80155330537,3206.7925383276747,5317367,-0.030486294869580544,3363.772147042411,3379.43954031808,3411.846012369792,0.014918779984289832,0.171788618369918,0
TCS,2025-04-07,3122.345458984375,3138.891399190129,2914.446587584341,2956.3600978903933,6623955,-0.0076831824337226795,3314.4881766183034,3364.204764229911,3395.632120768229,0.014546645949588901,0.24572086147147632,1
TCS,2025-04-08,3140.36962890625,3193.8225734236476,3104.46425178094,3149.0480694302546,5557558,0.005772637960354876,3265.6810128348216,3350.2574288504466,3380.168465169271,0.014660259872819343,-0.16099097895441616,0
TCS,2025-04-09,3096.167236328125,3118.4828923346345,3063.2180815269526,3109.4708094407843,2990265,-0.014075538169537105,3216.6967424665177,3333.1936383928573,3363.0215738932293,0.01471315486478254,-0.4619462360986606,0
TCS,2025-04-11,3081.766845703125,3146.0914699537143,3057.44840084302,3137.1271167444256,7108961,-0.004651037726914886,3173.1960100446427,3310.6020159040177,3348.904158528646,0.0139882130963288,1.37736822656186,1
TCS,2025-04-15,3097.69287109375,3160.825412160961,3088.537831919463,3160.825412160961,3512160,0.005167822936647637,3132.9036690848216,3288.129551478795,3336.781494140625,0.01399746007908009,-0.5059531202942315,1
TCS,2025-04-16,3122.106689453125,3126.207493109741,3079.382475986214,3097.6927866639667,2384391,0.00788129081071709,3115.2813546316966,3263.9371337890625,3326.0130289713543,0.01415098145184633,-0.32110410687440205,1
TCS,2025-04-17,3146.0439453125,3150.5263550376844,3068.8925750135395,3095.1183505924305,2932346,0.007667020457769125,3115.2132393973216,3239.492693219866,3320.152766927083,0.0128630836017458,0.2298092049500271,1
TCS,2025-04-21,3167.69189453125,3198.590529231532,3131.92947805952,3137.651464694997,2432946,0.00688100662134894,3121.6913016183034,3218.0897391183034,3314.702571614583,0.012933868649188024,-0.17030732389697534,0
TCS,2025-04-22,3160.825439453125,3179.421896695883,3142.3244417890623,3168.645674402416,2710498,-0.002167652444348911,3124.6135602678573,3195.147286551339,3307.783723958333,0.0127073979915363,0.11408062488850956,1
TCS,2025-04-23,3254.85693359375,3262.390790001095,3182.6645776182195,3209.081037662751,3543923,0.029749031049590036,3147.283517020089,3181.9901297433034,3303.522428385417,0.013935991139304391,0.30748039659132753,0
TCS,2025-04-24,3243.9853515625,3254.380201786355,3230.7292749264034,3243.508519298502,2252175,-0.003340110564935439,3170.457589285714,3171.8267996651784,3297.1646728515625,0.013583207107493247,-0.3644966326864325,1
TCS,2025-04-25,3288.235107421875,3316.65435532197,3247.2275350265327,3261.532502141187,2742991,0.013640553536427458,3197.677908761161,3165.290788922991,3291.9767333984373,0.01385309282724332,0.2179297789914194,0
TCS,2025-04-28,3283.943603515625,3297.581052006719,3247.227521408655,3275.837455517982,1593296,-0.001305108596573179,3220.7974679129466,3168.0394112723216,3287.3307942708334,0.013826756634201218,-0.41913918055144916,1
TCS,2025-04-29,3311.599853515625,3333.05730397037,3271.4504864223404,3294.910725384157,1578332,0.008421658024331702,3244.448311941964,3179.8307756696427,3284.062890625,0.013928486176687231,-0.009391851859290479,0
TCS,2025-04-30,3293.671142578125,3347.2670426291115,3210.0348098149666,3311.123250052752,2809332,-0.0054139122268853646,3262.4453473772323,3192.0683244977677,3282.393977864583,0.013518593627533956,0.7799373008974031,0
TCS,2025-05-02,3272.02294921875,3329.7196523454577,3261.532639559349,3311.123194312883,1721761,-0.006572663882414731,3278.3307059151784,3201.4721330915177,3279.8492838541665,0.013560097980672918,-0.3871279720588382,1
TCS,2025-05-05,3294.243408203125,3342.1173206897283,3286.7093187748424,3290.1426041887753,1284443,0.006791046190455452,3283.957345145089,3215.620431082589,3278.4696533203123,0.013613782337644932,-0.25399460203826196,1
TCS,2025-05-06,3299.678955078125,3312.076592770615,3277.7446730067963,3299.678955078125,1324763,0.0016500137365274004,3291.91357421875,3231.1855817522323,3277.271207682292,0.01361847651887226,0.031391038761548806,0
TCS,2025-05-07,3285.469482421875,3299.202157339632,3262.104703449532,3262.104703449532,1477128,-0.004306319751011478,3291.518484933036,3244.5981968470983,3275.6181803385416,0.013638345151925257,0.11501302497125909,1
TCS,2025-05-08,3289.09326171875,3315.89132616591,3269.8292861996833,3288.2350568363695,2543591,0.0011029715285024722,3292.254150390625,3256.525809151786,3271.9863037109376,0.01314842138114032,0.721984147616185,0
TCS,2025-05-09,3280.89208984375,3286.518617372084,3240.6474937252347,3241.505698660658,2531757,-0.0024934446129735166,3287.8673270089284,3266.1578194754466,3267.6057942708335,0.013113917579013885,-0.004652477540610933,1
TCS,2025-05-12,3452.646728515625,3462.278832722667,3339.923635561146,3342.5939426230407,2228678,0.05234998103215727,3310.578125,3286.511736188616,3267.3340006510416,0.016157356778802118,-0.11971093592315529,0
TCS,2025-05-13,3352.130859375,3455.126629734175,3347.839368943368,3452.647008797929,3062887,-0.029112700210669695,3322.0221121651784,3300.1764090401784,3262.7961588541666,0.01693092103153973,0.37430665174601274,1
TCS,2025-05-14,3384.269287109375,3395.999407449705,3346.0274789718064,3357.8528260686357,2119499,0.009587462149484027,3334.8829520089284,3309.420148577009,3260.0273600260416,0.01701710833192986,-0.3080061393058249,1
TCS,2025-05-15,3414.023193359375,3433.1919414973604,3351.2722602468125,3398.860022082387,3548330,0.008791825864251424,3351.217843191964,3321.5657087053573,3257.760807291667,0.017082590847998423,0.6741361991678223,0
TCS,2025-05-16,3396.285400390625,3427.37472311883,3381.789746684424,3427.37472311883,1666727,-0.0051955689707240404,3367.0486886160716,3329.2835867745534,3256.3350830078125,0.016961487529107894,-0.5302784690262743,0
TCS,2025-05-19,3355.754638671875,3385.5089240585153,3341.3542118072583,3385.5089240585153,2537377,-0.01193385035135397,3376.5717424665177,3334.4129464285716,3255.317838541667,0.016868064936997065,0.5223710901665359,0
TCS,2025-05-20,3336.20458984375,3393.1383143193784,3332.103785899918,3368.1523508133114,2038374,-0.0058258278489223825,3384.4735281808034,3336.170427594866,3253.8666829427084,0.016897097710034184,-0.19666096129979893,1
TCS,2025-05-21,3362.430419921875,3373.1114160079887,3336.2046455537043,3345.4551448560997,1440153,0.00786097775836736,3371.5854840959823,3341.081804547991,3257.7656005859376,0.015217650746832264,-0.2934795086672024,0
TCS,2025-05-22,3315.891357421875,3335.7276249349993,3291.382227143766,3333.057317857191,2034383,-0.013840899792085914,3366.4084123883927,3344.215262276786,3263.4112874348957,0.014294498225909781,0.4126158817847825,1
TCS,2025-05-23,3351.749267578125,3371.2039297984234,3305.0197081551764,3315.8913900733005,1274331,0.010813958085807096,3361.7626953125,3348.322823660714,3271.0580810546876,0.014268170865969026,-0.3736032005772758,1
TCS,2025-05-26,3373.3974609375,3380.7406309750972,3347.457833268305,3357.8526831208233,967470,0.0064587746967772475,3355.9590192522323,3353.5884312220983,3278.825675455729,0.014274207392352465,-0.24080164415681637,0
TCS,2025-05-27,3336.5859375,3375.972327891045,3321.708911006242,3368.3430118958113,2467680,-0.010912299503323175,3347.4305245535716,3357.2396065848216,3286.839632161458,0.014158868417021221,1.5506527334180906,0
TCS,2025-05-28,3335.63232421875,3365.482070074091,3331.1501475683763,3356.8990894476624,1222933,-0.00028580510111619883,3344.555908203125,3360.5638253348216,3295.3018147786456,0.014104196904109684,-0.5044199409972119,1
TCS,2025-05-29,3336.013916015625,3368.8198820327834,3324.951314566822,3342.3079620855306,3188072,0.00011439863863427213,3344.5286690848216,3364.5010986328125,3303.245849609375,0.01410434071234505,1.6069065108227516,0
TCS,2025-05-30,3302.921630859375,3344.2153514588645,3293.099072490372,3328.2892004179307,3404365,-0.009919708367336133,3336.027413504464,3353.8064488002233,3309.273014322917,0.014246848920603423,0.06784445269742956,0
TCS,2025-06-02,3289.951904296875,3299.679235825276,3260.197617868956,3290.1425906350296,1877585,-0.003926743656683551,3332.32177734375,3349.3650948660716,3314.0699462890625,0.014244373487441694,-0.44847717562599776,0
TCS,2025-06-03,3247.41845703125,3312.55379191937,3242.936280242354,3286.3280169725485,2848125,-0.012928288468312843,3317.4173758370534,3339.5900355747767,3316.727498372396,0.014448263628746077,0.5169086885547125,1
TCS,2025-06-04,3252.90234375,3266.276244304154,3242.415101032151,3260.6957796433117,2544807,0.001688691122290198,3300.203787667411,3328.0814034598216,3319.796728515625,0.014436918895287186,-0.10649743252139565,0
TCS,2025-06-05,3243.473388671875,3279.9384360226436,3236.353404838992,3279.9384360226436,3584683,-0.0028986283883503106,3286.9019949776784,3317.166259765625,3319.417277018229,0.013392220330365964,0.40862666599078046,1
TCS,2025-06-06,3256.07763671875,3262.5239346599506,3231.543040378609,3243.473730125776,2070390,0.0038860340556197137,3275.537039620536,3310.04647391183,3319.820353190104,0.013395640536457084,-0.4224342849841952,1
TCS,2025-06-09,3292.350341796875,3303.992342378787,3262.5239694574043,3271.27954690969,1718678,0.011140000062983102,3269.299386160714,3306.9140276227677,3319.957527669271,0.01331673415210398,-0.16987717289979187,1
TCS,2025-06-10,3331.798095703125,3353.8312663403485,3293.601143598204,3309.7651599636156,2419874,0.01198163919721873,3273.4245954241073,3304.726004464286,3321.5526774088544,0.013487344042949148,0.40798567270890773,1
TCS,2025-06-11,3340.457275390625,3356.909980604606,3318.5206483022603,3338.629301432497,2847013,0.0025989509084201057,3280.6396484375,3306.480712890625,3322.5145914713544,0.013412130945327966,0.17651290934982566,0
TCS,2025-06-12,3304.1845703125,3343.1512807546196,3293.6010193282204,3340.457238979081,4060134,-0.010858604702220997,3288.749093191964,3303.083234514509,3322.8650390625,0.013529491000824411,0.4261030771548988,1
TCS,2025-06-13,3315.249267578125,3319.8675914563746,3264.7368639985107,3264.7368639985107,2178493,0.003348692250741525,3297.6557965959823,3298.9297921316966,3324.305916341146,0.013479562542833985,-0.4634430784796758,1
TCS,2025-06-16,3363.93359375,3376.152737355931,3296.487416323079,3309.7650089781714,1934088,0.014684967024346962,3314.8643973214284,3300.8831961495534,3326.6289225260416,0.013681646439826166,-0.11218994047720143,1
TCS,2025-06-17,3382.21435546875,3386.736371257649,3356.04416685221,3377.114961112031,2111940,0.005434340842136232,3332.8839285714284,3304.2104840959823,3329.3801025390626,0.013707296014068098,0.09195651904153279,0
TCS,2025-06-18,3320.7333984375,3404.0549041256045,3312.747815947458,3385.8705329382847,2696327,-0.018177723399417478,3336.938650948661,3303.1190185546875,3330.55556640625,0.014117271599717384,0.2767062511245584,0
TCS,2025-06-19,3294.37109375,3320.348903192538,3283.7875417548917,3319.3867621020736,2672768,-0.00793869953544124,3331.5919363839284,3302.5082659040177,3330.731494140625,0.01419915302126159,-0.008737441712373895,1
TCS,2025-06-20,3305.627685546875,3315.826473793808,3281.7665424976394,3295.332824141505,2351248,0.0034169167578694815,3326.616280691964,3303.6279645647323,3331.556013997396,0.014202217133492376,-0.12029476557636132,0
TCS,2025-06-23,3265.121826171875,3295.332959933054,3242.4152043720856,3285.71154983106,3123421,-0.012253606040421028,3321.035888671875,3304.89249093192,3325.305183919271,0.010446410539741378,0.32840984872714407,0
TCS,2025-06-24,3262.04296875,3311.7858496666604,3253.961077773165,3304.5697916881572,3403048,-0.000942953306426797,3313.434988839286,3305.545392717634,3322.302254231771,0.009084612166268699,0.08952587563444059,1
TCS,2025-06-25,3314.38330078125,3319.3863869066126,3271.2793378210094,3278.3030139670477,1757699,0.016045261369229236,3306.356375558036,3310.6103864397323,3319.972721354167,0.009411517445157992,-0.483492739450046,0
TCS,2025-06-26,3311.496826171875,3320.7332385135887,3286.000090554292,3314.3832490719788,2879106,-0.0008708934204123553,3296.2538713727677,3314.5688999720983,3316.55517578125,0.009240958447568273,0.6379971769910548,0
TCS,2025-06-27,3310.823486328125,3335.1654656898822,3301.105768277059,3324.1971522580116,1778433,-0.00020333398432648142,3294.8381696428573,3315.888410295759,3313.7064453125,0.009207214381254143,-0.38229679629718394,1
TCS,2025-06-30,3330.93212890625,3333.7222438362,3300.143617027278,3309.6687189307536,1468351,0.006073607566565498,3300.0611746651784,3315.8265555245534,3312.8790283203125,0.009042389153214996,-0.17435686359846003,0
TCS,2025-07-01,3299.85498046875,3353.0614253891877,3284.268343060543,3324.1971950415045,2375183,-0.00932986540548475,3299.236502511161,3312.9263916015625,3311.667374674479,0.009139567550752145,0.617585304876014,0
TCS,2025-07-02,3293.697509765625,3357.7759628799704,3290.522397314988,3355.1782290195283,3090585,-0.0018659822142397253,3303.3187430245534,3312.177315848214,3309.3762776692706,0.009010789885067753,0.3011986865854126,0
TCS,2025-07-03,3272.04931640625,3305.243182495177,3268.9705120384147,3300.1437879715377,2531870,-0.006572611265967643,3304.748221261161,3309.0916050502233,3307.9148763020835,0.008737427712487885,-0.18077969057637955,1
TCS,2025-07-04,3290.329833984375,3297.257202194738,3261.7542933055606,3278.9765232213795,1109320,0.00558687104331379,3301.31201171875,3303.8341936383927,3305.8675618489583,0.008556195866904802,-0.5618574413378254,0
TCS,2025-07-07,3282.53662109375,3296.3915933540857,3279.361508602982,3288.8868460752856,1639174,-0.0023685202650908233,3297.1748395647323,3296.71435546875,3302.8388671875,0.008456965245024872,0.477638553347997,0
TCS,2025-07-08,3277.24462890625,3295.3329266950955,3264.929177120374,3276.090106685197,2325242,-0.0016121654678560304,3292.377859933036,3293.6080147879466,3300.8608235677084,0.008244126305491142,0.4185449500785152,0
TCS,2025-07-09,3255.69287109375,3284.7494832808984,3239.5288547764453,3280.90091915286,2034938,-0.00657618220574907,3281.62939453125,3290.845284598214,3298.1961751302083,0.008316453903298557,-0.1248489404543699,0
TCS,2025-07-10,3253.960693359375,3270.317089511684,3228.945028655843,3252.036411459103,3035012,-0.0005320458049818955,3275.073067801339,3287.15478515625,3295.4610677083333,0.008314907841451846,0.49145182801638176,0
TCS,2025-07-11,3142.3525390625,3208.7402687610033,3137.638142071979,3174.9690253465947,7635550,-0.034299171014770646,3253.4523577008927,3278.3855503627233,3290.1087646484375,0.010212204247170942,1.51582201322433,0
TCS,2025-07-14,3100.691650390625,3148.1252470894524,3078.851097397998,3142.352401281831,3924009,-0.013257865931333157,3228.9726911272323,3266.8604561941966,3283.800089518229,0.010425112480817315,-0.4860869223566082,1
TCS,2025-07-15,3129.171142578125,3136.002202567695,3084.623968418985,3084.623968418985,2590889,0.009184883696484958,3205.950020926339,3253.631016322545,3279.8585123697917,0.010401664555933523,-0.33973418511527365,0
TCS,2025-07-16,3121.2548828125,3132.6464874286985,3109.187305299685,3115.365810708297,2540733,-0.002529826399684465,3182.9097726004466,3240.042306082589,3275.470263671875,0.01039001317424672,-0.019358606254455513,0
TCS,2025-07-17,3098.181640625,3129.8470122556437,3093.2582102459683,3112.5663349360093,2947640,-0.007392296705583057,3157.329345703125,3224.85360281808,3270.627205403646,0.010445745789221108,0.160153388805514,0
TCS,2025-07-18,3079.549072265625,3117.103513998714,3076.749488627971,3113.434923384125,3432645,-0.006014033559251342,3132.165945870536,3206.8976702008927,3264.742919921875,0.010426958631006024,0.16454010666160057,0
TCS,2025-07-21,3048.94580078125,3086.982946316993,3042.960329505588,3079.645764950135,3844346,-0.009937582018090807,3102.878104073661,3188.9755859375,3256.629435221354,0.010233059134127732,0.11993695823483064,1
TCS,2025-07-22,3050.29736328125,3070.088189339792,3045.4703325352643,3050.29736328125,3198036,0.0004432884637219914,3089.727364676339,3171.589861188616,3247.2460774739584,0.00988052765250036,-0.16811962294757032,1
TCS,2025-07-23,3069.123046875,3071.9226306702544,3048.366812883985,3050.2976253482652,1922875,0.006171753554381043,3085.2175641741073,3157.09512765067,3238.2016031901044,0.009970102075859279,-0.39873253459310654,0
TCS,2025-07-24,3039.098876953125,3063.909770455093,3031.3756269481614,3055.6074181166887,2934778,-0.009782654348917563,3072.35009765625,3139.150059291295,3229.365413411458,0.00994190269092542,0.5262448157056492,0
TCS,2025-07-25,3027.32080078125,3047.6907301283586,3017.47370470728,3031.375459671135,2568917,-0.003875515950202746,3058.9309430803573,3120.9203578404017,3219.7677978515626,0.00987672791643214,-0.12466394391671198,0
TCS,2025-07-28,2972.775390625,3010.1365638260077,2963.700430830921,3002.413314143324,3374473,-0.018017717231082253,3041.0157645089284,3099.1725551060267,3206.7291910807294,0.009662605046168532,0.3135780564338979,0
TCS,2025-07-29,2950.281494140625,2967.658806606113,2935.993434530025,2954.1431191329557,4785312,-0.007566631692159542,3022.5489676339284,3077.3574567522323,3192.3314290364583,0.00951217642248698,0.4180916546079936,0
TCS,2025-07-30,2947.96435546875,2962.831516110354,2941.7856146047457,2954.14286063789,2880121,-0.0007853957923936727,3008.123046875,3055.50057547433,3179.905794270833,0.009173787842132634,-0.39813307888806415,0
TCS,2025-07-31,2931.74560546875,2953.9499481457733,2910.6997030967705,2936.47600158721,2968371,-0.005501677783149805,2991.187081473214,3040.4572230747767,3167.8182779947915,0.009147728923633292,0.030641073760442783,0
TCS,2025-08-01,2899.11474609375,2931.7455219766357,2896.2185275661836,2925.0840779463133,2053847,-0.011130181047813936,2966.9001813616073,3026.0588727678573,3154.2678466796874,0.009135399844958593,-0.3080895211548691,1
TCS,2025-08-04,2968.044677734375,2972.8717086542492,2888.1092342571515,2905.0038424767117,2519252,0.023776199867045822,2956.749581473214,3014.5498395647323,3144.365275065104,0.010345188263608968,0.2266015920367972,0
TCS,2025-08-05,2957.908203125,2971.0378227936944,2936.765899898755,2968.044969051672,1927996,-0.003415202838898179,2946.83349609375,3002.8822195870534,3134.2274495442707,0.010337068959744273,-0.23469506027979736,0
TCS,2025-08-06,2927.401123046875,2960.7076353045086,2921.319017147813,2957.0390447864347,1487081,-0.010313734566168908,2940.3514578683034,2990.683611188616,3121.3280436197915,0.009747832401649389,-0.22869082715939248,1
TCS,2025-08-07,2941.5927734375,2946.0337363593026,2906.741514367591,2911.665180402855,2543076,0.004847866689295488,2939.1102120535716,2980.82958984375,3108.997908528646,0.009868006129202357,0.7101126300450344,0
TCS,2025-08-08,2931.359375,2953.950022141175,2920.353838284088,2942.654816418027,2762140,-0.0034788630601445547,2936.7380719866073,2972.4305594308034,3096.3491048177084,0.009843863469387981,0.08614135008155488,1
TCS,2025-08-11,2935.607177734375,2944.3922326106717,2916.78175710605,2931.3592490987544,1884215,0.0014490897194667784,2937.289725167411,2964.2384033203125,3083.1716064453126,0.00971601586135099,-0.31784232515368516,0
TCS,2025-08-12,2930.39404296875,2989.283824339261,2922.188089826958,2935.8004122577677,3358232,-0.0017758284572829686,2941.7581961495534,2954.32918875558,3070.856241861979,0.009675119390568794,0.7822976677290012,1
TCS,2025-08-13,2931.166259765625,2939.0825434733065,2923.8293140563796,2931.0698605624675,2148166,0.0002635197811460266,2936.4898507254466,2946.61971609933,3058.771866861979,0.009698376600869404,-0.36032829179163317,0
TCS,2025-08-14,2917.747314453125,2950.1848225685903,2914.658061636635,2929.0425202763217,3342174,-0.004578022576437912,2930.7525809151784,2938.793038504464,3046.9618001302083,0.009685781765904303,0.5558266912333591,0
TCS,2025-08-18,2907.03125,2943.5236533530624,2899.501034118434,2941.1101377304376,2945609,-0.0036727184701851323,2927.842599051339,2934.0970284598216,3034.1851806640625,0.00952359674209123,-0.11865480372954851,1
TCS,2025-08-19,2911.8583984375,2920.3540209100356,2906.9349677861255,2907.0313669979796,2650784,0.0016605079279763402,2923.5948311941966,2931.352521623884,3021.829239908854,0.009576764521875464,-0.10008965887869026,1
TCS,2025-08-20,2991.407470703125,2996.041231481408,2906.741166187621,2906.741166187621,4952358,0.027319004354164678,2932.1731305803573,2934.4556012834823,3012.301334635417,0.011147316414729838,0.868261616186004,1
TCS,2025-08-21,2995.26953125,3021.721568272579,2976.444109339037,3021.721568272579,3230726,0.00129105131437246,2940.6963239397323,2938.9930245535716,3003.620556640625,0.011152268921011146,-0.3476388419415559,0
TCS,2025-08-22,2948.350341796875,2988.607730562596,2944.4887172496624,2979.2433381745764,1593791,-0.015664429849671868,2943.2615094866073,2942.50985281808,2993.433544921875,0.011389816441529758,-0.5066771369654994,1
TCS,2025-08-25,3031.954833984375,3042.960370488012,2970.6515397185153,2980.498635910434,3448370,0.028356362879367714,2957.6598772321427,2947.074863978795,2989.753621419271,0.011237759385738158,1.1636274768774575,1
TCS,2025-08-26,3047.98046875,3052.6144657420946,3012.067404527304,3020.756060501902,5522097,0.005285578329201401,2976.2646135602677,2953.5085972377233,2987.99658203125,0.011056243868085194,0.6013644127515319,0
TCS,2025-08-28,2986.67724609375,3037.6507428505593,2979.7263682848406,3036.2026334864163,3116051,-0.02011273473855002,2987.6426130022323,2957.742606026786,2983.246785481771,0.011456781711045161,-0.4357123752081863,0
TCS,2025-08-29,2977.988525390625,3007.2403810515466,2970.747978726777,2986.001444170926,2271789,-0.0029091595733984343,2997.089773995536,2960.342302594866,2978.471240234375,0.011458178876024162,-0.2709397246707451,1
TCS,2025-09-01,3004.92333984375,3022.7833539936464,2983.105066117822,2983.105066117822,1246862,0.009044633390449919,2999.0206124441966,2965.5968715122767,2975.3626302083335,0.01155934661207234,-0.4511541344728758,0
TCS,2025-09-02,3003.861328125,3045.8564969417885,2995.7520104934983,3013.129321728032,2185229,-0.00035342389759773774,3000.2480119977677,2970.47216796875,2972.839705403646,0.011520036840485515,0.7525828840721749,0
TCS,2025-09-03,2990.345458984375,3033.209396467178,2981.1741008373688,3021.624523018328,1799774,-0.00449949836701069,3006.247314453125,2974.754411969866,2970.8863606770833,0.011413022278673843,-0.17639112422542447,0
TCS,2025-09-04,2988.608154296875,3010.136761338951,2983.877757833792,3008.205948791588,1481391,-0.0005809712326982908,3000.054931640625,2978.857404436384,2968.8300537109376,0.011411374628119895,-0.17690165543007064,0
TCS,2025-09-05,2942.84765625,2996.0413944584525,2923.8292019621163,2989.959524182405,2802055,-0.01531164196988577,2985.035958426339,2980.6502859933034,2964.6208740234374,0.011642327471875085,0.8915026485242585,0
TCS,2025-09-08,2914.561279296875,2958.8733290135365,2911.6650607351357,2944.4888711015133,2626187,-0.009611906648667512,2974.7336774553573,2981.188145228795,2960.469620768229,0.01163809592349753,-0.06276393575429462,1
TCS,2025-09-09,2943.909423828125,2954.1428233110028,2925.9530108288373,2927.208085964641,2489301,0.010069489614001226,2969.865234375,2983.4775041852677,2957.689241536458,0.011810083045106784,-0.05212347787876492,1
TCS,2025-09-10,3002.413330078125,3014.6739418754814,2947.7712440051832,2950.667462651561,2079428,0.019872862179952655,2969.506661551339,2984.2636369977677,2958.6771728515623,0.011937720116870635,-0.1646538526277055,1
TCS,2025-09-11,3016.1220703125,3030.4101295308183,3002.5099840051885,3030.4101295308183,2263446,0.004565907064507435,2971.2581961495534,2985.753104073661,2960.871858723958,0.011863836014438993,0.08849452830297566,1
TCS,2025-09-12,3025.00390625,3039.7746692912174,3013.032962803265,3035.23730697003,1447167,0.002944786626815743,2976.209402901786,2991.228358677455,2963.43984375,0.011866155633293643,-0.3606355088656853,0
TCS,2025-09-15,3004.247314453125,3025.5828847209655,2988.897450892185,3025.5828847209655,1732539,-0.006861674378003113,2978.4435686383927,2989.249250139509,2965.8565673828125,0.01189413093333233,0.1971935512625702,1
TCS,2025-09-16,3036.87841796875,3041.029712016194,3001.544690350828,3019.79077434497,2573429,0.01086165688112306,2991.876534598214,2988.4562465122767,2970.448689778646,0.011805602311075379,0.4853512677059506,1
TCS,2025-09-17,3063.041015625,3072.3087742640014,3033.692524030945,3042.960518364833,2418271,0.008614963806733211,3013.0879255022323,2993.910801478795,2973.615234375,0.011129384296995868,-0.06029231814827607,1
TCS,2025-09-18,3066.805908203125,3092.1961390627853,3052.035145819797,3074.8188270106057,2633138,0.0012291355417441974,3030.6445661272323,3000.254900251116,2977.245157877604,0.011096517120240505,0.08885149761958022,0
TCS,2025-09-19,3059.565185546875,3070.474322402291,3035.2369972120114,3060.337557621526,4901694,-0.002360998013236637,3038.8091169084823,3004.157889229911,2981.650626627604,0.010903684416640223,0.8615408687277308,0
TCS,2025-09-22,2967.465576171875,2999.420379452393,2958.96995461183,2987.93214013821,3634901,-0.030102188967919608,3031.8581891741073,3001.55819266183,2982.5130533854167,0.01231301600533841,-0.2584398373297069,0
TCS,2025-09-23,2956.4599609375,2974.126942183857,2946.419830367542,2963.79714260431,3177741,-0.0037087591926079355,3022.0661969866073,2999.1377999441966,2983.3497395833333,0.012315562161249629,-0.12576958767240154,0
TCS,2025-09-24,2930.39404296875,2951.246912289377,2928.077162241963,2944.4890685255477,1625714,-0.008816597658398373,3011.5157296316966,2994.979649135045,2983.1759684244794,0.01242630480081086,-0.4884057574232765,0
TCS,2025-09-25,2855.09228515625,2924.7948033919906,2848.9137795733855,2917.457621779319,4974361,-0.02569680278772768,2985.5462820870534,2988.711408342634,2980.665909830729,0.01328313508150627,2.059800801370967,0
TCS,2025-09-26,2798.80908203125,2852.5821577986485,2791.278866873073,2839.2595057026215,3934636,-0.019713269310984716,2947.7988630022323,2980.4433942522323,2976.25400390625,0.013722374553158117,-0.2090167963282118,0
TCS,2025-09-29,2795.912841796875,2827.964278797825,2793.885394606466,2815.124329879908,3110035,-0.001034811646485334,2909.099853515625,2969.8722098214284,2972.1928548177084,0.01370974769414841,-0.20957491366418646,0
TCS,2025-09-30,2788.479248046875,2814.448816935253,2785.2935960579534,2810.297523025748,2253458,-0.0026587358657512716,2870.373291015625,2954.5912039620534,2968.2411214192707,0.013705021627067902,-0.2754235884805155,1
TCS,2025-10-01,2813.38671875,2823.620118812873,2767.433524755383,2790.989341906879,1952902,0.008932277592013982,2848.3620256696427,2940.110107421875,2964.958732096354,0.013822914290711912,-0.13337546118010635,0
TCS,2025-10-03,2801.511962890625,2822.8475327064652,2791.0857652107957,2822.8475327064652,2899519,-0.004220804690743374,2826.2265973772323,2924.14639718192,2958.6288818359376,0.01274819757040655,0.4847232477615364,1
TCS,2025-10-06,2885.019775390625,2890.040076154485,2795.43026915826,2801.608774520881,2112774,0.029808122758767652,2819.744559151786,2915.630144391741,2954.953889973958,0.014010815930608999,-0.271336383724335,0
TCS,2025-10-07,2870.828369140625,2900.5629272327596,2853.2580234436414,2891.391568334869,3062943,-0.004918997911575351,2821.9925711495534,2903.7694266183034,2952.36982421875,0.013762228170107894,0.4497258107114155,1
TCS,2025-10-08,2922.4775390625,2937.7310038355854,2865.325540382523,2872.083383638142,4121889,0.017991033695036185,2839.659493582589,2893.729178292411,2948.7205810546875,0.013120232947270202,0.3457282750609463,1
TCS,2025-10-09,2955.7841796875,2959.9354735767624,2915.5267874109013,2929.042474504859,3211304,0.011396713979770823,2862.4982561383927,2885.799054827009,2945.6473714192707,0.013270049944882194,-0.22091448847846218,0
TCS,2025-10-10,2923.53955078125,2963.7969409179377,2902.8797173331764,2944.488817524335,8817365,-0.010908992993412303,2881.7925851004466,2876.082938058036,2943.5427815755206,0.012913051425027912,1.7457272808802902,0
TCS,2025-10-13,2903.169677734375,2930.4907222176985,2894.481021335113,2922.284768951729,2866865,-0.006967538045254629,2894.618722098214,2871.4903738839284,2941.048819986979,0.012958914698303589,-0.6748614807258178,0
TCS,2025-10-14,2857.891845703125,2922.47742224366,2853.257849088388,2916.4919513097684,3611416,-0.015595999220612056,2902.6729910714284,2864.44979422433,2936.147770182292,0.013095782366680107,0.25970912477566954,1
TCS,2025-10-15,2877.756591796875,2887.349664986807,2859.539215693528,2878.9193527026337,4282226,0.006950838998199593,2901.6353934151784,2860.6899762834823,2931.9442789713544,0.013187106448290107,0.18574708646137683,1
TCS,2025-10-16,2878.628662109375,2882.7954389661986,2851.8842144350965,2877.8534092983937,3251495,0.00030303824687116787,2902.7497209821427,2862.3711460658483,2928.2203857421873,0.013176630620989479,-0.24069981360161752,0
TCS,2025-10-17,2870.391845703125,2896.1675207642234,2863.8025522629873,2877.950145926403,4374683,-0.002861368162788369,2895.308907645089,2867.484200613839,2924.2798421223956,0.013179607185735295,0.3454374064853245,1
TCS,2025-10-20,2921.749267578125,2929.307567962745,2886.186765192536,2892.9698128193104,3133039,0.01789212924077943,2890.44677734375,2876.4725167410716,2923.5765625,0.013351982631583367,-0.28382490799904814,0
TCS,2025-10-21,2913.512939453125,2937.8351067763124,2903.1446131495227,2937.1568492749448,310644,-0.002818971571721174,2889.014404296875,2885.403494698661,2923.5416178385417,0.01324320722457554,-0.9008489840056252,1
TCS,2025-10-23,2977.95166015625,3001.983076189401,2942.001649703373,2960.3157836535247,5564758,0.022117190498978978,2899.6975446428573,2897.158133370536,2924.6763590494793,0.013730503090529733,16.913618160981702,0
TCS,2025-10-24,2968.26171875,2994.231149497321,2963.513679841537,2984.541081052346,2684318,-0.003253894794834067,2915.464669363839,2909.068830217634,2923.5379720052083,0.013244451884253567,-0.5176217905612428,1
TCS,2025-10-27,2989.2890625,2998.300873295387,2965.3546412157716,2971.4594315335457,1946312,0.007084059878269544,2931.397879464286,2916.5166364397323,2922.6435384114584,0.013284249886556316,-0.27493240368689553,0
TCS,2025-10-28,2963.1259765625,2994.424945391891,2945.974602490029,2980.6650953225503,3470737,-0.008752277009845044,2943.468924386161,2923.1093226841517,2920.5809407552083,0.013359829910755563,0.7832377337240894,0
TCS,2025-10-29,2962.83544921875,2980.665080689528,2951.691870406029,2963.125962015583,2895420,-9.804758422282678e-05,2956.6751534598216,2925.992030552455,2919.200545247396,0.01330752620022445,-0.1657621997863854,0
TCS,2025-10-30,2941.2265625,2968.843257944529,2938.804045355743,2954.598904451086,2241536,-0.007293313141790492,2959.4576241629466,2924.9522007533483,2916.0121500651044,0.013191116546471888,-0.2258339031988451,1
TCS,2025-10-31,2963.222900390625,2972.3314700068563,2931.342670159881,2940.9357431934422,1868085,0.007478627512437663,2966.5590471540177,2927.7867257254466,2912.684879557292,0.01316421266964357,-0.16660495303220646,0
TCS,2025-11-03,2923.300048828125,2963.2230855965854,2916.7107546258085,2952.467014430014,2194877,-0.013472780450379584,2958.7516741071427,2929.224609375,2907.9013509114584,0.013349941749956478,0.1749342240850924,0
TCS,2025-11-04,2897.524169921875,2935.4124315282234,2883.7643202783443,2926.01311261092,2670720,-0.008817390782921097,2948.646309988839,2932.055489676339,2902.4999837239584,0.013416010993881006,0.2167971143713292,1
TCS,2025-11-06,2917.58251953125,2930.2766034150336,2897.3303717628805,2897.427367073782,2542721,0.006922582326523319,2938.402518136161,2934.9001988002233,2900.8372151692706,0.012378417095994578,-0.047926776300023954,0
TCS,2025-11-07,2899.074951171875,2910.896788283535,2868.744987254795,2907.989767522932,1830520,-0.006343460119972333,2929.252371651786,2936.3606480189733,2898.924381510417,0.012411335933911414,-0.2800940409899474,1
TCS,2025-11-10,2931.439453125,2953.4358611387806,2899.268473263204,2900.237480105872,1556656,0.011163734121479862,2924.7672293526784,2940.72119140625,2898.959228515625,0.012489885268404916,-0.14960994690033436,1
TCS,2025-11-11,2952.56396484375,2960.9942773891976,2924.462765309628,2950.6259510827763,2806868,0.007206190697962578,2926.3868582589284,2942.9222412109375,2902.208284505208,0.011557509772069673,0.8031395504209022,1
TCS,2025-11-12,3034.735595703125,3039.192885115363,2962.3508338140637,2965.1608589527805,4460315,0.027830601415513634,2936.602957589286,2951.5810023716517,2910.072501627604,0.011849219604196064,0.5890718765542233,0
TCS,2025-11-13,3009.4443359375,3034.8322664831685,3005.859058134587,3034.735507748666,1740435,-0.00833392530190602,2948.9092843191966,2953.83047921317,2917.190218098958,0.012003937906316278,-0.6097954965064127,1
TCS,2025-11-14,3009.7353515625,3016.6153949995773,2981.924901585002,2994.2312415737683,2210794,9.670078343848587e-05,2964.939453125,2956.79288155692,2924.565421549479,0.011973406907049879,0.2702537009425805,0
TCS,2025-11-17,3006.052978515625,3026.6928715689805,2990.93661372188,3009.73525183072,2232853,-0.0012234873225525078,2977.5780901227677,2957.990304129464,2930.9876302083335,0.01193219992836169,0.009977863156856781,0
TCS,2025-11-18,2991.421142578125,3008.7662705711664,2982.6030856096777,3005.8592500198897,2548350,-0.004867457773390704,2990.7704031808034,2960.011387416295,2937.317936197917,0.011944923175337374,0.14129770298358202,1
TCS,2025-11-19,3050.142822265625,3057.216619603584,2987.932629650603,3001.0142221592077,3151053,0.019630027631913904,3007.72802734375,2966.247628348214,2942.8220377604166,0.011260338679626097,0.23650715168638525,0
TCS,2025-11-20,3047.332763671875,3066.4221511422043,3040.8404651460387,3050.4335382511167,2700767,-0.0009212875453690206,3021.266427176339,2973.826642717634,2948.705517578125,0.011200134020286929,-0.14290016702353148,1
TCS,2025-11-21,3052.953125,3071.7517635606687,3038.030277327296,3047.332837865448,4177037,0.001844354313754959,3023.8689313616073,2980.2359444754466,2953.0547037760416,0.010788113042590804,0.5466113885425881,0
TCS,2025-11-24,3043.84423828125,3080.375748831919,3033.960415828725,3060.1236005069036,6703764,-0.00298363137126445,3028.783203125,2988.8462437220983,2955.9900390625,0.010652429855854215,0.6049089342517195,0
TCS,2025-11-25,3022.526123046875,3052.1778273241375,3018.4563415864895,3047.817296493595,2737920,-0.007003681386276384,3030.6104561941966,2997.7749546595983,2959.289591471354,0.010524549348819094,-0.5915846679566883,1
TCS,2025-11-26,3064.87158203125,3079.503679669953,3020.394263540353,3022.138523134374,2508527,0.01400995632808244,3039.013113839286,3008.2956019810267,2964.679654947917,0.010661658670370512,-0.08378367519869101,0
TCS,2025-11-27,3039.386962890625,3081.4417653096157,3028.1463888655812,3081.4417653096157,2836233,-0.008315069150053866,3045.8653738839284,3018.317888532366,2970.7294921875,0.010328180119099853,0.1306368239209703,1
TCS,2025-11-28,3040.259033203125,3049.755347777002,3028.1464474134714,3042.681550361056,1616690,0.0002869230944093637,3044.4534040178573,3026.0907156808034,2976.146240234375,0.010291978298477344,-0.4299868875370959,0
TCS,2025-12-01,3036.2861328125,3056.247769627983,3025.4333028223336,3040.6466638725274,1747647,-0.0013067637813871658,3042.875313895089,3032.070870535714,2981.4014892578125,0.010304691529896716,0.08100316077912284,1
TCS,2025-12-02,3038.514892578125,3046.557697172346,3023.6890396759504,3033.960607457575,2512003,0.000734041413797959,3040.8127092633927,3032.3408203125,2987.0055908203126,0.010269095825562386,0.43736292283281464,1
TCS,2025-12-03,3081.441650390625,3112.3528729457903,3041.7123712503685,3042.6813780586676,3952112,0.014127545636637429,3046.183768136161,3037.48348563058,2992.3286702473956,0.01008898714223386,0.5732911147001019,1
TCS,2025-12-04,3129.11669921875,3149.27208789607,3088.6121678196405,3095.00770730463,5025905,0.015471670158700324,3061.4109933035716,3046.010724748884,2999.5154622395835,0.010348052726464371,0.271701055030829,1
TCS,2025-12-05,3137.837890625,3170.2028609083113,3122.527535293584,3129.892081880524,5244013,0.0027871096684977115,3071.8347516741073,3055.4239327566966,3004.845003255208,0.009659053958436458,0.043396761379293824,0
TCS,2025-12-08,3136.190673828125,3158.8653395160463,3109.1554773099156,3142.489218360763,2544725,-0.000524952803265033,3085.6638532366073,3065.7646135602677,3010.442635091146,0.009622700383698654,-0.5147370916128545,0
TCS,2025-12-09,3108.864501953125,3133.4771795542747,3082.604323565585,3129.8919017803323,2734893,-0.00871317299137453,3095.4646344866073,3069.9590192522323,3014.4284830729166,0.0097593927439482,0.0747302753735668,0
TCS,2025-12-10,3090.356689453125,3125.0471830165943,3079.6008550466445,3125.0471830165943,1386849,-0.005953238710909581,3103.1889997209823,3073.032156808036,3018.6695068359377,0.009672435991208154,-0.49290557253976663,1
TCS,2025-12-11,3092.972900390625,3108.961513573317,3055.3756234989633,3105.6669848803986,1914362,0.0008465724835029498,3110.9687151227677,3075.89071219308,3023.007421875,0.00966876875950316,0.38036801410968324,1
TCS,2025-12-12,3120.6865234375,3123.1090405337873,3086.9650381423917,3098.5931202045713,1146554,0.008960189416265196,3116.575125558036,3081.3794468470983,3028.9894205729165,0.00961551187044706,-0.4010777480957102,1
TCS,2025-12-15,3130.085693359375,3137.8377476982373,3098.205464520373,3111.577805569695,1562190,0.003011891726799165,3116.713553292411,3089.062273297991,3034.551513671875,0.009562518580106042,0.3625088744184748,0
TCS,2025-12-16,3105.763916015625,3120.202023295087,3092.197820262168,3120.202023295087,1734623,-0.007770323156119918,3112.1315569196427,3091.983154296875,3040.633642578125,0.009300061441901713,0.11037901919740878,1
TCS,2025-12-17,3118.0703125,3136.5782015286727,3101.306446555184,3101.306446555184,1376350,0.003962437846905864,3109.5429338727677,3097.6033935546875,3047.9851806640627,0.00907451173157083,-0.206542286133644,1
TCS,2025-12-18,3179.11767578125,3185.9007236352077,3121.171019656937,3127.954067510894,2307422,0.01957857173281763,3119.5791015625,3107.5218680245534,3056.703019205729,0.009568529239341329,0.6764790932538962,1
TCS,2025-12-19,3180.280517578125,3215.067769256,3177.179742937931,3196.753634213965,3902511,0.0003657750091270451,3132.425362723214,3117.8071812220983,3066.0765380859375,0.009422089297416636,0.6912862059909284,1
TCS,2025-12-22,3221.8505859375,3225.436100324642,3189.0013503402283,3207.412479375921,2632816,0.013071195490337306,3150.8364606584823,3130.902587890625,3075.7569091796877,0.009484379290632821,-0.32535334301427976,0
TCS,2025-12-23,3207.41259765625,3217.005670614833,3191.423985009323,3217.005670614833,2365420,-0.004481271833109757,3163.225899832589,3139.9005126953125,3084.2518636067707,0.009553795071096964,-0.10156273738840849,1
TCS,2025-12-24,3216.1337890625,3223.98283930865,3193.943626455098,3201.695681385047,1367708,0.0027190737520401687,3175.518484933036,3146.1160191127233,3090.2984700520833,0.008304121756067191,-0.42179063337589096,0
TCS,2025-12-26,3178.342529296875,3217.102804044398,3170.3967202884214,3210.4167512800273,1176664,-0.01175052477423244,3185.8868582589284,3149.009207589286,3095.9284098307294,0.008472040912467655,-0.13968186191789478,0
TCS,2025-12-29,3150.7255859375,3186.094333865139,3142.392032892103,3178.342279524835,2079473,-0.008689102293038431,3190.5518973214284,3150.0474155970983,3100.6280843098957,0.008684161663689908,0.7672615122073931,0
TCS,2025-12-30,3146.171630859375,3166.230026251057,3139.0978332181485,3149.272405605489,2807593,-0.0014453670920915318,3185.8453194754466,3152.7122105189733,3105.2987060546875,0.008686711150895629,0.3501464072868463,0
TCS,2025-12-31,3106.829833984375,3145.3963554042443,3099.3685282687848,3139.58231408187,3362634,-0.012504656926251023,3175.352364676339,3153.8888636997767,3109.1456624348957,0.008988128882632862,0.19769282798468302,1
TCS,2026-01-01,3127.37255859375,3133.865093634826,3099.0776063813255,3115.35696849259,1255735,0.006612117723560518,3161.8555036272323,3156.3459821428573,3111.7199869791666,0.008365416531208415,-0.6265620938823553,1
TCS,2026-01-02,3149.950439453125,3153.4389586535176,3119.717473820805,3133.7680727866077,1184324,0.007219440740225513,3153.6466238839284,3158.436261858259,3115.140576171875,0.008437116704292164,-0.05686789012012883,0
TCS,2026-01-05,3116.423095703125,3146.3653134186775,3092.1009285860796,3140.0667687506084,2341703,-0.01064376865428418,3139.4022391183034,3157.46036202567,3117.256241861979,0.008704930185094386,0.9772486245318004,1
TCS,2026-01-06,3154.892578125,3162.063134250383,3105.666982384277,3110.512016678168,2912325,0.012344114146412233,3136.05224609375,3160.969552176339,3120.9578531901043,0.008926886126236204,0.24367821196795658,1
TCS,2026-01-07,3193.458984375,3198.3040184958663,3123.3027483604965,3142.3921354819236,1989442,0.01222431676989788,3142.1570172991073,3166.3544573102677,3126.655615234375,0.009004999363349104,-0.31688874009597146,0
TCS,2026-01-08,3104.60107421875,3185.028645932727,3083.379917998496,3185.028645932727,4159336,-0.027824973043654277,3136.2183663504466,3161.0318429129466,3127.979931640625,0.010218408558235375,1.0907048308018026,1
TCS,2026-01-09,3108.38037109375,3129.601527505619,3092.1010079115476,3092.1010079115476,1938673,0.001217321254696424,3136.439871651786,3155.8961181640625,3130.2797119140623,0.01008279855711927,-0.5338984395586219,1
TCS,2026-01-12,3139.194580078125,3151.2101699835457,3075.9183875911604,3103.728835933978,2228342,0.009913268424588617,3138.128731863839,3149.992117745536,3133.5775634765623,0.010218247742847604,0.14941612123344172,1
TCS,2026-01-13,3166.71435546875,3178.3424375573745,3110.9964621274244,3144.42719813222,5645341,0.008766508315626753,3140.5235770089284,3147.0851004464284,3137.9251708984375,0.010300971517654042,1.5334266463585933,0
TCS,2026-01-14,3093.55419921875,3158.962158011942,3084.348634647856,3158.962158011942,3539511,-0.02310285931652034,3137.256591796875,3138.329415457589,3139.759814453125,0.011235397035703188,-0.3730208680042534,0
TCS,2026-01-15,3093.55419921875,3093.55419921875,3093.55419921875,3093.55419921875,0,0.0,3128.493966238839,3132.273106166295,3140.163566080729,0.01094373281697617,-1.0,1
TCS,2026-01-16,3163.8017578125,3178.7983689605644,3128.579389024886,3176.3318131508636,4293470,0.022707718717677627,3124.2572195870534,3133.20711844308,3141.3197347005207,0.011363859777228298,inf,0
TCS,2026-01-19,3121.278564453125,3176.9239686725823,3109.9324074221513,3145.35205345596,3387562,-0.013440536612122078,3126.639718191964,3131.429042271205,3140.767757161458,0.01163087980981318,-0.21099669963921952,0
TCS,2026-01-20,3060.798583984375,3117.7266457653604,3049.7484617692403,3109.4391143226594,4499273,-0.019376668637503203,3119.8423200334823,3128.141095842634,3138.2546875,0.012151627146043472,0.3281743625651723,1
TCS,2026-01-21,3080.826904296875,3096.5141025881594,3040.769942385441,3058.5291438659533,2015150,0.006543495026852808,3111.504080636161,3124.81640625,3137.320100911458,0.012125626487704945,-0.5521165308262024,1
TCS,2026-01-22,3108.2548828125,3117.7265535020897,3080.5309399469356,3107.8603302315137,2269827,0.008902797647401428,3103.1527273995534,3121.838152204241,3137.916707356771,0.01218706014673667,0.12638116269260347,1
TCS,2026-01-23,3120.193115234375,3151.7650297600667,3109.8335807806325,3147.621264153488,2068857,0.00384081514289214,3106.9582868303573,3122.107439313616,3138.8240478515627,0.012204239847592833,-0.08853978739348856,0
TCS,2026-01-27,3115.75341796875,3132.5259981161435,3088.127991843631,3132.5259981161435,4279874,-0.0014228918216465658,3110.1296037946427,3119.311785016741,3138.6596110026044,0.012098836003725952,1.0687142707301667,1
TCS,2026-01-28,3157.290283203125,3162.3219126707263,3128.184923835551,3133.5125881835056,2751234,0.013331242772560037,3109.199393136161,3116.7283063616073,3139.5664306640624,0.01233134094175661,-0.3571693933045692,0
TCS,2026-01-29,3102.335205078125,3157.2902623909354,3083.786897692938,3157.2902623909354,2457641,-0.01740577305082225,3106.4931989397323,3116.5664585658483,3139.452140299479,0.012671262803900246,-0.1067132057832958,0
TCS,2026-01-30,3082.109375,3098.980713054142,3050.636219281569,3098.980713054142,3022068,-0.006519550190778212,3109.53759765625,3114.689958844866,3138.2534423828124,0.012703879588314133,0.22966210280508825,1
TCS,2026-02-02,3127.1982421875,3155.218220087344,3092.074390792288,3155.218220087344,2636272,0.014629223593825236,3116.1620744977677,3113.833077566964,3136.5227945963543,0.012466635698542972,-0.12765960262972242,1
TCS,2026-02-03,3182.153076171875,3305.1848335937134,3143.674804974814,3305.1848335937134,4366060,0.017573185237509392,3126.7189592633927,3114.9358433314733,3136.585213216146,0.012895061217243065,0.6561492896028938,0
TCS,2026-02-04,2958.979248046875,3078.2617963038065,2946.0543986420407,3078.2617963038065,10852595,-0.07013296431153393,3103.688406808036,3105.3233468191966,3127.8228352864585,0.017961541515623333,1.4856724369339864,0
TCS,2026-02-05,2951.480712890625,2989.1696378838233,2932.5376122480607,2950.000779389259,3521545,-0.002534162806717699,3080.220877511161,3095.1752406529017,3119.2917724609374,0.017958300456217626,-0.6755112486921331,0
TCS,2026-02-06,2902.248291015625,2945.0676030314735,2876.990663463912,2936.7800719556926,4687389,-0.01668058397264016,3043.786307198661,3076.492850167411,3108.828922526042,0.018108503689376183,0.33106037264893673,1
TCS,2026-02-09,2908.760009765625,2937.174782066686,2898.2031986297916,2919.5143380742375,2380318,0.00224368079401005,3016.1327078683034,3061.3129534040177,3099.842838541667,0.018062298122382033,-0.49218680165012973,1
TCS,2026-02-10,2944.673095703125,2971.3118985519286,2904.1228216834434,2910.3385905230825,3547763,0.012346527667091323,2996.498953683036,3053.0182756696427,3092.9744222005206,0.01823283631033506,0.4904575775169535,0
TCS,2026-02-11,2870.873779296875,2957.893822910036,2865.348597754142,2940.134620504305,3363513,-0.02506197258837939,2959.881173270089,3038.0216238839284,3083.7978271484376,0.01870781262159545,-0.051934134269961074,0
TCS,2026-02-12,2713.31005859375,2841.472197833708,2703.3450771056805,2831.4086986412967,10612156,-0.054883541672708036,2892.9035993303573,3009.811279296875,3070.6805013020835,0.020928300019270093,2.155081012025225,0
TCS,2026-02-13,2656.1845703125,2676.706362809734,2550.4187054416375,2550.4187054416375,11168735,-0.021053800357360153,2849.647216796875,2976.667811802455,3054.9742350260417,0.021040709025627033,0.05244730665474573,1
TCS,2026-02-16,2670.39208984375,2683.4154564010123,2635.2682386101537,2663.880286127823,2918730,0.005348844989931711,2809.49169921875,2944.856288364955,3038.9889567057294,0.021005348802328877,-0.7386695986609048,1
TCS,2026-02-17,2681.04736328125,2723.0775699498763,2659.144396219614,2679.666188399951,4209118,0.003990153160663201,2777.8915666852677,2910.838936941964,3024.4764322916667,0.021046172615599136,0.4421059844521418,0
TCS,2026-02-18,2658.848388671875,2693.478928386682,2621.751534036431,2693.478928386682,2950820,-0.008279963611760421,2742.1899065290177,2879.161307198661,3007.9416259765626,0.020802830671898826,-0.2989457648847098,0
TCS,2026-02-19,2642.075927734375,2711.9288391622777,2630.9272877397234,2671.7733571903564,3238849,-0.006308167479183724,2698.961739676339,2847.7303466796875,2989.562190755208,0.02053263975992317,0.09760981693224258,1
TCS,2026-02-20,2650.264892578125,2666.445643546316,2612.0826560359187,2631.3217917460984,2293482,0.003099443417877934,2667.4461844308034,2813.6636788504466,2974.4176513671873,0.020176971080299397,-0.29188362902994247,0
TCS,2026-02-23,2640.497314453125,2667.8267040377664,2624.612599044486,2650.0675026055624,4699596,-0.0036855101361201736,2657.044363839286,2774.9739815848216,2958.8215494791666,0.020144216676609508,1.0491096071388397,0
TCS,2026-02-24,2539.269775390625,2612.0825495938816,2527.035755172012,2605.669504618486,7798833,-0.03833654308543211,2640.3422502790177,2744.9947335379466,2938.8240559895835,0.020809327513695266,0.6594688139150684,1
TCS,2026-02-25,2594.126220703125,2618.6930211303556,2560.2850255621997,2561.2716479227247,3621285,0.021603236428103134,2629.4471261160716,2719.469412667411,2919.737784830729,0.021268012215221628,-0.5356632203818187,1
TCS,2026-02-26,2612.27978515625,2635.26813265383,2599.749730266882,2614.549064594777,3464267,0.006997949563226857,2619.6231863839284,2698.7573765345983,2903.695304361979,0.02116272767639337,-0.04335974660928377,0
TCS,2026-02-27,2602.11767578125,2652.6329325338243,2590.969035984877,2645.726576120342,5083717,-0.0038901305414312803,2611.518798828125,2676.8543526785716,2887.3140869140625,0.021140412974598396,0.46747262840883796,0
TCS,2026-03-02,2578.537353515625,2588.6996112720262,2545.7815416803182,2557.324974292137,3374385,-0.009061973824279645,2602.4418596540177,2650.7017996651784,2867.8052734375,0.020462036794993928,-0.3362366551875331,0
TCS,2026-03-04,2553.181396484375,2599.7499237945026,2545.880246481027,2589.8837001747893,3446434,-0.00983346508309424,2588.5727887834823,2628.0094866071427,2848.868701171875,0.020430953373612285,0.02135174261383921,0
TCS,2026-03-05,2544.3017578125,2574.5910157046947,2512.335049229941,2565.218103403796,2960636,-0.0034778722279983354,2574.83056640625,2615.9374651227677,2831.652140299479,0.020290263440768497,-0.14095671061740922,0
TCS,2026-03-06,2523.385498046875,2584.161292192951,2519.4390085227947,2537.5927639837228,3998643,-0.008220825105119678,2572.5613839285716,2606.451817103795,2813.070760091146,0.020155710846736487,0.3506027083369925,0
TCS,2026-03-09,2493.589111328125,2525.7530947438377,2471.4888680989507,2496.1544256648085,3653428,-0.011808099373564862,2558.1989397321427,2593.8230329241073,2792.5819010416667,0.019966249951072233,-0.08633303848330542,0
TCS,2026-03-10,2479.480712890625,2511.1511456572443,2456.7883989435327,2507.007379980955,4323710,-0.005657868160158008,2539.2276436941966,2579.4254150390625,2771.224820963542,0.01986148409305796,0.18346659630352646,0
TCS,2026-03-11,2431.92529296875,2487.2749022159755,2427.1896984686477,2474.547570466413,2720664,-0.019179588562491356,2514.9144461495534,2563.216622488839,2748.4305501302083,0.019940521856466553,-0.37075705817457694,0
TCS,2026-03-12,2409.726318359375,2439.818299872899,2403.412031703097,2426.8936916820116,2752075,-0.009128148250917567,2490.798583984375,2546.6202218191966,2723.511751302083,0.019528293884749012,0.011545343342654668,0
TCS,2026-03-13,2378.253173828125,2413.179508655849,2364.933772107868,2404.398666093815,2466488,-0.01306087927556765,2465.808837890625,2527.1908133370534,2699.37568359375,0.01947813957917147,-0.10377151785470962,0
TCS,2026-03-16,2376.970458984375,2392.5591399058967,2334.4471812699776,2377.759805019881,3807907,-0.0005393516795713094,2441.904366629464,2508.3674665178573,2675.871053059896,0.019531034088602964,0.5438579064645763,0
TCS,2026-03-17,2359.70458984375,2387.6260500920594,2328.428710007132,2387.6260500920594,2993367,-0.007263813092570959,2418.5213797433034,2495.5413818359375,2650.2879313151043,0.019042521803917058,-0.21390753503171167,1
TCS,2026-03-18,2408.14794921875,2449.684606821956,2377.759931791064,2377.759931791064,3082388,0.020529416937824285,2406.315499441964,2482.2572195870534,2624.487760416667,0.019192701069839262,0.029739420525448423,0
TCS,2026-03-19,2324.482177734375,2391.5724952581177,2318.7597201236085,2384.6661390424383,2757060,-0.03474278709143175,2384.1728515625,2461.7002476283483,2603.337858072917,0.016157272595231927,-0.10554414304753323,1
TCS,2026-03-20,2358.619384765625,2375.5892402804725,2332.5724113216993,2354.0808258010857,4206320,0.014685940532580322,2373.7005789620534,2444.3075125558034,2583.5758138020833,0.016652197305096712,0.5256541388290425,0
TCS,2026-03-23,2351.910400390625,2374.602714385491,2316.589272171523,2333.361852080772,3860515,-0.0028444540133661933,2365.441162109375,2428.119873046875,2565.2312174479166,0.016575153290115233,-0.08221081610528913,1
TCS,2026-03-24,2366.709716796875,2402.819949907421,2347.2733048784753,2371.9388633725343,3420182,0.006292466075149772,2363.7920968191966,2414.800467354911,2547.162874348958,0.016667965679624915,-0.11406068879411169,0
TCS,2026-03-25,2345.595947265625,2389.204849113034,2338.097761710688,2368.781573169959,5843778,-0.008921148792098377,2359.3100237165177,2400.607195172991,2527.193636067708,0.016277014892181616,0.7086160911904689,1
TCS,2026-03-27,2357.830078125,2389.69802736586,2353.0942427947716,2371.7413083689694,4979411,0.005215787857084653,2359.042236328125,2388.781808035714,2510.092179361979,0.016083132804453375,-0.14791236080494508,0
TCS,2026-03-30,2327.34326171875,2365.9202902405636,2314.8132066050703,2343.3267357786763,6804756,-0.012930031171073164,2347.498709542411,2376.9071044921875,2497.2266194661456,0.013307795368463564,0.3665784969346777,1
TCS,2026-04-01,2375.98388671875,2438.9304406017563,2365.8216283746565,2396.5056797013217,4132661,0.020899635133357464,2354.8560965401784,2369.514474051339,2487.8865966796875,0.013760904002224421,-0.39268050169616664,1
TCS,2026-04-02,2417.915283203125,2436.858383664294,2343.91860884341,2354.080866963729,5378361,0.017648013826508935,2363.3269391741073,2368.51375906808,2479.470703125,0.01421301268775591,0.3014280629357211,1
TCS,2026-04-06,2440.804931640625,2448.7966690134326,2415.4487854587173,2440.903690225315,2572417,0.009466687520655048,2376.0261579241073,2370.733660016741,2471.4626220703126,0.014343213263599582,-0.5217098666303731,1
TCS,2026-04-07,2505.823486328125,2509.868493428073,2415.251506653692,2428.0775971710527,4516550,0.02663816097904914,2395.8995535714284,2379.8458251953125,2466.3617919921876,0.015287711310786985,0.7557612160081355,1
TCS,2026-04-08,2524.9638671875,2545.781695099603,2506.119524847839,2537.592681428627,4769337,0.007638359590691701,2421.5235421316966,2390.4167829241073,2462.458056640625,0.015359677908457827,0.055969047170960184,1
TCS,2026-04-09,2554.365234375,2570.1511917909907,2497.239897325722,2519.8334525275204,5628261,0.011644272446658555,2449.5999930245534,2404.321114676339,2459.2614013671873,0.015524252623665738,0.18009295631656985,0
TCS,2026-04-10,2490.53076171875,2531.4755878535475,2467.641172150841,2531.4755878535475,10480239,-0.024990346641587058,2472.9124930245534,2410.2056012834823,2454.262516276042,0.016121891258407958,0.8620740935788158,0
TCS,2026-04-13,2439.5224609375,2471.390169384871,2436.9571465386753,2456.5908344868626,3739587,-0.02048089570515821,2481.989432198661,2418.42276436942,2450.937605794271,0.015019208629772912,-0.6431773168531748,1
TCS,2026-04-15,2520.72119140625,2524.7664391435346,2460.0439205944767,2468.430210056267,5261384,0.033284682460986925,2496.6759905133927,2430.00146484375,2448.490771484375,0.0157644082024776,0.4069425313543982,1
TCS,2026-04-16,2542.427001953125,2559.298340252972,2523.779936147688,2537.592648855298,3905403,0.008610952540437866,2511.193429129464,2443.609793526786,2446.162345377604,0.015794771005150792,-0.2577232530452064,1
TCS,2026-04-17,2546.965576171875,2554.365243737743,2521.707947863873,2535.619419237544,2718206,0.0017851345251067574,2517.070870535714,2456.4852120535716,2444.323942057292,0.015790254056207754,-0.3039883464011268,0
TCS,2026-04-20,2545.091064453125,2559.2983296867455,2526.937069016173,2552.490731944509,2288558,-0.0007359784271475656,2519.9461844308034,2470.73486328125,2443.2090657552085,0.015709237825322714,-0.1580630754254828,1
TCS,2026-04-21,2575.57763671875,2579.030814933082,2525.7532081976633,2525.7532081976633,2719959,0.011978578170119825,2522.9765276227677,2486.288260323661,2443.955607096354,0.015758231951768693,0.18850341568795725,0
TCS,2026-04-22,2504.540771484375,2545.485597963241,2470.107748698972,2545.485597963241,5232045,-0.02758094503603281,2524.977957589286,2498.94522530692,2442.6302408854167,0.016557532284351827,0.9235749509459517,0
TCS,2026-04-23,2488.064208984375,2525.2598221872495,2482.637786236952,2495.167841496993,2509050,-0.006578676094074809,2531.9124930245534,2506.9509626116073,2441.4528645833334,0.01653345587233236,-0.520445638368936,0
TCS,2026-04-24,2364.8349609375,2471.4889309127534,2356.8434646078067,2454.716351341689,5107719,-0.049528162336765824,2509.6430315290177,2503.159511021205,2437.1610595703123,0.018724886411948617,1.0357182997548873,1
TCS,2026-04-27,2414.85693359375,2426.1043319099444,2364.8349883004043,2364.8349883004043,5853425,0.021152415911687816,2491.4187360491073,2501.306082589286,2435.00693359375,0.0191590341729037,0.1459958936660377,0
TCS,2026-04-28,2411.99560546875,2453.7297789552113,2394.9269906770533,2411.3050180002156,4508363,-0.0011848851520747106,2472.1373116629466,2494.60409109933,2434.3426106770835,0.01883959241414424,-0.22979059268718738,1
TCS,2026-04-29,2441.59423828125,2454.617604896496,2414.8569175928637,2418.211337173827,2835961,0.01227142899654976,2457.35205078125,2488.6491176060267,2435.4048746744793,0.018891079955812427,-0.3709554887217378,0
TCS,2026-04-30,2440.804931640625,2457.6762701500647,2405.3852856787867,2445.8368019678887,3970446,-0.00032327510781671176,2438.098807198661,2480.537667410714,2437.4899332682294,0.018715504733715572,0.4000354729842899,0
TCS,2026-05-01,2440.804931640625,2440.804931640625,2440.804931640625,2440.804931640625,0,0.0,2428.9936872209823,2476.985822405134,2439.6177490234377,0.018714197684492943,-1.0,0
TCS,2026-05-04,2398.77490234375,2464.8785979918853,2392.559133533261,2460.6360738276094,2632358,-0.017219741222262996,2416.2380719866073,2474.07528250558,2440.9200927734373,0.01895354139931061,inf,0
TCS,2026-05-05,2394.828369140625,2427.485422911908,2379.9302759850466,2397.4922011892513,3385720,-0.0016452286537053107,2420.5228445870534,2465.082938058036,2440.476106770833,0.018583247171465072,0.2861928354729866,1
TCS,2026-05-06,2402.81982421875,2437.9436740268407,2374.306536440952,2409.2328690917466,3147628,0.003336963592506903,2418.8032575334823,2455.110996791295,2443.087361653646,0.017391801348464787,-0.07032241295795283,0
TCS,2026-05-07,2369.274658203125,2407.0623398832377,2365.9202387848723,2405.582406456141,5829594,-0.013960749648189608,2412.700265066964,2442.418788364955,2443.4425374348957,0.017415232669528442,0.8520593920247246,0
TCS,2026-05-08,2362.368408203125,2374.7999458983372,2343.326789953136,2365.920344937355,3792199,-0.0029149216516913823,2401.3822893415177,2429.367170061384,2443.7911376953125,0.01741567587298681,-0.34949174848196973,0
TCS,2026-05-11,2360.888427734375,2382.6928771212197,2339.2814955090735,2339.2814955090735,1975188,-0.0006264816544324647,2389.965645926339,2414.0322265625,2443.5970947265623,0.017379297609651387,-0.4791444225368975,0
TCS,2026-05-12,2269.52734375,2343.2279819983573,2252.4587296430527,2343.2279819983573,6347884,-0.03869775585797153,2365.4974190848216,2397.2455531529017,2441.061474609375,0.018709581068586095,2.2138125586020165,0
TCS,2026-05-13,2242.395263671875,2278.308219875756,2238.6460506699204,2275.151076617381,3171843,-0.011954947426759732,2343.157470703125,2379.697771344866,2437.2136474609374,0.018777681914874163,-0.5003306613668429,0
TCS,2026-05-14,2215.953857421875,2234.6996825737074,2176.883514966109,2234.6996825737074,5633313,-0.011791590304513377,2317.6039690290177,2369.063406808036,2433.500667317708,0.018754922709927502,0.7760377799279472,1
TCS,2026-05-15,2233.712890625,2274.06564640704,2221.873423006846,2221.873423006846,3410637,0.008014171027814765,2293.4458356584823,2356.1245465959823,2428.75830078125,0.0183687213909061,-0.3945592939714161,1
TCS,2026-05-18,2252.656005859375,2262.226194073794,2222.070714305826,2233.7129057172556,3773336,0.008480550617709248,2276.7860281808034,2344.743146623884,2423.249658203125,0.018106841351735275,0.10634347777262732,1
TCS,2026-05-19,2295.968994140625,2345.793423403843,2266.3703232911885,2269.2314317901273,10394707,0.019227519944718052,2267.3003976004466,2334.3413434709823,2418.4217936197915,0.018408831752179666,1.7547790602268125,1
TCS,2026-05-20,2296.2646484375,2310.669430390967,2286.793218866712,2292.8114703818346,2537422,0.00012877103202590945,2258.068429129464,2324.0170375279017,2411.4364990234376,0.017612134927665713,-0.7558928789431005,0
TCS,2026-05-21,2296.0673828125,2304.650948701518,2283.0440165455843,2299.816595750975,3299087,-8.590718196799241e-05,2261.85986328125,2313.678641183036,2403.8066162109376,0.01751111900595142,0.3001727737837854,0
TCS,2026-05-22,2286.300048828125,2308.696328282268,2277.223171267918,2299.9154856057353,2617262,-0.004253940479922114,2268.1319754464284,2305.6447230747767,2394.8711100260416,0.017291440794789503,-0.20667081528919973,1
TCS,2026-05-25,2308.199951171875,2326.10009765625,2293.0,2325.0,3298364,0.009578752515434275,2281.309988839286,2299.4569789341517,2388.793416341146,0.01696158530766815,0.26023455045769195,0
TCS,2026-05-26,2276.199951171875,2327.89990234375,2272.39990234375,2308.199951171875,3587597,-0.01386361696427274,2287.379568917411,2290.4127022879466,2383.349332682292,0.016760046828938502,0.0876898365371439,0
TCS,2026-05-27,2274.800048828125,2292.89990234375,2260.89990234375,2275.0,1093889,-0.0006150172980318169,2290.5430036272323,2283.6645159040177,2375.151961263021,0.015372568616047492,-0.695091449792159,0
HDFCBANK,2024-05-27,753.6627807617188,762.1974428837648,749.3955099218479,751.5168000055969,29385440,0.0,,,,,,1
HDFCBANK,2024-05-28,755.0440673828125,757.7820820455768,752.2321011517142,754.846722684579,27908904,0.0018327648072227198,,,,,-0.0502471972514279,0
HDFCBANK,2024-05-29,744.0921630859375,751.763434227272,740.6141508121484,748.8774560751649,35147706,-0.014504986887503457,,,,,0.25937249273565177,1
HDFCBANK,2024-05-30,747.3234252929688,751.6400771573121,738.8381451452329,739.6027730570852,33755350,0.004342556429610012,,,,,-0.03961442035505813,1
HDFCBANK,2024-05-31,755.5620727539062,757.7573743920395,746.9040786650703,749.370736784836,74079588,0.011024206096186262,,,,,1.1946028703598097,1
HDFCBANK,2024-06-03,775.615966796875,788.8372786068238,764.6640286682782,788.8372786068238,72637256,0.026541689645531497,,,,,-0.019470032689706596,0
HDFCBANK,2024-06-04,731.6848754882812,769.1040704644005,717.3042453208712,768.1174071283333,89531240,-0.056640261661991764,751.8550502232143,,,,0.23258015143083055,1
HDFCBANK,2024-06-05,765.5520629882812,769.4000136473305,731.2901444599279,737.062160780223,81631650,0.04628657586696616,753.5535191127232,,,,-0.08823277774327709,1
HDFCBANK,2024-06-06,769.4493408203125,772.2859977724349,762.9867083301413,772.0147015010076,46422870,0.005090807040371015,755.6114153180804,,,,-0.4313128547567028,1
HDFCBANK,2024-06-07,776.1832885742188,781.6099363682906,765.675361251112,770.115345809898,36712216,0.008751645360729254,760.1958618164062,,,,-0.20917823477953867,0
HDFCBANK,2024-06-10,770.23876953125,779.784725413951,768.4134061980604,776.5040577255814,22454058,-0.007658653736140497,763.469482421875,,,,-0.38837639220688835,1
HDFCBANK,2024-06-11,771.9653930664062,775.0240252200629,765.7493660748642,767.6240504407497,29545326,0.0022416731063887863,765.8128138950893,,,,0.3158123133021211,1
HDFCBANK,2024-06-12,776.5780029296875,783.5586575880445,772.7546827700062,776.9973227739393,39280436,0.00597515109447988,765.9502476283482,,,,0.32949746433666016,1
HDFCBANK,2024-06-13,779.8340454101562,782.2760131134276,776.5040566032491,780.3273770852536,24120192,0.0041928080220983155,772.8287004743304,762.3418753487723,,,-0.3859489747007899,1
HDFCBANK,2024-06-14,787.8013305664062,788.8373149959045,778.329326673916,781.4373401835603,25540554,0.010216641865205434,776.0071672712054,764.7803431919643,,,0.05888684468183336,1
HDFCBANK,2024-06-18,793.1785888671875,794.5105601294592,784.1259056214269,787.8012622589033,32415714,0.0068256527275920575,779.3970598493304,767.5042375837054,,,0.2691860168734006,1
HDFCBANK,2024-06-19,817.869873046875,823.8145435842582,791.3039754417663,795.941305047812,90131196,0.031129539458385258,785.3522862025669,772.7740740094866,,,1.7804785049621303,1
HDFCBANK,2024-06-20,823.5431518554688,829.5124525875813,814.983860042712,823.7651872236406,41408742,0.006936652144256872,792.9671979631696,778.2183401925223,,,-0.5405725893174655,0
HDFCBANK,2024-06-21,821.7672119140625,825.2698546527171,810.6179284522095,825.2698546527171,51630776,-0.002156462521004543,800.0817435128348,782.9472787039621,,,0.24685690765491008,1
HDFCBANK,2024-06-24,825.0478515625,826.3798229097616,811.9005512360641,812.5172157896385,28544994,0.003992176374129297,807.0060076032366,786.4781276157925,,,-0.4471321910792121,1
HDFCBANK,2024-06-25,844.2631225585938,847.025767804676,824.4065232844747,824.4065232844747,74521548,0.023289886713483643,816.2101614815848,794.5194309779575,,,1.6106695976184127,0
HDFCBANK,2024-06-26,839.40380859375,844.041138181783,834.2731473521208,842.5857736709851,47596666,-0.0057556866277864716,823.5819440569196,799.7945556640625,,,-0.36130331055388165,0
HDFCBANK,2024-06-27,836.7644653320312,845.0770913433391,832.0531241260426,836.7397746618053,55074650,-0.0031443069887190367,829.8084978376116,804.602778843471,,,0.15711150860860723,0
HDFCBANK,2024-06-28,830.671875,841.9198007397313,828.3038589383985,837.4798157900913,26476046,-0.00728112937923775,831.6373552594866,808.4948207310268,,,-0.5192698274069831,1
HDFCBANK,2024-07-01,841.2290649414062,842.2651095333842,828.7971320491276,828.7971320491276,21187024,0.012709217994657962,834.1639142717634,813.5655561174665,,,-0.1997663095161566,1
HDFCBANK,2024-07-02,853.7597045898438,855.8810546817267,840.0204307746837,846.0637432263002,45921690,0.014895633271195141,838.7342703683036,819.4080069405692,,,1.1674440921952982,1
HDFCBANK,2024-07-03,872.531005859375,885.0369507276009,870.5576793248654,883.5569558267186,123217802,0.021986632970162567,845.517578125,826.2617928641183,,,1.6832157527303546,0
HDFCBANK,2024-07-04,852.0578002929688,868.1404005851939,850.9231133709549,868.1404005851939,45848658,-0.023464158212053166,846.631103515625,831.420632498605,,,-0.6279055683853214,0
HDFCBANK,2024-07-05,813.0598754882812,831.2638253093144,810.1492067263514,831.2638253093144,82242548,-0.045769107202913495,842.8676845005581,833.2248142787388,,,0.793783102659188,0
HDFCBANK,2024-07-08,806.7698974609375,816.4391857049037,802.7246020410699,811.678583484828,39087800,-0.007736180590102726,838.582746233259,834.1956220354352,797.7501627604166,0.02020974187804936,-0.5247253283057329,1
HDFCBANK,2024-07-09,807.3372192382812,812.3691778178521,799.369901303005,801.6639054458949,48550878,0.0007032014693770794,835.2492239815848,833.4432896205357,799.5393107096354,0.02020718388875067,0.2420979947707469,0
HDFCBANK,2024-07-10,802.20654296875,809.063864597064,799.5672308205436,804.1058576798249,45507182,-0.006355059753558767,829.674577985491,831.9192461286273,801.1113932291667,0.020271630202941943,-0.06269085391205487,0
HDFCBANK,2024-07-11,800.1346435546875,802.0832795528332,789.8239996598078,801.1459373403621,44177074,-0.0025827505799129735,822.0138549804688,830.3740626743862,802.9794759114583,0.020048029603335835,-0.02922852924621877,1
HDFCBANK,2024-07-12,800.5292358398438,808.2745787950348,794.8312914757237,800.1839277769812,56049960,0.0004931573558710767,811.7278878348214,828.6227329799107,804.7530029296875,0.020048940672140393,0.2687567311497361,0
HDFCBANK,2024-07-15,800.2332763671875,804.031966294815,796.8292758573642,800.9239527377698,33375694,-0.0003697047645558893,804.3243844168527,825.4777439662388,806.2420430501302,0.0199895561298893,-0.40453670261316865,0
HDFCBANK,2024-07-16,799.0739135742188,802.6505679180453,797.6186093434653,799.5672452078501,28950324,-0.0014487810332405315,802.3263898577009,822.5970371791294,807.023974609375,0.019456064282703002,-0.1325925986737534,0
HDFCBANK,2024-07-18,796.6320190429688,801.1459557272271,788.9113662252444,793.2773395385489,33717064,-0.0030559057050524308,800.8781215122768,819.7304338727679,809.1888793945312,0.016142497899635008,0.1646523886917466,0
HDFCBANK,2024-07-19,792.9319458007812,800.677228233124,791.0572615353138,797.2239068544229,26002152,-0.004644645399305647,798.8202253069196,817.0347246442523,810.1015421549479,0.013959882898266452,-0.22881327982768607,1
HDFCBANK,2024-07-22,810.3218994140625,814.4905276323838,795.5712715150735,797.7172520784763,53744822,0.02193120570482132,799.9795619419643,814.8270699637277,811.4639607747396,0.014448969047357749,1.066937459637956,0
HDFCBANK,2024-07-23,798.407958984375,812.9119216218081,791.7973027922226,812.7885887086006,52002152,-0.014702725470337574,799.732892717634,810.8733738490513,812.2047831217448,0.014693902837584497,-0.03242489108997326,0
HDFCBANK,2024-07-24,791.3286743164062,799.6906218755655,783.4353677463822,793.3513220807449,61728206,-0.008866751124292471,798.4185267857143,805.0732073102679,812.9077799479167,0.014720214521192092,0.18703175976255748,1
HDFCBANK,2024-07-25,797.5198974609375,801.6638951787058,785.8772830890329,785.8772830890329,25535732,0.007823832682266385,798.0309012276786,801.1776428222656,813.7595967610677,0.014771561488644424,-0.5863198745805118,1
HDFCBANK,2024-07-26,798.2846069335938,800.0605887969758,787.5792741911353,791.7972838101718,43810540,0.0009588594279477114,797.9181431361607,800.1222664969308,814.4831502278646,0.014743919342610287,0.7156563203279231,0
HDFCBANK,2024-07-29,791.822021484375,805.0432741154053,788.4920327099303,796.7306475152811,51001148,-0.008095590711742706,797.2310006277902,799.0545610700335,814.8827494303385,0.01482336188943665,0.1641296363843039,1
HDFCBANK,2024-07-30,797.0020141601562,806.4739582617092,788.8373508245744,790.317345854264,54595834,0.00654186488280617,797.8124389648438,798.3163321358817,815.1894388834636,0.014756318355111856,0.07048245266949671,1
HDFCBANK,2024-07-31,797.1006469726562,803.0946388161857,793.8693004409521,796.2373165488889,37820484,0.00012375478448944932,795.9236886160714,797.9516252790179,815.3201741536458,0.01470779178974051,-0.3072642868684816,1
HDFCBANK,2024-08-01,808.471923828125,814.0219048337823,798.1859108540549,800.627938629233,26215174,0.0142657980502916,797.3613978794643,798.5471452985491,815.0069091796875,0.013780710800788437,-0.30685249823878513,1
HDFCBANK,2024-08-02,818.51123046875,824.1105327295066,804.6239322848401,804.6239322848401,44119238,0.012417631762756454,801.2446201869419,799.8315734863281,814.8391784667969,0.01391553077991516,0.6829656747653097,0
HDFCBANK,2024-08-05,797.1006469726562,812.0239300120638,789.824004829474,809.1132611105608,41333634,-0.026157959352411386,801.1847272600446,799.6078142438616,814.0169596354167,0.01470483141865977,-0.06313808048996672,0
HDFCBANK,2024-08-06,789.922607421875,805.5858871810888,786.0253355957136,804.1305829139676,45116050,-0.009005185954926831,799.9901559012277,798.9541495186942,812.8461181640625,0.01474683097232282,0.0915093988590503,1
HDFCBANK,2024-08-07,800.9239501953125,804.1306059860544,790.4159617464212,797.7172944045706,42346264,0.013927114719938682,801.2904314313616,799.2607160295759,811.4014790852865,0.014299835835778667,-0.06139247562674477,1
HDFCBANK,2024-08-08,810.3958740234375,815.6252376687839,798.8272709671206,801.1705962949537,33976950,0.011826246207040203,803.203839983259,800.5081394740513,810.4345479329427,0.014485078076162084,-0.19763996181575783,1
HDFCBANK,2024-08-09,814.0958862304688,820.1885804457108,811.9252750900921,814.9839073123685,26644618,0.0045656849024433566,805.6317313058036,800.7777099609375,809.6789286295573,0.014515356202481412,-0.2158031253541004,1
HDFCBANK,2024-08-12,818.9797973632812,826.7990913723679,812.6898193077751,814.9838233487179,39316196,0.005999184144544145,807.1328560965402,802.2471269880023,809.2891927083333,0.014513774958329322,0.4755773942790247,0
HDFCBANK,2024-08-13,790.9093017578125,805.3146225179424,789.8980079765901,803.1439511462899,54055042,-0.034274954883920405,803.1897234235491,802.2171718052456,807.6118672688802,0.015551673574825476,0.3748797569327409,1
HDFCBANK,2024-08-14,793.1785888671875,796.0891971974215,790.9092152779186,792.5372336839343,32334428,0.0028692128216616375,802.6294294084821,801.9070783342634,805.5924967447917,0.015255022126037663,-0.4018240148624803,1
HDFCBANK,2024-08-16,805.1665649414062,806.177918901087,794.7572792867222,803.3905830654421,27849246,0.015113842257567622,804.8071376255581,802.3986467633929,803.3470153808594,0.014925192711298153,-0.13871227287521526,0
HDFCBANK,2024-08-19,804.895263671875,807.9045746403995,801.0225621096914,807.9045746403995,19502164,-0.00033695049117077325,805.3744681222098,803.3324497767857,801.7749308268229,0.014396442934764473,-0.2997238058078844,1
HDFCBANK,2024-08-20,807.92919921875,812.0238759013653,802.8725499307859,802.8725499307859,31134494,0.0037693544536892,805.0220860072544,804.1129629952567,801.6039082845052,0.011782336183316769,0.596463551429472,0
HDFCBANK,2024-08-21,802.05859375,806.3752455426795,798.1119406824072,803.1932203742449,47630904,-0.007266237529757191,803.302472795759,804.4671020507812,801.446864827474,0.011772201483978261,0.5298435233924148,1
HDFCBANK,2024-08-22,804.77197265625,808.2252943260683,803.1439540663039,805.1172807347715,21300638,0.003383018307382857,801.2727835518973,804.2028198242188,801.3613566080729,0.011788879730960121,-0.5527979481556764,0
HDFCBANK,2024-08-23,801.6885986328125,806.1038926835937,800.6772446912317,806.1038926835937,20333422,-0.00383136357651781,802.8126831054688,803.001203264509,801.344091796875,0.011751195386267873,-0.04540784177450463,1
HDFCBANK,2024-08-26,809.0392456054688,812.9858989531632,805.2159251748899,805.2159251748899,22364266,0.009168955358966002,805.0784912109375,803.8539603097098,801.6409118652343,0.01185595935747643,0.09987713824067579,0
HDFCBANK,2024-08-27,807.9539184570312,812.714580974844,805.2159036816922,810.7412543536698,35773244,-0.001341501236599818,805.4766845703125,805.1419110979352,801.8884012858073,0.011860392755728635,0.5995715665338626,0
HDFCBANK,2024-08-28,807.6332397460938,808.9405806750858,804.2292392849356,807.9539173658313,26921188,-0.0003969022287185764,805.8678240094866,805.6211460658482,802.1350667317708,0.011860452779821042,-0.24744907115496706,1
HDFCBANK,2024-08-29,808.3485717773438,811.2345497877237,804.6979056469421,810.0505418236547,49052604,0.0008857139553528626,805.927734375,805.4749101911273,802.4442220052083,0.01185572941748183,0.8220817001092224,0
HDFCBANK,2024-08-30,807.5346069335938,819.9172195651064,799.7646332824804,816.9572296027775,445342100,-0.001006947834348626,806.7100219726562,805.0062473842075,802.8076416015625,0.011840709641524524,8.078867658075808,0
HDFCBANK,2024-09-02,802.6258544921875,812.4185353190471,800.7758609185206,812.4185353190471,34049680,-0.0060786898781292065,806.4034336635044,803.8381086077009,803.130771891276,0.011865153995136725,-0.9235426428356986,1
HDFCBANK,2024-09-03,807.7565307617188,809.0391809529892,801.4665524914798,806.1038818486695,37282860,0.006392363566181558,807.270281110491,805.04148210798,803.0452596028646,0.011217643842799566,0.09495478371602895,1
HDFCBANK,2024-09-04,809.9519653320312,811.4319603519671,805.1172908451134,808.5706125582972,24682744,0.0027179409719437775,807.4006696428571,806.2395804268973,803.4300598144531,0.010878443409914073,-0.337960017015862,1
HDFCBANK,2024-09-05,811.7525024414062,813.947864316631,810.0505324148638,812.0238589250097,22876318,0.0022230171497106266,807.9433244977679,806.7100045340402,804.1108540852864,0.010735377999675647,-0.0731857851785036,0
HDFCBANK,2024-09-06,807.5592041015625,812.8872099026286,806.1532209716318,808.2252499925564,26029602,-0.005165735032823582,807.9327479771206,806.9002859933036,804.445497639974,0.010708662466978191,0.13784053884895298,1
HDFCBANK,2024-09-09,812.2705688476562,813.2572321563082,804.1799176724811,808.0772497858858,23792914,0.0058340796837741404,808.4930332728794,807.2103838239398,804.9116963704427,0.0107531879151601,-0.0859286284899784,1
HDFCBANK,2024-09-10,814.169921875,815.9705945420105,808.0772877024264,815.9705945420105,26606646,0.0023383255533169223,809.440935407366,808.0754786900112,805.6566263834635,0.010629072069953541,0.11825924306707458,0
HDFCBANK,2024-09-11,810.9879150390625,815.2305552034559,808.6692201411954,814.1945707781381,22226684,-0.003908283455877903,810.635515485491,808.5194745744977,806.1228230794271,0.010611849175459192,-0.16461909554477483,1
HDFCBANK,2024-09-12,822.1865234375,823.8638631072175,812.541925723635,815.970556634334,32424046,0.013808600832107443,812.6969430106027,809.9836120605469,806.9590189615885,0.010879858566874014,0.4587891743095822,0
HDFCBANK,2024-09-13,821.8658447265625,825.8371886289187,817.4752411837702,825.8371886289187,23860532,-0.0003900315826106393,814.39892578125,810.8997977120536,807.4054829915365,0.010593153243201826,-0.26410997566435723,1
HDFCBANK,2024-09-16,824.3324584960938,827.7118283198007,820.9285184448568,822.383822656841,15172820,0.003001236497852,816.196062360491,812.0696934291294,807.5995239257812,0.010368113929563133,-0.3641038682624511,0
HDFCBANK,2024-09-17,823.2718505859375,827.8104775064535,820.9778464556504,827.8104775064535,20127122,-0.001286626408101399,818.4407261439732,813.1867370605469,808.4718973795573,0.009096927612066767,0.3265247989497009,1
HDFCBANK,2024-09-18,836.0985107421875,838.1211584780381,824.4065144173259,824.7765131575844,40917342,0.015580102911475713,821.8447178431919,815.1688755580357,810.0110941569011,0.009259484156440094,1.032945495138351,1
HDFCBANK,2024-09-19,842.8571166992188,848.0370989791965,838.2444778560398,838.2691083056365,30651776,0.008083504360068439,825.942888532366,817.691911969866,811.408866373698,0.009057832522390364,-0.25088545585390176,1
HDFCBANK,2024-09-20,858.989013671875,860.8390072921377,842.3884524296358,846.8037464482039,60623386,0.019139539375109926,832.8001883370536,821.7178519112723,813.0286376953125,0.009429369448202425,0.9778098991719109,1
HDFCBANK,2024-09-23,868.1650390625,871.3963251528371,858.5203814686755,862.8370332933276,26965350,0.010682354773550173,839.3685477120536,826.0327453613281,814.8309427897135,0.009552392863776078,-0.5551988798514158,1
HDFCBANK,2024-09-24,872.2350463867188,878.9443447710721,865.4270455398441,870.7303607683197,33039036,0.004688057156291059,846.5641479492188,830.4815368652344,816.6061177571614,0.009537352543065999,0.22524039183618982,1
HDFCBANK,2024-09-25,877.6863403320312,882.0770041306025,868.3377295053485,868.3377295053485,31965312,0.006249799257544986,854.1861310686384,835.1910967145648,819.4986857096354,0.006626604050283766,-0.032498647962973304,1
HDFCBANK,2024-09-26,879.832275390625,882.0769584056752,872.2350164313859,874.7016745924757,31899644,0.0024449908355437255,862.2661917550223,840.3534589494977,822.3871419270833,0.006628442994510765,-0.002054351917478492,0
HDFCBANK,2024-09-27,864.6377563476562,877.2423442796407,863.3304153886946,876.6503703689774,35613502,-0.01726979046798749,866.3432268415179,844.093972342355,824.3695149739583,0.0072744440215042555,0.11642318014583486,0
HDFCBANK,2024-09-30,854.47509765625,864.0456833682003,850.701098537286,862.738402689165,26383534,-0.011753660555299694,868.0029384068081,846.9729134695871,826.0221761067709,0.007708446339428748,-0.2591704685486982,0
HDFCBANK,2024-10-01,851.5890502929688,859.3837142697525,848.5797393423385,850.5037447767241,24572284,-0.0033775675513509906,866.94580078125,849.8729945591518,827.4775044759115,0.007762865703860879,-0.06865077286462073,0
HDFCBANK,2024-10-03,829.7838134765625,851.5644172954591,825.5164827720641,846.3844351066934,48473398,-0.02560535132398034,861.4627685546875,850.4156581333706,828.4016784667969,0.009106068430826448,0.9726858927725237,0
HDFCBANK,2024-10-04,817.771240234375,834.0511850540141,815.4772359655595,826.083866681385,48683232,-0.014476750506686953,853.6822248186384,850.1231863839286,828.8349873860677,0.009530558687438122,0.0043288485779353625,0
HDFCBANK,2024-10-07,798.1119384765625,818.4371776300311,795.7439225540929,815.0824984433904,94458296,-0.02404009922405448,842.314453125,848.2502920968192,828.7157653808594,0.010516198963116102,0.9402634566250654,1
HDFCBANK,2024-10-08,814.5151977539062,817.351854577489,800.1838900610866,804.1305430330278,29734406,0.02055257976550795,832.9834420340402,847.6248168945312,828.8982971191406,0.01105364972608016,-0.685211280965729,0
HDFCBANK,2024-10-09,805.6846313476562,817.3272467507278,803.4892692768091,813.750592132383,41125642,-0.010841499864706061,824.5615670340402,845.452396937779,828.8226542154948,0.011236395391103323,0.3830994975988422,1
HDFCBANK,2024-10-10,820.114501953125,821.6191272702827,805.363874384187,808.5705299330368,21754766,0.017910073053438058,819.6529105050223,843.8279244559152,829.2386962890625,0.011703334888039351,-0.4710169874065431,0
HDFCBANK,2024-10-11,814.4906005859375,821.1258875682706,810.6672800804614,821.1258875682706,23672594,-0.0068574587497161055,814.3531319754464,840.6494663783482,829.4434305826823,0.011781431416057095,0.08815668254027642,1
HDFCBANK,2024-10-14,832.7931518554688,834.741848018609,815.9705545228965,816.9819085005773,18527508,0.022471163272313355,814.7830374581473,838.1229030064175,830.2853820800781,0.012451034460458962,-0.21734356615079864,0
HDFCBANK,2024-10-15,830.81982421875,837.6771462351046,826.5771840500105,835.7038196244212,19651130,-0.002369529134962467,816.6471208844866,835.1646728515625,831.2251810709636,0.012395561771488959,0.06064614841888072,1
HDFCBANK,2024-10-16,838.565185546875,842.585790426718,828.8465156450762,828.8465156450762,20470682,0.009322552378198568,822.4261561802456,832.3703046526227,832.2521362304688,0.012449104876139904,0.04170508260848105,0
HDFCBANK,2024-10-17,825.4178466796875,837.5044718768119,821.4958240034423,836.1724403142362,14695732,-0.01567837431578245,823.9836774553571,828.4835597446987,832.767665608724,0.012825439778601603,-0.28210833425090576,1
HDFCBANK,2024-10-18,829.7098388671875,834.2238355924767,816.0198853262701,820.4598702584595,24809724,0.005199781183269581,827.4158499581473,825.9887084960938,833.3662434895833,0.012849039912932873,0.6882264864383754,1
HDFCBANK,2024-10-21,852.8223876953125,862.4177242903107,844.1151323678729,846.063768270474,46548354,0.027856182662219453,832.0884050641741,825.8706577845982,834.8750162760417,0.013705405659964785,0.8762141005679869,0
HDFCBANK,2024-10-22,845.841796875,858.3970631644344,843.9424218629189,853.4884373802005,38875280,-0.008185280922534233,836.5671473911831,825.4601396833148,835.9940572102864,0.013805644083875163,-0.1648409307877997,1
HDFCBANK,2024-10-23,856.3251342773438,861.603759041874,841.1551854708522,841.1551854708522,38036090,0.012393969464591148,839.9288591657366,827.3559483119419,837.3992309570312,0.013949454345174039,-0.02158672554898644,1
HDFCBANK,2024-10-24,863.15771484375,872.5310159915173,857.4597103207274,857.4597103207274,30832258,0.007978955998030335,844.5485578264509,830.5978393554688,839.1382242838541,0.013951190190418157,-0.1893946512378113,0
HDFCBANK,2024-10-25,860.0744018554688,867.2030200365818,852.8223905419693,865.7970368926951,26130478,-0.0035721316455352703,847.6213030133929,835.0237295968192,840.4011535644531,0.013811580836219604,-0.15249548054508366,0
HDFCBANK,2024-10-28,855.5357055664062,863.8237012026692,852.9210840084185,859.383716444917,22012142,-0.005277097282829213,851.9238542829241,837.9537658691406,841.5234822591145,0.013864520177321434,-0.15760660788524417,1
HDFCBANK,2024-10-29,864.2430419921875,870.2370336046123,851.0464203091243,851.5644426318723,35794926,0.010177642346343108,856.8571690150669,842.1365094866071,842.8538350423177,0.013954146586637682,0.6261446069174004,0
HDFCBANK,2024-10-30,855.7330932617188,865.6737383463702,850.6024319063034,859.3837596235229,32715724,-0.009846707832153578,857.2729840959821,844.6806945800781,843.9358764648438,0.014103437177214755,-0.08602342130837204,1
HDFCBANK,2024-10-31,856.2756958007812,857.8543931673494,848.234426273393,852.4770662952162,22895912,0.0006340791811547675,858.7635410853794,847.6653442382812,844.6084493001302,0.013846383721026015,-0.30015572939788826,1
HDFCBANK,2024-11-01,857.0651245117188,860.419743696405,851.5397737386437,854.9437742666823,1759692,0.0009219328713974129,858.8692539760044,849.3990565708706,845.0820495605469,0.013779621744398412,-0.9231438345849687,0
HDFCBANK,2024-11-04,845.6197509765625,860.8637106769045,844.0411138190809,860.8637106769045,28089248,-0.013354146852815663,856.3638305664062,850.4561941964286,844.6364074707031,0.013551256217996287,14.962593453854424,1
HDFCBANK,2024-11-05,867.2030029296875,869.5956493162819,837.6277954866241,840.1437747820238,44232406,0.025523590157632503,857.3822021484375,852.5017525809152,844.6043395996094,0.01422521097736935,0.5747095116252312,0
HDFCBANK,2024-11-06,865.92041015625,873.9370497603172,861.0364145993881,873.9370497603172,27787910,-0.0014789994604544887,858.8657313755581,855.394792829241,844.3938517252604,0.014200573360890976,-0.3717748476083349,0
HDFCBANK,2024-11-07,861.62841796875,868.7323455565536,857.4104082699865,860.5184217555121,18895456,-0.004956566604921053,858.4922136579241,857.6746913364956,843.8585876464844,0.014173926991100597,-0.3200116165627426,1
HDFCBANK,2024-11-08,865.5256958007812,869.1517316326272,861.2830556229201,864.3170573375987,19902986,0.004523153775752853,859.8911568777902,858.5820704868862,843.3817016601563,0.014193973727475058,0.05332128528679059,1
HDFCBANK,2024-11-11,871.3717041015625,879.5116762015548,863.9223481240455,865.5750573030832,24565362,0.006754286243775276,862.0477294921875,860.4056352887835,843.6061665852865,0.013886629878742266,0.23425510121948534,0
HDFCBANK,2024-11-12,847.6423950195312,875.6636561032956,842.9311140165652,874.1836611915717,31395406,-0.0272321317875448,860.7016252790179,859.7854396275112,843.3784098307292,0.014620080380482504,0.2780355526615077,0
HDFCBANK,2024-11-13,829.463134765625,853.1677439816382,825.3438276461692,846.9270867373347,35728500,-0.0214468511258068,858.393537248884,857.378683907645,842.640879313151,0.015120656628092592,0.13801681685530687,1
HDFCBANK,2024-11-14,835.087158203125,841.05645917869,824.8998474928816,825.39317914741,27146470,0.006780317535256319,853.8055594308036,855.5938807896206,842.8176574707031,0.014426301444310865,-0.2402012399065172,1
HDFCBANK,2024-11-18,841.1797485351562,847.987749103584,836.1971111266544,838.6637692715708,27081968,0.0072957538290263635,850.2711791992188,854.5684552873884,843.5979410807291,0.014202540624140593,-0.0023760732058348832,1
HDFCBANK,2024-11-19,859.507080078125,865.1803941380466,839.9957889401087,845.5704607570133,50981272,0.021787651895904814,849.9681309291294,854.2301722935268,845.6444458007812,0.01387285251852761,0.882480327869821,0
HDFCBANK,2024-11-21,858.989013671875,867.7703408111802,855.5356922473849,863.0343691875372,35716512,-0.0006027482707913201,849.0343191964286,854.4627380371094,847.1269063313802,0.013458544832039246,-0.29941897095074443,1
HDFCBANK,2024-11-22,861.1597290039062,865.4517505554312,853.2417920363309,860.1484352390544,24773612,0.0025270583179546335,847.5754656110491,854.8115975516183,848.9760762532552,0.01324304879651711,-0.3063821013653293,1
HDFCBANK,2024-11-25,880.8929443359375,889.7482832055338,870.6810037082952,880.6216480727867,427737274,0.022914698246347953,852.3255440848214,856.5135846819196,851.0020243326823,0.013475855369466879,16.26584213880479,0
HDFCBANK,2024-11-26,880.8683471679688,892.9302818593218,873.0983737208503,892.9302818593218,30935566,-2.7922993511175775e-05,859.6691458565848,859.0313415527344,853.2146158854167,0.013370060931444662,-0.9276762445538006,1
HDFCBANK,2024-11-27,894.06494140625,896.5562300169572,880.6709755435701,883.0143007972586,32714976,0.014981346850194921,868.0945434570312,860.9500514439175,855.2570088704427,0.013054365287788219,0.05751987857600538,0
HDFCBANK,2024-11-28,884.6176147460938,905.8061839354122,882.07694483503,897.3702251985009,35722392,-0.010566711904950399,874.2999529157366,862.2855660574777,857.0502685546875,0.01324317465349616,0.09192780700801984,1
HDFCBANK,2024-11-29,886.04833984375,890.2662893460416,879.561016559754,888.6383310231244,27669536,0.0016173373374064326,878.0915614536831,864.0298461914062,858.6330403645833,0.013174378236224736,-0.22542880107244778,1
HDFCBANK,2024-12-02,890.3156127929688,892.0176431336934,875.6636867426915,889.7236388960249,15110876,0.0048160723939409955,882.5667898995536,865.800554547991,860.796299235026,0.012754970973430795,-0.4538803975606963,1
HDFCBANK,2024-12-03,900.9715576171876,906.4475265301776,895.9395389832724,899.1955156163089,43410242,0.011968727349159547,888.2541939871652,867.9148297991071,863.171689860026,0.012861885084809847,1.8727813000384623,1
HDFCBANK,2024-12-04,917.6461791992188,920.063516299678,903.3642521901576,906.7435619082082,44669084,0.01850737844170225,893.504656110491,872.9151000976562,865.3324829101563,0.012337180965491575,0.028998732603241484,1
HDFCBANK,2024-12-05,920.4335327148438,927.4388181075852,905.3622266087298,917.596875706611,39682714,0.0030375035376459802,899.1568254743304,879.4129856654575,867.8188741048177,0.012170447287310862,-0.11162910795305314,0
HDFCBANK,2024-12-06,915.5494995117188,919.6688066050772,909.7035317020062,916.1168429341786,17783156,-0.005306231280730711,902.2260480608259,885.1602957589286,869.7930196126302,0.012122900960213016,-0.551866437361114,1
HDFCBANK,2024-12-09,922.5301513671876,927.4634676846592,912.1701871004972,914.4641912323508,26947912,0.007624548819252119,907.6421247209821,890.9710388183594,871.7721008300781,0.012117350153205975,0.5153616152273532,0
HDFCBANK,2024-12-10,921.5928344726562,926.3288062229568,916.881553393078,926.3288062229568,13325480,-0.0010160284659989083,912.7199096679688,895.4057355608259,873.8227152506511,0.012083642810776252,-0.505509740420705,0
HDFCBANK,2024-12-11,919.1261596679688,923.4675021564424,915.9935158212784,918.435483332828,14045426,-0.0026765342702549377,916.8357020786831,899.7012459891183,875.9423970540364,0.012036082097141982,0.05402777235791878,0
HDFCBANK,2024-12-12,917.2268676757812,921.864197216933,912.0221946944998,913.1568815747592,17293790,-0.002066410548986708,919.1578892299107,903.7060416085379,877.7085245768229,0.01197288111151481,0.23127557683191657,1
HDFCBANK,2024-12-13,923.3934936523438,924.996821476236,902.4268990322158,918.8301759997275,19009002,0.006723119648891718,919.9789341517857,906.7417951311384,879.9638712565104,0.011785656344575252,0.0991808042077531,0
HDFCBANK,2024-12-16,920.1621704101562,922.5054957499956,915.2535445762154,920.1128492893369,13107082,-0.0034994000546900716,919.940168108259,909.5484967912946,882.0934204101562,0.011833579632409708,-0.31048026613916924,0
HDFCBANK,2024-12-17,904.4002685546876,918.7562078618506,901.0702798391582,915.7962178924912,21079532,-0.017129482565494847,918.3474208286831,910.2867344447544,883.6712585449219,0.012362100705126689,0.6082551402364005,0
HDFCBANK,2024-12-18,893.2755737304688,905.7568882727958,891.5242825465077,902.7228866518356,23422312,-0.012300631933687023,914.168195452009,910.9051600864956,885.2597859700521,0.012318790103390483,0.11114003859288712,0
HDFCBANK,2024-12-19,884.790283203125,888.5395915672278,877.6369745293333,887.7995941182149,25380770,-0.009499073720226958,908.9106881277902,910.8152988978794,885.8460286458334,0.011644120810792904,0.08361505900869215,0
HDFCBANK,2024-12-20,873.93701171875,886.7883251977108,871.7417099804251,879.2156362475025,25692348,-0.012266490365472671,902.455095563616,909.6453988211496,886.1132486979167,0.01187904735532932,0.012276144498374109,1
HDFCBANK,2024-12-23,888.4902954101562,890.956953642833,878.7716860618692,879.1169941259847,11044592,0.016652554470470093,898.349870954241,908.7538800920759,887.0086446126302,0.012195514414544128,-0.5701213450790874,0
HDFCBANK,2024-12-24,887.0596313476562,892.2889348142179,882.8416818560752,889.0083275055933,14485834,-0.0016102191210085604,893.1593191964286,906.5691266741071,887.7264424641927,0.012187484787759996,0.3115771048853593,0
HDFCBANK,2024-12-26,883.4336547851562,893.916952377888,878.5003382709294,887.2816657547127,10481678,-0.004087635638419518,887.9123883928571,903.9262782505581,888.1285074869792,0.012168369858521695,-0.27641874123367693,1
HDFCBANK,2024-12-27,887.1336669921875,890.9322967259654,882.6196702111419,885.4316968356189,7259330,0.004188217402619765,885.4457310267857,901.8965759277344,889.444883219401,0.01099176350849761,-0.307426730720024,0
HDFCBANK,2024-12-30,877.0943603515625,895.3969526845203,873.6903598921683,884.1489668763874,22222218,-0.011316565940579282,883.1341291155134,898.6511622837612,891.0325907389323,0.010399711462387246,2.0611940771393504,0
HDFCBANK,2024-12-31,874.60302734375,879.0183818635131,871.0263727843891,873.3450677348718,14117236,-0.0028404389771858884,881.6788068498884,895.2947474888393,892.3497863769531,0.010392841818356738,-0.3647242592976093,1
HDFCBANK,2025-01-01,879.4869384765625,885.0369191568942,868.8062969452952,874.8989303590305,7313806,0.005584146155594105,882.4716535295759,892.463374546596,893.6266927083333,0.010365124488982663,-0.4819236570104799,1
HDFCBANK,2025-01-02,884.9136352539062,889.6989281059142,874.6770036544534,876.699651347947,18558576,0.0061702983181806115,881.9607020786831,890.1552865164621,894.4735778808594,0.009682716587853418,1.5374717349626175,0
HDFCBANK,2025-01-03,862.9356689453125,885.6536147489581,861.5050553855514,883.5569553072743,24426194,-0.024836283941186754,878.514421735491,885.8368704659598,894.6051330566406,0.010772046947809314,0.3161674688833884,0
HDFCBANK,2025-01-06,843.8438110351562,866.8823756490298,841.5251763034672,858.4464162412277,18816348,-0.022124311924074824,872.8587297712054,880.3855590820312,894.0279357910156,0.011504444328876096,-0.22966517010386478,1
HDFCBANK,2025-01-07,845.2744140625,849.0237223493897,838.6637582765616,846.063732614296,13527906,0.001695341020026886,866.8788364955357,876.1622837611607,892.8406514485677,0.010626885190345004,-0.2810557075156136,0
HDFCBANK,2025-01-08,835.8518676757812,844.4111600559388,830.4498497882179,842.7338203435289,19738190,-0.01114732237242666,860.9870518275669,872.0605904715402,891.3401021321614,0.010773166868711994,0.4590720840313349,0
HDFCBANK,2025-01-09,822.778564453125,833.237171528912,817.9932112311335,830.844525028491,40420222,-0.015640693917462478,853.5835571289062,867.6311819893973,888.9638895670573,0.010588146200282773,1.047818062345129,0
HDFCBANK,2025-01-10,817.3272094726562,826.2811909461473,815.9705474379197,824.3571854708366,17453280,-0.006625543270068146,844.703595842634,863.587624686105,886.7208760579427,0.010511494590813285,-0.5682042518222685,0
HDFCBANK,2025-01-13,804.5499267578125,812.3939122066796,801.3186405131205,809.0639234971638,21669066,-0.01563300789054567,833.2230660574777,857.5918840680804,884.0042622884115,0.010743231394665459,0.24154691840158415,1
HDFCBANK,2025-01-14,812.3198852539062,817.0558570637163,807.5839134440961,809.0145872775671,26661432,0.009657521848774886,825.9922398158482,852.2533307756696,881.4044047037761,0.010902287679612809,0.23039137912081675,0
HDFCBANK,2025-01-15,810.5685424804688,820.2624606383587,807.2385540448483,817.2038286822469,14022892,-0.0021559767343256597,821.2386300223214,847.0486798967634,878.3909708658854,0.010532563452072909,-0.47403830371902,1
HDFCBANK,2025-01-16,815.008544921875,819.201863784551,810.469857784879,815.4031740939097,21212454,0.005477639716709337,816.9149344308036,841.8968854631696,874.969716389974,0.00984123778416023,0.5127018021674845,0
HDFCBANK,2025-01-17,807.4605712890625,814.2438814190301,803.3905852110819,810.7905598983193,23112076,-0.00926122024099274,812.8590349469866,836.9230433872768,871.2039510091146,0.00979839427728701,0.08955220362528538,1
HDFCBANK,2025-01-20,814.6138305664062,819.3991231510713,802.1572072678132,802.1572072678132,17557618,0.008858957987167182,811.692644391741,832.6381007603237,867.8394287109375,0.010085763167893395,-0.24032709134393637,0
HDFCBANK,2025-01-21,810.2478637695312,819.4485105158285,805.6352251722408,818.0671578930118,31158144,-0.005359553978894871,810.6813092912946,827.6924525669643,864.0966857910156,0.009852875128900443,0.7746225028930462,1
HDFCBANK,2025-01-22,821.9152221679688,824.8012002853578,801.8859089377631,810.2479165643738,30619306,0.014399739783524046,813.1620657784598,823.1925659179688,860.7740987141927,0.010414395272221393,-0.017293648812971685,0
HDFCBANK,2025-01-23,821.347900390625,832.2505181334424,814.6139111249832,832.2505181334424,34909158,-0.0006902436675249035,814.4517822265625,820.2220110212054,857.514823404948,0.01042779759800078,0.14010284883661317,0
HDFCBANK,2025-01-24,813.8986206054688,824.0119199318104,811.2839386423929,818.9305795964561,24236200,-0.009069579141327888,814.927507672991,818.0830688476562,854.0705485026042,0.010468519124283577,-0.3057351884568513,0
HDFCBANK,2025-01-27,804.0319213867188,810.839861804967,802.157237088582,809.6065327196525,22804166,-0.012122761937365167,813.3594185965402,815.1371765136719,850.0918294270833,0.010372658126569297,-0.059086572977611995,1
HDFCBANK,2025-01-28,824.0611572265625,830.918478848159,812.5171851743912,812.5171851743912,30179312,0.024910995828746785,815.7309308733259,814.2949829101562,846.8884623209635,0.011685787425397616,0.32341222213520116,1
HDFCBANK,2025-01-29,827.4651489257812,829.3644636153648,823.2964606110903,826.3304621132276,12619890,0.004130751303307534,817.5668334960938,814.6297389439175,844.3239583333333,0.011480109668342264,-0.5818363917640004,1
HDFCBANK,2025-01-30,834.470458984375,837.627793486482,825.1218486077116,829.2904768269195,25744846,0.008465988045161854,821.0272042410714,815.8542567661831,842.3637878417969,0.011519460963350341,1.0400214264942087,1
HDFCBANK,2025-01-31,838.047119140625,840.9824182950722,830.7457868177106,832.3738053097981,15821686,0.004286143527001629,823.3317609514509,818.2469133649554,840.8056823730469,0.011493307970525167,-0.3854425852848372,0
HDFCBANK,2025-02-01,834.1990966796875,845.0770832229423,826.8485035606199,837.4304429485957,5587528,-0.004591654064610928,825.1676461356027,819.8097141810825,839.4810852050781,0.011335335754311041,-0.646843705531762,0
HDFCBANK,2025-02-03,827.8104858398438,832.1518283284162,820.6324864421063,823.8638327488314,20276540,-0.007658376597711403,827.1550554547991,821.041281563895,837.4584248860677,0.010852469834122316,2.628892776913154,1
HDFCBANK,2025-02-04,848.9744873046875,851.391824544325,828.8219005259823,833.0891713164636,28616502,0.025566239890489006,833.575422014509,823.4674203055246,836.1889200846355,0.011986833775823658,0.4113109041286136,1
HDFCBANK,2025-02-05,857.311767578125,860.4690419690123,847.9877873258422,854.9437515638108,23675506,0.00982041321395477,838.3255092075893,827.0282200404575,835.3181905110677,0.012146879576658411,-0.172662472862686,1
HDFCBANK,2025-02-06,860.29638671875,862.8370567631686,850.5037655001158,856.1770794811201,26760716,0.003481369617795549,843.0156860351562,830.291259765625,834.4236145019531,0.012137293667113525,0.1303123151834642,0
HDFCBANK,2025-02-07,854.8203735351562,871.7169816976605,850.9970534399911,863.3303440695562,23509600,-0.006365263493061657,845.9228166852679,833.4750104631696,833.6811482747396,0.012024640909085489,-0.12148837871154117,0
HDFCBANK,2025-02-10,846.4337768554688,850.2324064646851,842.857122399865,847.1984649999539,17195950,-0.009810946181598723,847.1209106445312,835.226335797991,832.7421732584636,0.012132543821554419,-0.26855624936196276,0
HDFCBANK,2025-02-11,839.3544921875,844.090464044396,833.0891440189461,840.1438107934578,22724704,-0.008363660408577389,847.8573957170759,836.5125209263393,831.4044250488281,0.012138002119178832,0.32151489158784474,1
HDFCBANK,2025-02-12,842.0184936523438,844.5837941723514,829.389155095277,835.2104927183359,22809570,0.0031738693122389527,849.8871111188616,838.5210832868304,829.9745869954427,0.012085053391959973,0.0037345260910768285,0
HDFCBANK,2025-02-13,837.5291137695312,845.6937766231139,835.4818356095761,838.1704689996619,12602434,-0.005331687981506628,848.2520577566964,840.9137398856027,829.1277018229167,0.011289478304356095,-0.44749357396917167,0
HDFCBANK,2025-02-14,836.1231079101562,839.601120018604,828.7971451888767,839.601120018604,19959892,-0.0016787546083585347,845.2251063755581,841.7753077915737,828.8703450520833,0.010559711851542225,0.5838124603548807,1
HDFCBANK,2025-02-17,847.2230834960938,848.5304243918573,829.413823260936,831.3624591587258,12938946,0.013275527827093958,843.3574916294643,843.1865888323102,828.9353006998698,0.010841278379187176,-0.35175270487435506,1
HDFCBANK,2025-02-18,850.0350952148438,854.2284140997132,841.697778564227,845.1017788797033,16350910,0.0033190924250390275,842.6738804408482,844.2983485630581,829.4080749511719,0.010642120611884288,0.26369721304965643,1
HDFCBANK,2025-02-19,852.0823974609375,857.3610822217985,844.8057556604201,847.0504387449713,11884112,0.0024084914347874964,843.4808262416294,845.3008684430804,830.3848693847656,0.010192083953996284,-0.27318344972848607,0
HDFCBANK,2025-02-20,832.2998046875,845.9157460199498,831.4118438608401,844.0904430253034,26390510,-0.02321676029499764,842.4730137416294,845.1652047293527,830.883955891927,0.011046627220828938,1.2206547699988017,1
HDFCBANK,2025-02-21,834.9638061523438,836.1724445897772,827.4404985932164,829.2411711352042,15680940,0.0032007714646093977,841.4652012416294,845.6761561802456,831.8977518717448,0.010615255960767268,-0.4058114072066057,0
HDFCBANK,2025-02-24,827.3665161132812,830.8691588600108,819.4732095421047,829.3398427560753,20693646,-0.00909894534719069,840.0134015764509,844.1327296665737,832.3993062337239,0.010657821167947045,0.3196687188395593,1
HDFCBANK,2025-02-25,829.9564819335938,832.7438177754724,824.406500920576,824.406500920576,24138708,0.0031303730207494773,839.1324550083706,842.1787806919643,833.0455708821614,0.010653243333803126,0.16647921782367403,1
HDFCBANK,2025-02-27,839.0090942382812,843.9671012979777,830.0551731686357,830.0551731686357,35786800,0.01090733369971053,837.9590279715402,840.6582598005023,833.8455891927083,0.01078006704978698,0.4825482788888287,1
HDFCBANK,2025-02-28,854.6477661132812,857.0404125816553,831.2638337603047,831.2638337603047,54516728,0.018639454545123835,838.6179809570312,840.6459306989398,835.4184956868489,0.011061991435392271,0.5233753227446991,0
HDFCBANK,2025-03-03,839.4285278320312,859.9017921530082,835.7531707549724,858.2984642242569,21205364,-0.01780761488497562,836.810285295759,840.1455557686942,836.2456522623698,0.011548692517340814,-0.6110301410605568,1
HDFCBANK,2025-03-04,843.5971069335938,845.7184570804238,835.3338019387764,837.6771272358142,19920958,0.004965972638943494,838.4241856166294,840.4485996791294,837.3572937011719,0.011504399397499124,-0.06056986336098735,0
HDFCBANK,2025-03-05,833.73046875,843.991790915382,832.8671383829512,839.6257577393887,21583872,-0.011695912779333906,838.2479945591518,839.8565979003906,837.7511352539062,0.011474823814659089,0.08347560393430875,1
HDFCBANK,2025-03-06,834.3224487304688,838.6144701478811,824.973838204501,832.2504799228543,32966088,0.00071003759926902,839.24169921875,839.6275503976004,838.1836201985677,0.011472497440322558,0.5273481977654426,0
HDFCBANK,2025-03-07,833.3604736328125,839.2311321984157,827.6131479773222,829.7838192395386,13372914,-0.001153001575254331,839.7279837472098,839.4302193777902,838.8323486328125,0.011332942664338801,-0.5943433142567598,0
HDFCBANK,2025-03-10,832.4971313476562,838.6144556459366,830.3018296675241,833.2371287977431,15604050,-0.0010359770021162173,838.7977033342634,838.3783656529018,839.7811889648438,0.011073112951347061,0.16683992733371356,0
HDFCBANK,2025-03-11,831.510498046875,835.7038170818192,823.8885481247595,829.9811819724781,19898430,-0.001185149189864565,835.4923793247768,837.055180140904,840.0295003255209,0.010132901145571915,0.2752093206571371,1
HDFCBANK,2025-03-12,844.1644897460938,847.7904654359072,834.4952011662076,834.4952011662076,18784106,0.015218078098763188,836.1689453125,836.4896153041294,840.5861450195313,0.010472083906922038,-0.05600059904223598,0
HDFCBANK,2025-03-13,841.9197387695312,848.9250839737969,838.688452760047,846.5817587561914,15736264,-0.002659139307361391,835.9293212890625,837.176753452846,840.8344543457031,0.010384913010697635,-0.16225643104867482,1
HDFCBANK,2025-03-17,843.7944946289062,850.5037932506908,841.1304915849349,841.1304915849349,18950652,0.002226763161670142,837.3670392717634,837.8075169154575,841.0260335286458,0.010364772823444512,0.20426627311285572,0
HDFCBANK,2025-03-18,843.7944946289062,843.7944946289062,843.7944946289062,843.7944946289062,0,0.0,838.7201886858259,838.9809439522879,841.3458801269531,0.010324180417115969,-1.0,1
HDFCBANK,2025-03-19,860.4197387695312,863.823739278078,854.5490799535085,855.930432694155,15221406,0.019702954032589037,842.5857979910714,841.1568908691406,842.4328552246094,0.010783115544721347,inf,1
HDFCBANK,2025-03-20,872.580322265625,875.1703133281802,862.9850461318551,865.3036807089222,17833978,0.014133315343839437,848.3119681222098,843.5548357282366,843.219716389974,0.01007643667525908,0.17163802082409463,1
HDFCBANK,2025-03-21,873.3696899414062,875.2196836615442,866.0684175252852,866.0684175252852,33508264,0.0009046361184625873,854.2918526785714,844.8921160016741,843.75498046875,0.009936722427665957,0.8789001534038003,1
HDFCBANK,2025-03-24,887.9969482421875,890.1676194932312,874.997671627427,877.6369838460287,17393736,0.016748071829424838,860.5536324637277,848.3612888881138,844.6783325195313,0.01035281327714999,-0.4809120520239425,1
HDFCBANK,2025-03-25,898.5789184570312,909.5555477752322,888.7369760332164,890.4143157035983,39101416,0.011916674078431333,868.6478009905134,852.2885611397879,846.1369506835938,0.010435436321856577,1.2480171022487636,0
HDFCBANK,2025-03-26,891.2283325195312,901.5636066855512,888.9836493829623,900.3302775382388,24478442,-0.008180234130266362,875.4240635463169,856.3955514090402,847.6301025390625,0.01037739749333558,-0.37397556139654886,1
HDFCBANK,2025-03-27,900.5029296875,908.2235821777276,887.0596420099644,887.9969842041877,41658100,0.010406533129113216,883.5252685546875,861.1227286202567,849.6683837890625,0.010310828396939411,0.701828082032345,1
HDFCBANK,2025-03-28,901.9088745117188,905.7568853680812,890.8829244709937,902.3035639097062,28773648,0.0015612884510065594,889.4522879464286,866.01904296875,851.6647298177083,0.010310848371811432,-0.3092904381140763,0
HDFCBANK,2025-04-01,872.1363525390625,892.8809726796349,870.9030234039785,888.9836405685396,28511006,-0.03301056549507253,889.3888636997768,868.8504159109933,852.8183044433594,0.012103872991744435,-0.009127865886174757,1
HDFCBANK,2025-04-02,886.4676513671875,887.602278026219,873.5423260418547,873.5423260418547,11573564,0.01643240622455666,891.2600010463169,872.7759268624442,854.4964558919271,0.012392128179931811,-0.5940667965206139,0
HDFCBANK,2025-04-03,885.456298828125,889.9702954640933,876.6503409310941,878.6729886492828,11250038,-0.0011408792385178002,890.8970511300223,875.725341796875,855.7708964029948,0.012219141218147048,-0.02795387833859997,1
HDFCBANK,2025-04-04,896.5316772460938,908.6922548603656,893.4729847277881,894.4103269547068,33540454,0.012508102808265864,890.6045880998884,879.6261945452009,857.3207824707031,0.012379270432608577,1.9813636185051107,0
HDFCBANK,2025-04-07,867.1289672851562,878.0562747489253,857.5090006629878,869.6450067324856,37995450,-0.032796063660856634,887.1618216378348,881.2929425920759,857.822334798177,0.013899834494233071,0.13282455866578302,1
HDFCBANK,2025-04-08,872.7777099609375,879.1170096868965,863.4784203033727,870.730371547347,35563872,0.006514305125184139,883.2010759626116,883.3631722586496,859.1715983072917,0.013178626551295746,-0.06399655748254063,0
HDFCBANK,2025-04-09,870.7303466796875,875.6636630914704,865.0570328061372,870.7303466796875,22454608,-0.002345801522980695,878.7470005580357,884.0996442522321,860.3638163248698,0.013195289376208834,-0.36861183169256706,1
HDFCBANK,2025-04-11,891.3269653320312,897.567622795633,875.540352413462,875.540352413462,32775766,0.0236544169281383,881.4885166713169,885.4386901855469,862.4958312988281,0.013637081718402926,0.4596454322426826,1
HDFCBANK,2025-04-15,920.0142211914062,925.8848799667484,915.1302257322174,920.063542312984,49298344,0.032184884980663186,886.2808837890625,888.7704424176898,865.4977559407552,0.014670388298020125,0.5041095912144358,1
HDFCBANK,2025-04-16,926.4768676757812,929.33821542373,917.8435635307726,929.33821542373,19136820,0.00702450716034142,892.1409650530134,891.5190080915179,868.4133483886719,0.014620229796318681,-0.6118161697277296,1
HDFCBANK,2025-04-17,940.6354370117188,947.048748489299,925.835487448072,928.450169292776,35703084,0.015282161735410194,898.4415021623884,894.5230451311384,871.2796040852865,0.01451212392175516,0.8656748613405989,1
HDFCBANK,2025-04-21,950.6994018554688,962.3420166432836,942.2634427629204,949.170085798879,34247298,0.010699113012073935,910.3801356724331,898.770978655134,874.9886332194011,0.014006669669075853,-0.040774796933508606,1
HDFCBANK,2025-04-22,967.7686767578124,972.1593405008402,954.5967457498784,954.5967457498784,45961750,0.017954439509512365,923.9502737862723,903.5756748744419,879.127685546875,0.014228448356053185,0.3420547804968439,0
HDFCBANK,2025-04-23,949.1207275390624,976.2539669757358,947.4433879660209,976.2539669757358,30570642,-0.01926901507209733,935.1488996233259,906.9479500906808,882.9740275065104,0.014591657359088456,-0.33486775416514825,0
HDFCBANK,2025-04-24,945.6181030273438,949.1207455952106,939.8460867592294,942.2634238174406,25931754,-0.0036903888094409476,942.9047764369419,912.1966465541294,886.6838826497395,0.014652369415731871,-0.15174323130014733,0
HDFCBANK,2025-04-25,942.8554077148438,953.6100615716746,933.2848220611924,949.5647662059754,18500878,-0.002921576166589168,946.1678030831473,916.224343436105,890.3337137858073,0.014678545482027336,-0.2865550860925181,1
HDFCBANK,2025-04-28,947.29541015625,951.982060830828,941.4741328194632,942.8554253066496,13920492,0.004709102164633272,949.1418805803571,920.6414228166852,894.160323079427,0.014644940108868435,-0.24757668257690257,0
HDFCBANK,2025-04-29,941.6714477539062,951.5380804410966,937.4287475214968,946.6047640975014,18918308,-0.005936862294536049,949.2898821149554,923.8656921386719,897.8323547363282,0.014733076465887321,0.35902581604155936,1
HDFCBANK,2025-04-30,949.6633911132812,955.5340495753018,942.4114402150566,943.7434115323152,31936870,0.008486976406088864,949.1418805803571,929.761008126395,901.3489847819011,0.014611207710399542,0.6881462126528439,0
HDFCBANK,2025-05-02,948.1341552734376,958.0007887427043,947.1968130496268,952.0314875380284,17840404,-0.0016102925038006255,946.3369489397321,935.1436113630023,904.8894653320312,0.014595880363522816,-0.44138533300226357,1
HDFCBANK,2025-05-05,955.4847412109376,962.9833580251332,953.2647488384408,956.57004672681,15068024,0.007752685520943103,947.24609375,941.1974966866629,908.6124735514323,0.014606659714565632,-0.1553989472435714,0
HDFCBANK,2025-05-06,952.9686889648438,957.112686715781,949.318083066804,952.1300492793256,17490156,-0.002633273078652354,948.2961774553571,945.6004769461496,912.2516133626302,0.014640987867561482,0.16074649204169034,1
HDFCBANK,2025-05-07,959.8260498046876,961.355365881208,948.3807795701132,954.1034146874002,21420778,0.007195788192466912,950.7205548967634,948.4441789899554,915.5651570638021,0.014358725566946735,0.2247333871693311,0
HDFCBANK,2025-05-08,951.3900756835938,964.364722012384,946.752746184645,964.364722012384,34803430,-0.00878906560497128,951.3055071149554,950.2236938476562,918.192148844401,0.01439704239635881,0.6247509777656068,0
HDFCBANK,2025-05-09,932.248779296875,946.7034204881496,930.8181657127636,942.3127568324844,17188796,-0.020119293732347665,949.9594116210938,949.6246468680246,920.15478515625,0.015000924135179198,-0.506117759082941,1
HDFCBANK,2025-05-12,965.5487060546876,966.880737676539,943.398162578518,946.0127842578852,18618972,0.035720000387587714,952.2287423270091,950.6853114536831,922.73984375,0.015998358512021582,0.08320396611839476,0
HDFCBANK,2025-05-13,948.4793701171876,967.7686246091652,947.1967199365026,961.9966686855104,24242102,-0.017678378967796227,952.2780587332591,949.3075038364956,924.4031921386719,0.016333333278509304,0.3020107662227538,0
HDFCBANK,2025-05-14,942.5594482421876,952.2287366384548,938.8101397074493,948.2327622761528,15445308,-0.006241487228413334,950.431588309152,948.8388410295759,926.1142293294271,0.01629573476842828,-0.36287257598371625,1
HDFCBANK,2025-05-15,954.0047607421876,959.4314088460198,935.85013208818,943.9901042439284,32241458,0.012142801731333419,950.5795985630582,949.4378880092075,927.8976236979166,0.016329680462977877,1.08745969973535,1
HDFCBANK,2025-05-16,954.44873046875,958.9380967138302,951.340777169636,954.0047801554118,15868010,0.00046537474951069413,949.8114100864956,950.2659824916294,929.6489522298177,0.016332047881255005,-0.5078383241849671,1
HDFCBANK,2025-05-19,956.4220581054688,959.5300716290252,952.6234284399216,955.5834183781088,10202964,0.0020675051196825667,950.5302647181919,950.9178859165737,932.4584757486979,0.014933547697667221,-0.357010488397726,0
HDFCBANK,2025-05-20,944.6807861328124,954.3993955236706,943.7434439560598,951.1927398071444,23879090,-0.012276245485088544,952.3062656947544,951.1328386579241,934.3989135742188,0.014975308622395421,1.3404071601154333,1
HDFCBANK,2025-05-21,950.5514526367188,960.4674068130724,947.739426083267,950.6500948788124,15132040,0.006214444699292221,950.163800920759,951.196271623884,936.5687520345052,0.01497842028676556,-0.36630583493759605,0
HDFCBANK,2025-05-22,947.1474609375,949.2687509312964,939.895449442171,944.828766015395,21306670,-0.003581070429987232,949.9735281808036,951.1257934570312,938.2559448242188,0.014894622393262771,0.4080500712395685,1
HDFCBANK,2025-05-23,953.9060668945312,955.583406549638,944.4834444188342,947.246089616049,9566072,0.007135748376859485,951.5944737025669,951.0130310058594,941.148514811198,0.013391901309392922,-0.5510292316912967,1
HDFCBANK,2025-05-26,957.1619873046876,961.9473401627192,950.6007128758196,954.596686963064,10802860,0.0034132505528097212,952.0455060686384,951.3125523158482,943.9613240559896,0.013377959784511376,0.12928901225079636,0
HDFCBANK,2025-05-27,950.3047485351562,961.0100208805312,945.3714322062008,952.9193700568148,26162148,-0.007164136123751552,951.4535086495536,950.6324593680246,946.6138041178385,0.013474998677293215,1.4217797879450442,0
HDFCBANK,2025-05-28,948.9234008789062,954.3500488693757,946.0620533045636,947.2953823933068,18157594,-0.0014535838723096495,950.3822719029018,950.4562683105469,948.5336853027344,0.012916481605055463,-0.30595935777138783,1
HDFCBANK,2025-05-29,950.896728515625,957.4580633637506,940.9314535555671,951.1433943336576,28917794,0.0020795436543044055,951.270263671875,951.7882646833148,949.5631022135417,0.011607223289478266,0.5926005394767611,1
HDFCBANK,2025-05-30,959.480712890625,961.4047183192448,949.8607459686727,953.0674016093236,28748078,0.009027251979717876,952.5458722795759,951.3548366001675,950.6632303873698,0.011647768741468015,-0.005868912407357207,0
HDFCBANK,2025-06-02,953.166015625,955.09002099665,941.2767355690124,952.1793523801688,14668822,-0.006581369672977289,953.4056658063616,951.6895969935825,951.0809163411458,0.011420164030820322,-0.4897459927581941,0
HDFCBANK,2025-06-03,949.466064453125,962.9833634640112,947.1967509482078,956.0767204883472,24377584,-0.0038817489411315798,952.7713797433036,952.1829267229352,951.039805094401,0.011280728207875545,0.661863781563373,1
HDFCBANK,2025-06-04,957.6553344726562,958.6913790708478,947.6407385330224,947.690059651711,12961542,0.008625131877934011,952.8418579101562,952.4436819893973,950.7026936848958,0.010891081304637158,-0.46830079633814414,1
HDFCBANK,2025-06-05,961.79931640625,966.3873245707182,957.1619871239031,961.0099978567569,22255418,0.004327216467577832,954.4839390345982,952.9687238420759,951.125313313802,0.010309946968547494,0.7170347478718195,1
HDFCBANK,2025-06-06,976.1552734375,984.8379583134906,958.3953347348496,959.036689943126,30127008,0.014926146012341546,958.3742065429688,954.3782392229352,952.1432189941406,0.010605464111706063,0.35369319956156287,1
HDFCBANK,2025-06-09,976.2540283203124,984.1966559557252,974.7740333489504,984.1966559557252,13202588,0.00010116718671682179,961.9966779436384,956.6334708077567,953.2565063476562,0.010580130162603313,-0.561769027976492,0
HDFCBANK,2025-06-10,969.5447387695312,978.1780428487654,967.472709657825,978.1780428487654,15533126,-0.006872483345676694,963.4343959263393,957.9901341029575,953.9981506347656,0.010659232446574424,0.17652130021780588,0
HDFCBANK,2025-06-11,962.1940307617188,970.6793107759778,960.516691162301,970.6793107759778,11096394,-0.007581607855601802,964.7241123744419,959.0648890904018,954.6822367350261,0.010699384783482825,-0.2856303360959024,0
HDFCBANK,2025-06-12,958.74072265625,967.4233474890254,954.7447484104944,961.9966994408974,16349130,-0.0035889934826710546,966.0490635463169,959.4102216448102,954.984814453125,0.010626107290045345,0.47337324179368534,0
HDFCBANK,2025-06-13,946.0127563476562,953.6100757725884,943.7434428106372,947.19676434732,12117762,-0.01327571261741145,964.3858380998884,958.6138480050223,954.9141011555989,0.01091075123173061,-0.2588130377579725,1
HDFCBANK,2025-06-16,954.7940673828124,956.520728121515,947.2460692080248,949.1700746468088,16513746,0.009282444635375642,963.3850882393973,958.9345136369977,954.8910786946615,0.010951815155380054,0.3627719375904561,0
HDFCBANK,2025-06-17,951.9327392578124,957.852719054467,946.75275693574,955.5834055099792,16978736,-0.0029968013237066105,959.9247262137277,959.1494663783482,954.8565470377604,0.010955068189321272,0.02815775415220756,1
HDFCBANK,2025-06-18,954.0540771484376,955.2380851367438,945.7167603313338,945.7167603313338,18433816,0.00222845354838741,956.7533046177456,959.3749912806919,954.6641479492188,0.010880176147359746,0.08570013692420919,1
HDFCBANK,2025-06-19,954.7447509765624,960.4180648603084,949.9593979158448,954.0540746334422,16876220,0.0007239357230033328,954.6390206473214,959.0367082868304,954.7759704589844,0.010757470256936186,-0.08449666634407116,1
HDFCBANK,2025-06-20,969.2486572265624,971.8140179089728,952.9193918485256,952.9193918485256,32900408,0.015191396690230174,955.6468244280134,960.1854684012277,956.0092997233073,0.01038598402204122,0.9495128648476969,0
HDFCBANK,2025-06-23,961.2073974609376,965.8940481289004,957.9514206200562,961.2073974609376,11739518,-0.008296384736435236,955.9992065429688,961.0241350446429,955.864589436849,0.008253234196084367,-0.6431801696805706,1
HDFCBANK,2025-06-24,967.3740234375,976.3033140635844,964.7593416610488,969.3966711141704,22625322,0.006415499914848466,959.0508161272321,961.7183271135602,956.4944112141927,0.007634528070811352,0.9272786156978505,1
HDFCBANK,2025-06-25,976.8953247070312,977.7833457795492,968.854054817417,969.8900392545884,18405932,0.009842419828163251,962.2081386021206,962.796613420759,957.6389404296875,0.007695780408431056,-0.1864897215606478,1
HDFCBANK,2025-06-26,997.4179077148438,1000.03252920567,976.7966216145232,977.4872979366618,50084830,0.02100796522285253,968.7060198102679,964.3153730119977,959.0860453287761,0.008277778919598576,1.7211243636019082,1
HDFCBANK,2025-06-27,1004.9491577148438,1007.393088107433,994.2258430942326,1004.0015037809444,28213384,0.0075507467248654425,975.9767456054688,966.3650251116071,960.7693929036458,0.00834751023694436,-0.4366880350796838,0
HDFCBANK,2025-06-30,998.2658081054688,1004.400566128524,995.2732550959096,1003.2533964547342,13649020,-0.006650435554941159,982.1940394810268,968.4165300641741,962.1641845703125,0.008486792957749548,-0.5162218045166082,1
HDFCBANK,2025-07-01,1003.5526123046876,1005.4977838847652,999.5126780283082,1000.0114368496796,14389386,0.005295988459478762,987.0946044921875,971.3707144601004,964.1265787760417,0.008103582807496686,0.054243161780113125,0
HDFCBANK,2025-07-02,990.5350341796876,1007.4429706558584,986.4950998423908,1007.4429706558584,18878250,-0.012971495430722624,991.2842668805804,973.6417367117746,965.4593648274739,0.008510360392180427,0.3119566046807001,1
HDFCBANK,2025-07-03,991.0836181640624,1001.507689459166,989.6871300276722,994.9739612315548,16860506,0.0005538259278523583,994.6713518415179,976.861083984375,966.9239034016927,0.00846008693018572,-0.10688194085786551,1
HDFCBANK,2025-07-04,992.1809692382812,999.2633203019868,987.5424877454124,991.0836632772651,7863944,0.001107223501737975,996.8550153459821,979.5315769740513,968.1997334798177,0.008394103577772023,-0.5335879006240976,0
HDFCBANK,2025-07-07,991.2332763671876,996.7196233059492,989.4377568185034,992.031278290642,11349426,-0.0009551613067333431,995.9714965820312,982.3387581961496,969.3354431152344,0.008394898703510657,0.44322314604478374,1
HDFCBANK,2025-07-08,998.2159423828124,1000.0114620081928,986.0462146584524,986.0462146584524,15224316,0.007044422521019333,995.0096086774554,985.4931771414621,970.9324829101563,0.00830705742968878,0.34141726638862613,1
HDFCBANK,2025-07-09,1003.1036987304688,1004.4005203490876,996.5699704674604,1001.0089360727128,13861428,0.0048964919714555855,995.7007359095982,988.9473876953125,972.7384928385417,0.008305514021802591,-0.08952047500853244,0
HDFCBANK,2025-07-10,1000.6099243164062,1005.9965439473216,997.5176439735465,1005.4977851253348,17030310,-0.0024860584376457107,995.2803519112723,991.18747820173,974.3955993652344,0.008343584042026274,0.2286115110218081,0
HDFCBANK,2025-07-11,989.3878784179688,999.91173856234,987.9913902076418,996.5201541247732,12516922,-0.011215205471906686,995.116472516741,993.2003696986607,975.3925048828125,0.008549378019286388,-0.26502089509821014,0
HDFCBANK,2025-07-14,989.0387573242188,991.8816582943851,982.8541356715338,989.0387573242188,13088850,-0.00035286574796955517,994.8243495396206,994.7478506905692,976.5882629394531,0.008432266197024517,0.045692383478941556,1
HDFCBANK,2025-07-15,995.2732543945312,999.31318877786,984.0511806165924,984.0511806165924,14498168,0.006303592274967684,995.2661045619419,996.0605599539621,978.1151692708333,0.008422874685620769,0.10767317220382244,1
HDFCBANK,2025-07-16,995.6722412109376,1008.8394251469304,993.826797075495,1006.4952830829004,17994612,0.00040088168213570086,995.9002423967634,995.9358694893973,979.3823994954427,0.00831975149354718,0.24116453885759914,0
HDFCBANK,2025-07-17,990.98388671875,999.9116815490104,988.8890631972324,999.5126501495852,22529158,-0.004708732751739331,994.8670915876116,994.9383501325335,980.3552185058594,0.008370978519963657,0.2519946526215737,0
HDFCBANK,2025-07-18,976.2705078125,996.021344530824,974.0759568696542,990.9838927216936,16129446,-0.014847243334064175,991.0337785993304,993.3672572544643,980.3590596516927,0.008431471559031739,-0.28406352336825014,1
HDFCBANK,2025-07-21,997.7670288085938,998.5151670456409,985.7968170158388,986.6446826643672,22309078,0.02201902118733501,990.6276506696429,992.9540012904575,981.0761596679688,0.009337981880553082,0.3831273560170634,1
HDFCBANK,2025-07-22,1001.058837890625,1006.4953213272488,999.0139388595042,1004.051390877723,14836814,0.0032991760470997278,992.2949305943081,993.7057015555246,982.1266296386718,0.00923505938569879,-0.3349427529008595,1
HDFCBANK,2025-07-23,1009.6375122070312,1012.3806857402004,999.0139248978444,1003.0039954915454,13634916,0.008569600498690821,995.2376098632812,995.0309797014509,983.7080790201823,0.009181648874385651,-0.08100782283851504,0
HDFCBANK,2025-07-24,1004.5999755859376,1016.320807677376,1001.7072110041944,1016.320807677376,19107176,-0.004989450728788536,996.5699986049107,995.9180515834263,985.2367207845052,0.009212691818372691,0.40134167309868274,0
HDFCBANK,2025-07-25,1002.2999877929688,1007.5,999.5,1007.5,9306598,-0.0022894563496553832,997.5168195452009,996.7085309709821,987.1129618326823,0.008810581287931381,-0.5129265570171123,1
HDFCBANK,2025-07-28,1004.25,1010.7000122070312,1000.25,1001.5,12059580,0.0019455374945429593,999.4119785853794,997.1395350864956,988.7614929199219,0.00870163801021021,0.29580970404008,1
HDFCBANK,2025-07-29,1010.7999877929688,1013.25,998.1500244140624,999.9500122070312,19895696,0.0065222681533172455,1004.3447614397321,997.6892700195312,990.7237345377604,0.008697217847533644,0.6497834916307201,1
HDFCBANK,2025-07-30,1012.9000244140624,1016.2999877929688,1008.5,1014.0,15154036,0.0020775985817718112,1006.5066179547991,998.567134312221,992.6852661132813,0.008697147863326914,-0.2383259173240283,0
HDFCBANK,2025-07-31,1009.0999755859376,1015.7000122070312,1004.0,1007.2999877929688,22183032,-0.0037516524203097257,1007.6553519112723,999.9751412527902,994.4971069335937,0.008758555250022339,0.46383656472770696,0
HDFCBANK,2025-08-01,1006.0999755859376,1014.1500244140624,1004.6500244140624,1007.0,11317258,-0.0029729462616011615,1007.1499895368304,1001.1937997000559,995.7254842122396,0.008428549476356932,-0.4898236634198607,0
HDFCBANK,2025-08-04,996.0,1009.25,994.0499877929688,1005.0499877929688,13933946,-0.010038739519952267,1005.9214215959821,1001.2457101004466,996.8852376302083,0.008502483253425844,0.23121218938368293,0
HDFCBANK,2025-08-05,988.7999877929688,997.2000122070312,982.75,993.25,23978058,-0.007228927918706107,1003.9928501674107,1000.7548348563059,997.5994364420573,0.00857960826353332,0.7208375861367626,1
HDFCBANK,2025-08-06,992.6500244140624,994.0,985.0,985.5499877929688,14080204,0.0038936454982032576,1002.335710797991,1000.8738446916852,998.1245930989584,0.008430039051773943,-0.41278797473923867,1
HDFCBANK,2025-08-07,997.7000122070312,1000.7999877929688,988.4000244140624,990.0499877929688,13081186,0.005087379911111967,1000.4642857142857,1002.404523577009,998.1339965820313,0.007554569188436353,-0.07095195495747075,0
HDFCBANK,2025-08-08,986.9500122070312,996.4000244140624,985.0,993.5499877929688,13895264,-0.010774781866765504,996.7571411132812,1001.6318795340402,997.5340250651042,0.007666129801162278,0.062232736389498555,1
HDFCBANK,2025-08-11,997.7999877929688,998.7999877929688,986.5499877929688,987.9500122070312,9105854,0.010993439841674002,995.1428571428571,1001.3991045270648,997.5184977213542,0.007858266979187074,-0.34467930943953273,0
HDFCBANK,2025-08-12,984.9500122070312,998.0,983.75,995.9500122070312,12937802,-0.012878308020789153,992.1214338030134,999.6357116699219,996.8984110514323,0.008132797393954222,0.42082247310356613,1
HDFCBANK,2025-08-13,990.1500244140624,997.0,984.5499877929688,997.0,13577396,0.005279468138062349,991.2857230050223,998.6035723005023,996.8855773925782,0.007852591206619087,0.049436063405515096,1
HDFCBANK,2025-08-14,995.5499877929688,998.0,985.5999755859376,989.0,17511716,0.0054536820135937525,992.2500087193081,998.1214294433594,997.0344563802083,0.007914856087900988,0.28976984982982,1
HDFCBANK,2025-08-18,1001.7999877929688,1013.2999877929688,997.7999877929688,1005.0,19284796,0.0062779368958214565,993.557146344866,997.9464285714286,997.3550903320313,0.0079916680695892,0.10125107099726827,0
HDFCBANK,2025-08-19,995.5499877929688,1003.0499877929688,993.3499755859376,999.1500244140624,12352438,-0.006238770289635487,993.25,996.8571428571429,997.4989807128907,0.00807922020856254,-0.3594727162268141,0
HDFCBANK,2025-08-20,994.0999755859376,996.0,989.5,993.5,9950228,-0.0014564936214259694,994.2714233398438,995.5142822265625,997.3617818196615,0.007978478307952125,-0.194472540562438,1
HDFCBANK,2025-08-21,995.5999755859376,998.75,991.5999755859376,998.75,12439850,0.0015089025619539065,993.9571358816964,994.549996512277,997.1116577148438,0.007929041057673433,0.25020753293291365,0
HDFCBANK,2025-08-22,982.2999877929688,998.0,978.5499877929688,994.9500122070312,19833502,-0.013358766692557866,993.5785609654018,992.8499973842075,996.5013264973958,0.008277044542983543,0.5943521827031677,0
HDFCBANK,2025-08-25,982.0499877929688,988.7000122070312,978.5,980.0999755859376,17518044,-0.0002545047369507669,992.4214128766741,991.8535679408482,996.2567301432292,0.008029728415892598,-0.11674478869137683,0
HDFCBANK,2025-08-26,973.4000244140624,985.7000122070312,968.0,979.5,16917731,-0.008808068312638584,989.2571323939732,990.7535705566406,995.735439046224,0.008181612840093158,-0.03426826647997916,0
HDFCBANK,2025-08-28,957.7999877929688,972.2000122070312,955.0,967.0,25438255,-0.016026336788397044,982.971418108259,988.2642822265625,994.4863301595052,0.008548915663475716,0.5036446081333248,0
HDFCBANK,2025-08-29,951.5999755859376,963.2999877929688,950.0999755859376,954.0,14823813,-0.006473180503288267,976.6928449358259,984.9714224679129,993.0172546386718,0.008595327589616591,-0.4172629765681648,0
HDFCBANK,2025-09-01,950.5999755859376,957.4500122070312,946.3499755859376,949.5999755859376,20178344,-0.00105086173356006,970.4785592215402,982.3749912806919,991.6711242675781,0.008573751190927795,0.36121145079204653,0
HDFCBANK,2025-09-02,944.5,954.7999877929688,944.0,951.0,14196320,-0.006416974271620024,963.1785627092634,978.56784929548,990.6121073404948,0.00824809869920359,-0.29645762803924847,1
HDFCBANK,2025-09-03,954.4500122070312,956.2999877929688,940.0,945.0,16083481,0.01053468735524743,959.1999947684152,976.3892778669085,989.1682067871094,0.00735805271296631,0.13293311224317295,1
HDFCBANK,2025-09-04,961.25,965.7000122070312,956.25,960.2000122070312,17597657,0.007124509095290055,956.2285679408482,974.3249904087613,987.8412455240885,0.0074754392396202095,0.09414479365505524,1
HDFCBANK,2025-09-05,963.4000244140624,967.5,954.0499877929688,967.5,11602111,0.002236696399544824,954.7999965122768,972.0285644531251,986.2999959309896,0.0072730813925778875,-0.34070137859829863,1
HDFCBANK,2025-09-08,966.0,973.1500244140624,960.4500122070312,969.0,11711307,0.002698749761314234,955.9714268275669,969.471422467913,985.013330078125,0.007282634796055402,0.009411735502272034,0
HDFCBANK,2025-09-09,965.1500244140624,974.4000244140624,962.7000122070312,974.0,13985539,-0.0008798919109085368,957.9071480887277,967.2999965122768,983.7749979654948,0.007280440718277297,0.19419113511412522,1
HDFCBANK,2025-09-10,965.9000244140624,973.9000244140624,961.7000122070312,973.9000244140624,18091100,0.0007770812630454316,960.0928693498884,965.2857142857143,982.4966654459636,0.007265963881074007,0.29355758115579245,1
HDFCBANK,2025-09-11,967.7999877929688,969.25,959.9000244140624,960.2999877929688,15113633,0.001967039373520052,963.4214390345982,963.3000008719307,981.0633321126302,0.007144052038672563,-0.16458186622151227,0
HDFCBANK,2025-09-12,967.2999877929688,970.75,962.25,969.9000244140624,14363519,-0.000516635675043009,965.2571498325893,962.2285723005022,979.5433308919271,0.007115859960855577,-0.0496316140533517,0
HDFCBANK,2025-09-15,967.0499877929688,972.3499755859376,965.0,969.5999755859376,14486377,-0.0002584513627157392,966.0857195172991,961.1571437290735,978.1416646321615,0.007106483995010217,0.008553474952760487,0
HDFCBANK,2025-09-16,966.8499755859376,969.3499755859376,961.2000122070312,961.2000122070312,18661794,-0.00020682716463049644,966.5785696847098,960.6892830984933,976.8333312988282,0.007103226062585347,0.2882305907129159,0
HDFCBANK,2025-09-17,966.5,974.4000244140624,964.3499755859376,965.1500244140624,17361476,-0.00036197506828861137,966.6499982561384,961.3107125418527,975.8499979654948,0.006909846235571791,-0.06967808132487152,1
HDFCBANK,2025-09-18,976.9000244140624,979.6500244140624,969.25,973.2999877929688,17791598,0.010760501204410078,968.3285696847098,963.1178588867186,975.4533325195313,0.0071259218417024355,0.024774506499332105,0
HDFCBANK,2025-09-19,966.9000244140624,976.7000122070312,962.0999755859376,974.9000244140624,31243267,-0.010236462022813364,968.4714268275669,964.2821480887276,974.5949991861979,0.007298666744189716,0.7560686229533737,0
HDFCBANK,2025-09-22,964.2000122070312,971.2000122070312,961.9500122070312,964.0,10854415,-0.0027924419679969947,967.9571446010044,965.6892918178012,973.4783325195312,0.007218983341936537,-0.652583867109672,0
HDFCBANK,2025-09-23,957.2000122070312,968.2000122070312,955.5,967.0,21022298,-0.007259904492198821,966.5142909458706,965.8857203892297,972.4866658528646,0.007084021483160418,0.9367508981368411,0
HDFCBANK,2025-09-24,951.0499877929688,956.4500122070312,943.0,952.2000122070312,15117220,-0.006425014976631949,964.2285766601562,965.1571480887276,970.9283325195313,0.0067745779440973675,-0.2808959324998628,0
HDFCBANK,2025-09-25,949.8499755859376,958.0,947.4000244140624,952.5,31413279,-0.001261776165746964,961.8000052315848,964.1892874581472,969.7583312988281,0.006429488108937458,1.0779798798985527,0
HDFCBANK,2025-09-26,945.0499877929688,951.4500122070312,941.2999877929688,945.0999755859376,14874656,-0.005053416767219376,958.7357177734375,962.6928580147878,968.2549967447917,0.006347274639137746,-0.5264850893152542,1
HDFCBANK,2025-09-29,950.2999877929688,956.7999877929688,939.0999755859376,946.0499877929688,32398179,0.005555261698125147,954.9357125418527,961.6321411132812,966.7466634114584,0.00635115627968396,1.1780792107057803,1
HDFCBANK,2025-09-30,951.0,960.0,946.2999877929688,958.0499877929688,28296687,0.0007366223466518385,952.6642804827009,960.567853655134,965.0533304850261,0.006194909643956235,-0.12659637444437855,1
HDFCBANK,2025-10-01,965.25,969.5999755859376,946.0,952.7000122070312,25350832,0.014984227129337446,952.8142787388393,960.3857116699219,964.0433308919271,0.006838777067745503,-0.10410600364629263,0
HDFCBANK,2025-10-03,965.1500244140624,966.75,952.0,952.0,26658296,-0.00010357481060618845,953.9499947684152,960.2321428571429,963.0783325195313,0.006840172249123786,0.05157479644060592,1
HDFCBANK,2025-10-06,973.4500122070312,977.4000244140624,962.0,971.9000244140624,18542683,0.008599686663229189,957.1499982561384,960.6892874581473,962.340000406901,0.007047855203404752,-0.3044310484060947,1
HDFCBANK,2025-10-07,982.5,989.8499755859376,971.0,974.0,25535736,0.009296818202765733,961.8142874581473,961.807146344866,962.3466674804688,0.006858775987293807,0.3771327482651783,0
HDFCBANK,2025-10-08,978.7000122070312,985.9000244140624,974.5499877929688,976.0,15939710,-0.0038676720539122522,966.6214338030134,962.6785757882254,962.2350016276042,0.006895560037763634,-0.37578811121794176,0
HDFCBANK,2025-10-09,977.0999755859376,979.0,970.1500244140624,974.5,15370950,-0.0016348590999661905,970.4500034877232,962.6928580147879,962.3583333333333,0.006704588240546968,-0.03568195406315422,1
HDFCBANK,2025-10-10,980.9000244140624,986.2000122070312,978.0999755859376,979.0,13757080,0.0038891095313413615,974.721435546875,963.6928580147879,963.1283345540364,0.005996412809428121,-0.10499481164144053,0
HDFCBANK,2025-10-13,977.0,981.0,972.0,974.2999877929688,18634254,-0.003975965253331548,976.4000069754464,964.6071428571429,963.9750020345052,0.005908482329070257,0.3545210175415132,1
HDFCBANK,2025-10-14,977.1500244140624,980.4500122070312,967.0,970.0,22934382,0.00015355620681933857,978.1142926897321,966.0321437290737,964.8600036621094,0.005898886748342149,0.23076469817358936,1
HDFCBANK,2025-10-15,978.25,984.9000244140624,973.3499755859376,975.0,23310447,0.001125697752089927,978.8000052315848,967.9750017438616,965.9850036621094,0.005733119559840212,0.016397433338295242,1
HDFCBANK,2025-10-16,994.3499755859376,996.5999755859376,981.5,982.6500244140624,22936566,0.01645793568713283,980.4928588867188,971.1535731724331,967.3150024414062,0.006152783741080302,-0.016039203366627897,1
HDFCBANK,2025-10-17,1002.5499877929688,1009.0,986.0,993.9500122070312,25210511,0.008246605730742873,983.8999982561384,975.2607160295759,968.6916687011719,0.006192166861528636,0.09914060369804267,1
HDFCBANK,2025-10-20,1002.9500122070312,1020.0,997.0,997.0,22195202,0.00039900695120764773,987.5928606305804,979.0214320591518,970.0100016276042,0.006192916031887802,-0.11960523132593381,1
HDFCBANK,2025-10-21,1007.7000122070312,1010.0,1004.0,1006.0,3471600,0.004736028657646996,991.4214303152902,983.0714329310825,971.4000020345052,0.006219211777717313,-0.8435878168624011,1
HDFCBANK,2025-10-23,1008.7999877929688,1020.5,1006.0,1016.0,43526526,0.0010915704799172588,995.9642857142857,986.182146344866,972.8550008138021,0.006204378788073676,11.537886277220878,0
HDFCBANK,2025-10-24,994.75,1011.9500122070312,991.2999877929688,1011.0,17707768,-0.013927426608823623,998.4785679408482,988.2964303152902,973.8166666666667,0.006813870015623744,-0.5931729538902324,1
HDFCBANK,2025-10-27,1002.9500122070312,1009.0499877929688,996.2000122070312,996.5,15700796,0.008243289476784321,1002.0071411132812,990.4035731724331,974.9883341471354,0.006939650893755451,-0.11333850771028853,1
HDFCBANK,2025-10-28,1003.5499877929688,1008.0,995.0,997.6500244140624,33904289,0.0005982108566080502,1003.3214285714286,991.9071437290737,976.1966674804687,0.006933050572032944,1.1593993705796826,1
HDFCBANK,2025-10-29,1007.8499755859376,1012.5,1000.0,1004.9000244140624,17769445,0.004284776887323316,1004.0785696847098,993.9892839704241,977.5566670735677,0.006948560751376839,-0.4758938905930161,0
HDFCBANK,2025-10-30,998.1500244140624,1009.5,997.0999755859376,1000.0,19962917,-0.009624399867882993,1003.3928571428571,995.4928588867188,978.6000020345052,0.00723073881749431,0.1234406589513628,0
HDFCBANK,2025-10-31,987.2999877929688,1004.4500122070312,981.1500244140624,994.0,23221330,-0.010870146126042424,1000.4785679408482,995.9499991280692,979.2933349609375,0.007550825140614785,0.16322329046401385,1
HDFCBANK,2025-11-03,992.6500244140624,994.5499877929688,983.2999877929688,985.0,16607180,0.005418856160479768,998.1714303152902,997.0678580147879,979.8183349609375,0.007367069286880423,-0.2848307999584865,0
HDFCBANK,2025-11-04,985.25,997.0,983.7000122070312,987.0,20024544,-0.007454817138024539,996.8142874581473,997.6464276994977,980.430000813802,0.007242966385266427,0.20577629675839004,0
HDFCBANK,2025-11-06,984.6500244140624,991.0499877929688,974.0,981.0,22279516,-0.0006089577121924927,994.2000034877232,998.1035723005023,981.1116678873698,0.007218086389363931,0.11261040451158344,0
HDFCBANK,2025-11-07,982.2999877929688,984.9000244140624,974.75,980.0,15004568,-0.0023866719776827194,991.164289202009,997.2428588867188,981.9483337402344,0.007085815773405831,-0.32653079178201183,1
HDFCBANK,2025-11-10,984.5,990.9500122070312,980.2000122070312,982.2999877929688,15988262,0.0022396541121558755,987.8285784040179,995.9535740443638,983.0633341471354,0.006952819012066493,0.06555963490585004,1
HDFCBANK,2025-11-11,991.7000122070312,993.5,978.0,983.5,10200530,0.007313369433246564,986.9071480887277,995.1500026157925,984.4583353678386,0.007025025186645537,-0.3619988213853388,0
HDFCBANK,2025-11-12,989.5,999.0,987.7000122070312,998.7999877929688,13137263,-0.0022184251083501305,987.221435546875,993.8500017438616,985.9400024414062,0.006953056647495025,0.28790004048809226,0
HDFCBANK,2025-11-13,986.6500244140624,990.0999755859376,982.5999755859376,984.0,14124839,-0.00288021787361048,986.364292689732,992.2678615025112,987.151670328776,0.006956338457203173,0.07517364918400427,1
HDFCBANK,2025-11-14,989.5999755859376,991.6500244140624,976.0499877929688,976.0499877929688,21386965,0.002989865807409453,986.9857177734375,991.9000026157925,988.4383361816406,0.006962482188939814,0.5141386744302006,1
HDFCBANK,2025-11-17,996.5499877929688,997.9500122070312,985.5999755859376,991.25,18396408,0.007023052120546103,988.6857125418527,991.4428580147879,989.4816691080729,0.006565309336995423,-0.1398308268611278,0
HDFCBANK,2025-11-18,992.4500122070312,999.0,990.0,997.6500244140624,20002640,-0.004114169521006739,990.1357160295759,990.6500026157925,990.3916687011719,0.006630854897131607,0.08731226226337219,1
HDFCBANK,2025-11-19,994.5999755859376,996.5499877929688,984.0,990.0,19813847,0.0021663190613754324,991.5785696847098,989.7035740443638,991.0966674804688,0.006477226896521604,-0.009438404130654776,1
HDFCBANK,2025-11-20,1008.8499755859376,1011.5999755859376,992.4500122070312,995.2999877929688,19850865,0.014327368137732943,994.028564453125,990.4678562709263,991.975,0.006765183822091116,0.001868289383682109,0
HDFCBANK,2025-11-21,998.0499877929688,1008.2999877929688,996.5499877929688,1003.0999755859376,17499897,-0.010705246621725117,995.2499912806919,991.2357134137835,992.6199991861979,0.007041062704015355,-0.1184315141934621,1
HDFCBANK,2025-11-24,999.1500244140624,1011.4500122070312,993.5999755859376,1000.0,32204053,0.0011021858970472476,997.0357055664064,991.6999991280692,993.3550008138021,0.007027797063718153,0.840242431141166,0
HDFCBANK,2025-11-25,989.7999877929688,1006.0999755859376,988.4000244140624,1004.0,24989383,-0.009357990684709105,997.0642787388393,992.0249982561384,993.6516662597656,0.007237957583337379,-0.22402987599107482,1
HDFCBANK,2025-11-26,1003.9000244140624,1006.9500122070312,981.2999877929688,981.2999877929688,19494356,0.014245339255391842,998.1142839704241,993.3999982561384,994.5483337402344,0.007618966993177088,-0.21989446478130337,1
HDFCBANK,2025-11-27,1009.5,1016.7999877929688,1001.0,1002.0999755859376,25536848,0.005578220390228594,1000.5499965122768,995.3428562709263,995.6266662597657,0.007664049449338571,0.3099610984840946,0
HDFCBANK,2025-11-28,1007.5999755859376,1012.0499877929688,1004.2000122070312,1007.0,15988807,-0.0018821440456289196,1002.4071393694196,996.9928545270648,996.6049987792969,0.007683549205452804,-0.3738926981121554,0
HDFCBANK,2025-12-01,1002.0999755859376,1017.5,999.2999877929688,1017.5,16746566,-0.005458515416102205,1001.442853655134,997.7357090541294,996.8633321126302,0.007190641272108723,0.04739309192987329,0
HDFCBANK,2025-12-02,989.7999877929688,994.4000244140624,985.0,988.0,27316662,-0.012274212246913718,1000.2642822265625,997.7571367536273,996.4383321126302,0.007380579691329373,0.6311799087645789,1
HDFCBANK,2025-12-03,1000.5,1002.2999877929688,986.0,986.0,15448777,0.010810277166086735,1000.4571358816964,998.7464207240513,996.3566650390625,0.007658978984622106,-0.4344559009442662,0
HDFCBANK,2025-12-04,997.2000122070312,1004.7000122070312,993.0,1000.0,14528169,-0.0032983386236569157,1001.5142822265625,999.2892804827009,996.0066650390625,0.0076261389964023575,-0.05959099545549784,1
HDFCBANK,2025-12-05,1003.2999877929688,1008.0,990.2000122070312,992.0,12843366,0.006117103400788082,1001.4285627092634,999.7714233398438,995.8233317057292,0.0077129394446048775,-0.11596802047112753,0
HDFCBANK,2025-12-08,1003.0999755859376,1006.5,997.5,1000.0,12901022,-0.00019935434014217712,1000.5142735072544,1000.5321350097656,996.1016642252604,0.00726159371401376,0.0044891658463988016,0
HDFCBANK,2025-12-09,997.0999755859376,1002.7999877929688,994.0,994.9000244140624,15294322,-0.005981457627386777,999.0142735072544,1000.7107064383371,995.9066630045573,0.007189373128751267,0.18551243459626687,0
HDFCBANK,2025-12-10,989.7999877929688,998.5,985.2999877929688,997.5,15322830,-0.007321219508283572,997.2571323939732,999.3499930245536,995.448329671224,0.007304661857406463,0.001863959710015184,1
HDFCBANK,2025-12-11,1000.2999877929688,1002.7000122070312,988.5,990.0,11844809,0.010608203808339711,998.7571323939732,999.5107073102679,995.1966634114583,0.007533179411035604,-0.22698293983552642,1
HDFCBANK,2025-12-12,1001.5,1004.7000122070312,998.2000122070312,1003.0,11988618,0.0011996523259776293,998.8999895368304,999.6785627092634,995.3083292643229,0.007323678934604715,0.012141099109322928,0
HDFCBANK,2025-12-15,996.0999755859376,1001.7999877929688,992.0,992.0,9790060,-0.005391936509298478,998.7428414481027,1000.1285618373328,995.6016621907552,0.00710477501726263,-0.18338710933987556,0
HDFCBANK,2025-12-16,994.2999877929688,998.7000122070312,990.0999755859376,990.0999755859376,20049088,-0.0018070352746570872,997.4571271623884,999.442844935826,995.656660970052,0.007048221341361722,1.0479024643362758,0
HDFCBANK,2025-12-17,984.0,996.0,980.7999877929688,996.0,19080922,-0.010359034415590718,994.7285592215402,997.6214163643974,995.6149943033854,0.007174091862917369,-0.04828977756993236,0
HDFCBANK,2025-12-18,979.7000122070312,987.4000244140624,973.2999877929688,973.2999877929688,14912404,-0.004369906293667403,992.2428501674107,995.6285618373328,995.4499938964843,0.0072175134848115755,-0.2184652293007644,1
HDFCBANK,2025-12-19,985.5,988.0,978.7000122070312,987.0,25952384,0.0059201671130970634,991.6285661969866,994.4428492954801,995.5566609700521,0.0072874661326742,0.740321949432164,1
HDFCBANK,2025-12-22,987.7000122070312,992.9000244140624,983.9000244140624,988.0,13540411,0.0022323817422944536,989.8285696847098,994.2928510393416,995.6633280436198,0.007287393796725034,-0.478259453929165,1
HDFCBANK,2025-12-23,996.5999755859376,998.9000244140624,987.7000122070312,990.5,17927849,0.009010796060454851,989.1285661969866,994.0142778669086,995.82666015625,0.007351368410944182,0.3240254671737808,1
HDFCBANK,2025-12-24,997.2000122070312,999.4000244140624,993.0,993.0,13699996,0.0006020837204423479,989.2857142857143,994.0142778669086,996.0833272298177,0.007337522433534766,-0.23582600455860603,0
HDFCBANK,2025-12-26,992.0999755859376,997.2000122070312,987.7000122070312,996.0,9360853,-0.00511435675758376,988.9714268275669,993.2142769949778,996.2649922688802,0.007381952019060007,-0.31672585889806104,0
HDFCBANK,2025-12-29,991.7000122070312,997.4000244140624,987.2000122070312,993.0999755859376,13545749,-0.0004031482600028724,990.0714285714286,992.3999938964845,996.3349934895833,0.0073638618240142485,0.4470635314965421,0
HDFCBANK,2025-12-30,990.9000244140624,995.0,982.2000122070312,990.2000122070312,33155849,-0.0008066832541309132,991.6714303152902,991.9571402413504,996.1466613769531,0.007247752934706953,1.4476940330136046,1
HDFCBANK,2025-12-31,991.2000122070312,997.5999755859376,987.5999755859376,991.0,10963454,0.00030274274455321937,992.4857177734375,992.0571419852121,996.1049947102864,0.007209507206967271,-0.6693357482717454,0
HDFCBANK,2026-01-01,991.1500244140624,997.5499877929688,989.5,993.5,7132074,-5.0431590348343214e-05,992.9785766601562,991.4035731724331,995.9899963378906,0.007197709408342055,-0.3494683336109222,1
HDFCBANK,2026-01-02,1001.5999755859376,1003.2000122070312,988.7999877929688,991.1500244140624,11751459,0.010543258754448281,993.6928623744419,991.4107142857143,995.7483296712239,0.006965743257018706,0.647691681269712,0
HDFCBANK,2026-01-05,977.5,1006.4000244140624,976.2999877929688,1005.75,27647379,-0.024061477808881793,990.8785749162946,990.0821446010044,995.063330078125,0.008008048859781744,1.352676293216017,0
HDFCBANK,2026-01-06,962.2000122070312,966.7000122070312,956.0,962.7000122070312,31988783,-0.015652161425032007,986.6071515764509,987.789289202009,993.8316630045573,0.008452640484538558,0.15702768786871268,0
HDFCBANK,2026-01-07,949.0499877929688,956.4500122070312,946.0,956.0,52884712,-0.013666622580787324,980.5142909458706,985.2928597586496,992.473329671224,0.008630407362505045,0.6532267576418898,0
HDFCBANK,2026-01-08,946.7000122070312,953.0,941.4000244140624,944.7000122070312,21928849,-0.002476134678008224,974.2000034877232,982.9357169015067,990.5666625976562,0.008111912091210626,-0.5853461582621458,0
HDFCBANK,2026-01-09,939.0,950.5999755859376,933.2999877929688,945.0,38183839,-0.008133529214899182,966.7428588867188,979.6142883300781,988.2166625976563,0.008060895243620933,0.7412605194189628,0
HDFCBANK,2026-01-12,936.9500122070312,942.0,929.5999755859376,937.5,21071666,-0.00218316058889112,959.0,975.9892883300781,985.8616638183594,0.008060443169444568,-0.44815224053296476,1
HDFCBANK,2026-01-13,937.3499755859376,947.7000122070312,932.5999755859376,947.7000122070312,32042827,0.000426878033721545,949.8214285714286,971.7571454729352,983.7033304850261,0.008054771787970897,0.5206594011123753,0
HDFCBANK,2026-01-14,925.4500122070312,940.0499877929688,920.2000122070312,930.0,36688248,-0.012695325853577466,942.3857160295759,966.6321454729352,981.5583312988281,0.008073292665660052,0.14497537935713356,0
HDFCBANK,2026-01-15,925.4500122070312,925.4500122070312,925.4500122070312,925.4500122070312,0,0.0,937.1357160295759,961.8714338030134,979.0566650390625,0.0077051221986062825,-1.0,1
HDFCBANK,2026-01-16,931.0999755859376,935.9500122070312,919.2000122070312,922.0,37780235,0.006105098389303842,934.5714285714286,957.5428597586496,976.853330485026,0.007863972973874913,inf,0
HDFCBANK,2026-01-19,927.9000244140624,936.1500244140624,919.5,935.9000244140624,38191942,-0.0034367428372678033,931.8857160295759,953.0428597586496,974.3399983723958,0.007705150170331352,0.01089741765767216,1
HDFCBANK,2026-01-20,931.2000122070312,934.5,919.5999755859376,929.2999877929688,36022727,0.003556404468307628,930.7714320591518,948.7571454729352,971.9433329264323,0.0077752218103506986,-0.056797714030881186,0
HDFCBANK,2026-01-21,920.3499755859376,932.1500244140624,915.5,925.0,32766854,-0.011651671476440417,928.3999982561384,943.6999991280692,969.384999593099,0.007931458073014305,-0.0903838568357137,0
HDFCBANK,2026-01-22,918.7000122070312,928.2999877929688,913.2000122070312,928.0,44444755,-0.0017927564759872006,925.7357177734375,937.7785731724331,967.0150004069011,0.007882917270432282,0.3563937203126062,0
HDFCBANK,2026-01-23,916.0999755859376,926.0999755859376,909.25,920.0,30985247,-0.002830125815332707,924.3999982561385,933.3928571428571,964.2083333333334,0.007487091238057548,-0.3028368139277626,1
HDFCBANK,2026-01-27,926.4000244140624,931.2000122070312,905.0,906.0,44753093,0.011243367648314573,924.5357142857143,930.835715157645,961.705000813802,0.007890398241720362,0.44433552522592445,1
HDFCBANK,2026-01-28,932.7000122070312,941.4500122070312,928.4000244140624,932.5,35347138,0.006800504778649463,924.7642909458706,929.6678597586496,959.5916687011719,0.008052093708978778,-0.2101744118557347,1
HDFCBANK,2026-01-29,935.5,939.2999877929688,924.3499755859376,930.0999755859376,37175628,0.003002023969468137,925.8500017438616,928.8678588867188,957.631669108073,0.008107008615466937,0.05172950636059981,0
HDFCBANK,2026-01-30,929.25,938.9000244140624,927.75,930.0,29691233,-0.00668091929449488,925.5714285714286,928.1714303152902,955.8066691080729,0.008003351366552251,-0.20132531453133762,0
HDFCBANK,2026-02-02,928.0999755859376,929.7999877929688,909.2999877929688,915.0,28032106,-0.001237583442628365,926.6785714285716,927.539284842355,954.0866678873698,0.007990106008378036,-0.055879356711120765,1
HDFCBANK,2026-02-03,948.7000122070312,994.0,945.0,983.75,50336968,0.02219592410622373,930.9642857142857,928.3500017438616,952.8600016276042,0.009016915706229032,0.7956898422116412,1
HDFCBANK,2026-02-04,953.0999755859376,957.2000122070312,947.9500122070312,952.5,24366770,0.004637886921357248,936.25,930.3249991280692,951.7066670735677,0.009059347668832636,-0.5159269426001185,0
HDFCBANK,2026-02-05,949.7000122070312,956.0499877929688,946.7000122070312,956.0,28103169,-0.0035672683516921877,939.5785696847098,932.0571419852121,950.1433349609375,0.008861880476605428,0.15333993795648748,0
HDFCBANK,2026-02-06,941.0999755859376,948.0999755859376,937.5999755859376,945.0,18120272,-0.009055529652050698,940.778564453125,932.7714276994977,948.2733337402344,0.008955272083489946,-0.35522317785584967,0
HDFCBANK,2026-02-09,937.25,950.0,935.3499755859376,945.0,23947829,-0.004090931554366017,941.028564453125,933.4392830984933,946.4450012207031,0.008944506106073932,0.3216042783463735,0
HDFCBANK,2026-02-10,932.4000244140624,940.9000244140624,929.9500122070312,930.0,31525385,-0.005174687208255646,941.4785679408482,933.5249982561384,944.4683349609375,0.00896020405400858,0.31641932970207853,0
HDFCBANK,2026-02-11,927.0999755859376,936.0,925.2999877929688,931.25,24869804,-0.00568430790363339,941.335710797991,934.0071411132812,942.3416666666667,0.008981762768826099,-0.2111181512929977,0
HDFCBANK,2026-02-12,920.5999755859376,928.5999755859376,918.5,927.0,33872203,-0.007011110097259965,937.3214198521206,934.1428527832031,939.9883321126302,0.00901134831043257,0.36198109965000125,0
HDFCBANK,2026-02-13,903.9000244140624,928.2000122070312,901.0,913.0,50188359,-0.01814029069601719,930.2928553989956,933.2714276994977,937.0799987792968,0.009442213822639814,0.48169751462578336,1
HDFCBANK,2026-02-16,925.7999877929688,929.5,902.0999755859376,903.9000244140624,18806989,0.024228302674405455,926.8785661969866,933.2285679408482,934.5533325195313,0.010402044301882216,-0.6252718882480297,0
HDFCBANK,2026-02-17,925.7000122070312,928.0999755859376,918.5999755859376,923.0,22599629,-0.00010798832064773389,924.6785714285714,932.7285679408482,932.8266662597656,0.009582324271833904,0.2016612015884096,0
HDFCBANK,2026-02-18,924.7000122070312,925.5,919.5499877929688,923.2000122070312,12738702,-0.0010802635700692953,922.8857160295759,931.9571402413504,931.5766662597656,0.009216671141992105,-0.43633136632464187,0
HDFCBANK,2026-02-19,915.5999755859376,929.2000122070312,912.4500122070312,929.0,21209234,-0.0098410689963917,920.4857090541294,930.9821384974888,930.4616658528646,0.00906464348184762,0.6649446701869626,0
HDFCBANK,2026-02-20,911.8499755859376,917.8499755859376,908.4000244140624,911.0,22654907,-0.004095675076443928,918.3071376255581,929.8214242117746,929.2999979654949,0.009077591061769523,0.06816243340047068,1
HDFCBANK,2026-02-23,923.5999755859376,925.6500244140624,915.25,916.5,23270122,0.012885891664853766,918.7357090541294,928.028564453125,928.7866638183594,0.009332370776218357,0.027155926969817168,0
HDFCBANK,2026-02-24,910.5,927.9500122070312,909.1500244140624,927.9500122070312,31313985,-0.014183603218078211,919.6785627092634,924.9857090541294,927.9049967447918,0.009658101281285561,0.3456734348019319,0
HDFCBANK,2026-02-25,907.5999755859376,916.0,903.0999755859376,910.5499877929688,27884303,-0.003185089966021293,917.0785609654018,921.9785635811942,926.9133300781251,0.009663383587077697,-0.10952556820858161,0
HDFCBANK,2026-02-26,898.5999755859375,912.0,895.0,912.0,41165937,-0.009916262937523568,913.2071271623884,918.94284929548,926.018328857422,0.009560469222446686,0.47631221049348094,0
HDFCBANK,2026-02-27,887.75,898.9500122070312,885.0,898.5999755859375,34620755,-0.012074311017939543,907.9285539899554,915.4071350097656,924.7616617838543,0.009771488972454006,-0.15899509344339713,0
HDFCBANK,2026-03-02,879.4000244140625,887.75,871.5499877929688,876.2000122070312,38378924,-0.009405773681709362,902.7571323939732,911.6214207240513,923.0383300781251,0.009774356583141752,0.10855248535163375,0
HDFCBANK,2026-03-04,868.6500244140625,879.2999877929688,848.0,848.0,39862322,-0.01222424346322104,896.585710797991,907.4464242117746,921.0633300781251,0.009953379379461072,0.038651370215590175,1
HDFCBANK,2026-03-05,877.75,881.4000244140625,863.5,873.8499755859375,31324582,0.010475997617194421,890.0357142857143,904.3857116699219,919.2816630045575,0.010168021399839522,-0.21418069925781047,0
HDFCBANK,2026-03-06,857.0499877929688,871.7000122070312,855.0999755859375,868.0499877929688,34439647,-0.02358303868644973,882.3999982561384,901.0392804827009,917.1716634114584,0.010776952187220683,0.09944474279018323,0
HDFCBANK,2026-03-09,840.7000122070312,842.4500122070312,821.5,825.0,35592613,-0.01907703846778075,872.8428606305804,894.960710797991,914.5716634114584,0.01120163745586588,0.03347786927084351,1
HDFCBANK,2026-03-10,849.4500122070312,856.7999877929688,840.5999755859375,850.0499877929688,52866024,0.010407993187759423,865.8214372907366,889.5142822265625,912.3499979654949,0.01146190595669306,0.4853088757490214,0
HDFCBANK,2026-03-11,833.9500122070312,848.8499755859375,827.5999755859375,845.0,42261076,-0.018247100803175043,858.135724748884,883.0321393694196,909.2683308919272,0.011511399123696859,-0.200600446139093,0
HDFCBANK,2026-03-12,832.75,836.4000244140625,820.0999755859375,820.0999755859375,46107561,-0.001438949804503764,851.471435546875,877.1142839704241,905.9366638183595,0.011356031232363277,0.09101720457851092,0
HDFCBANK,2026-03-13,817.0,823.7999877929688,812.0,820.0,41700464,-0.018913239267487225,844.0928606305804,870.3392857142857,901.9866638183595,0.01161144962525462,-0.09558295655673477,1
HDFCBANK,2026-03-16,840.5999755859375,844.5,815.6500244140625,817.0,52182605,0.02888613902807524,838.7857142857143,864.4107142857143,899.0316630045575,0.013095606619150333,0.25136749077899956,1
HDFCBANK,2026-03-17,845.3499755859375,848.9000244140625,835.0999755859375,847.7000122070312,38826979,0.005650725836256365,837.1142839704241,859.7571411132812,896.2733296712241,0.013192210047865104,-0.2559401930969142,0
HDFCBANK,2026-03-18,843.0499877929688,846.7999877929688,831.5999755859375,845.3499755859375,23507063,-0.0027207521847676386,837.4499947684152,855.1464276994977,892.7516621907554,0.012304100332152132,-0.3945688383327479,0
HDFCBANK,2026-03-19,798.2000122070312,815.6500244140625,770.0,770.0,171637393,-0.05319966340709026,830.1285661969866,847.9750017438616,887.5883300781251,0.0151334446710365,6.301524354616313,0
HDFCBANK,2026-03-20,780.4500122070312,793.75,778.2000122070312,785.0,103129469,-0.02223753411243512,822.4857090541294,840.3107169015067,881.9466634114584,0.015420368027888275,-0.39914334984102207,0
HDFCBANK,2026-03-23,744.1500244140625,768.7000122070312,741.0499877929688,763.1500244140625,72341738,-0.0465116115384715,809.8285696847098,830.6500026157925,875.3816650390626,0.017070428115913864,-0.29853475731558354,1
HDFCBANK,2026-03-24,764.9000244140625,772.75,747.7000122070312,755.0,61269986,0.02788416222432888,802.3857160295759,823.2392883300781,869.6366658528647,0.018257496193186458,-0.15304791267248796,1
HDFCBANK,2026-03-25,782.2999877929688,794.7999877929688,768.2000122070312,768.2000122070312,59230640,0.02274802304031187,794.057146344866,816.4214303152902,864.6333312988282,0.019027524480287515,-0.03328458407024937,0
HDFCBANK,2026-03-27,756.2000122070312,774.9000244140625,754.5499877929688,773.2000122070312,65485199,-0.03336312922561968,781.3214372907366,809.2178606305804,858.9366658528647,0.019688472433866545,0.1055966810421094,0
HDFCBANK,2026-03-30,731.5499877929688,751.0,726.6500244140625,745.2000122070312,103500135,-0.03259722826784861,765.3928658621652,801.4214303152902,852.634999593099,0.020253860694802353,0.5805118802494591,1
HDFCBANK,2026-04-01,742.25,755.9000244140625,739.0999755859375,743.0,78862761,0.01462649495670476,757.4000069754464,793.7642865862165,847.2466654459637,0.02053802578880755,-0.2380419503800647,1
HDFCBANK,2026-04-02,750.9000244140625,755.0,726.6500244140625,730.0,49310300,0.011653788365190376,753.1785801478794,787.8321446010044,841.4166666666667,0.020014288885409223,-0.3747327715295182,1
HDFCBANK,2026-04-06,771.0,772.75,745.0,759.0,42976659,0.02676784516237274,757.0142909458706,783.4214303152902,836.2599995930991,0.02090400317663408,-0.128444584599972,1
HDFCBANK,2026-04-07,772.0,774.0,761.0,766.0,51309793,0.0012970168612191912,758.0285731724331,780.2071446010044,831.1699991861981,0.02092725408424056,0.1938990650715775,1
HDFCBANK,2026-04-08,816.0999755859375,817.7999877929688,796.0,800.0,70269512,0.05712432070717299,762.8571428571429,778.4571446010044,827.8533325195312,0.02384729965828818,0.3695146265743072,0
HDFCBANK,2026-04-09,797.7000122070312,819.0,793.0999755859375,815.0,48879392,-0.022546212387392295,768.7857142857143,775.0535757882254,824.0483337402344,0.02409839545962535,-0.30440114626098447,1
HDFCBANK,2026-04-10,810.2999877929688,812.25,801.0,804.0,38156026,0.015795380961668215,780.0357142857143,772.7142900739398,820.2716674804688,0.024175123902229766,-0.21938419364954453,0
HDFCBANK,2026-04-13,794.7000122070312,798.5,787.3499755859375,791.5,47549328,-0.01925209900154079,787.5285731724331,772.4642900739398,816.4116678873698,0.024265780051482118,0.24618135022761534,1
HDFCBANK,2026-04-15,809.9000244140625,814.7999877929688,804.0,804.9500122070312,39769515,0.019126729550208443,795.9571446010044,774.5678623744419,813.1550028483073,0.024638262269996873,-0.1636156245993634,0
HDFCBANK,2026-04-16,795.4500122070312,820.0499877929688,792.2000122070312,818.0,62861293,-0.01784172338738399,799.4500034877232,778.2321472167969,809.7166707356771,0.02475171187580261,0.580640171246745,1
HDFCBANK,2026-04-17,799.9000244140625,803.9500122070312,788.2000122070312,790.0999755859375,37282544,0.0055943329420340415,803.4357212611607,780.7321472167969,806.7883382161458,0.024757253765933226,-0.4069077770958355,0
HDFCBANK,2026-04-20,795.4500122070312,809.9500122070312,790.0,797.0999755859375,52148044,-0.005563210490324599,800.4857264927456,781.6714346749442,803.9900044759114,0.02473381214685258,0.3987254732402381,1
HDFCBANK,2026-04-21,811.75,814.9000244140625,795.2000122070312,795.2000122070312,49135752,0.020491530005440906,802.4928676060268,785.6392909458706,802.0933369954427,0.025034429641227162,-0.05776423752346305,0
HDFCBANK,2026-04-22,799.9000244140625,813.0499877929688,798.0,810.0,23876412,-0.014598060469279361,801.0071585518973,790.5214364188058,799.4983378092448,0.025023757472297927,-0.514072522997104,0
HDFCBANK,2026-04-23,784.3499755859375,796.6500244140625,782.5,792.0,37677616,-0.019439990440699884,799.528581891741,793.5285775320871,797.0750040690104,0.02491623665208802,0.5780267152367784,1
HDFCBANK,2026-04-24,784.8499755859375,787.5999755859375,777.0,777.2999877929688,27720358,0.0006374705368308309,795.9500034877232,795.9535740443638,795.2133361816407,0.02472730026376453,-0.2642751600844384,1
HDFCBANK,2026-04-27,789.7999877929688,793.0,785.0,787.5,18115375,0.006306953380913027,795.1428571428571,797.2964303152902,793.2250020345052,0.024667645344394102,-0.3464956332815038,0
HDFCBANK,2026-04-28,782.5499877929688,794.5,778.2999877929688,785.0,35366803,-0.00917953926570636,792.6642804827009,798.0500008719308,791.5116678873698,0.02451844563727081,0.9523086328602086,0
HDFCBANK,2026-04-29,779.0,790.0,777.3499755859375,785.5,25799963,-0.004536435816682838,790.3142787388393,795.4000026157925,789.7200012207031,0.024523276306920035,-0.2705033870321838,0
HDFCBANK,2026-04-30,771.7000122070312,778.7999877929688,762.25,770.0,47998755,-0.009370972776596598,784.5928519112723,793.5428597586496,788.2100016276041,0.02435672384370185,0.8604195285086262,0
HDFCBANK,2026-05-01,771.7000122070312,771.7000122070312,771.7000122070312,771.7000122070312,0,0.0,780.5642787388393,790.7857186453683,785.9133361816406,0.023670791226226888,-1.0,1
HDFCBANK,2026-05-04,779.4000244140625,786.5999755859375,772.5999755859375,772.5999755859375,29028060,0.009977986374536396,779.8571428571429,789.6928623744419,783.7150044759114,0.023735740595609806,inf,0
HDFCBANK,2026-05-05,772.2999877929688,776.9000244140625,763.7000122070312,774.4000244140625,38887657,-0.009109618166141864,778.0642874581473,787.0071454729352,781.3566711425781,0.023767071623888063,0.3396574555791878,1
HDFCBANK,2026-05-06,796.5499877929688,798.9500122070312,773.5,775.1500244140625,35530831,0.03139971563291111,779.0285731724331,787.085715157645,781.301670328776,0.02254943982179615,-0.086321117263506,0
HDFCBANK,2026-05-07,796.0499877929688,801.5499877929688,788.5499877929688,794.0,46137553,-0.000627706995998345,780.9571446010044,786.8107125418527,781.8216695149739,0.022150384766255297,0.29852164166945605,0
HDFCBANK,2026-05-08,780.8499755859375,788.75,777.2000122070312,784.0,38016841,-0.01909429362491788,781.2214268275669,785.7678527832031,783.0450012207032,0.02064109899647463,-0.17601089507282708,0
HDFCBANK,2026-05-11,763.6500244140625,774.8499755859375,761.9000244140625,771.9500122070312,41123422,-0.02202721612300551,780.0714285714286,782.3321402413504,783.0033345540364,0.02047786456687463,0.08171591637506115,0
HDFCBANK,2026-05-12,750.4500122070312,759.7000122070312,747.7999877929688,756.5999755859375,43937132,-0.01728542105025066,777.0357142857143,778.7999965122768,781.9416687011719,0.020257462994741706,0.06842110561713466,0
HDFCBANK,2026-05-13,749.5999755859375,759.9500122070312,747.3499755859375,752.0,28960919,-0.0011327025215095432,772.778564453125,776.317853655134,781.7216674804688,0.019325436539766188,-0.3408554978053643,1
HDFCBANK,2026-05-14,769.5499877929688,778.2999877929688,747.0,751.0,50992358,0.026614211388463538,772.3857073102679,775.2249973842075,782.9883341471354,0.018912690017657097,0.7607299685483047,0
HDFCBANK,2026-05-15,767.5,781.9000244140625,765.4000244140625,773.0,24347873,-0.0026638786634874956,768.2357090541294,773.6321411132812,783.830000813802,0.018773176206596152,-0.5225191782658885,1
HDFCBANK,2026-05-18,768.6500244140625,774.0999755859375,751.3499755859375,759.0,29812079,0.001498403145358207,764.3214285714286,772.6392865862165,784.4216674804687,0.018671023754437265,0.2244223140148629,0
HDFCBANK,2026-05-19,762.4500122070312,770.7999877929688,760.25,766.7000122070312,40307830,-0.008066105522806066,761.6928623744419,771.4571446010044,784.1366678873698,0.01808368512229643,0.3520637054530815,0
HDFCBANK,2026-05-20,759.5,762.25,755.1500244140625,759.5999755859375,24013451,-0.0038691221192219682,761.1000017438616,770.585715157645,783.7200012207031,0.01809337834841902,-0.4042484797618726,0
HDFCBANK,2026-05-21,759.1500244140625,768.25,755.1500244140625,767.0,34664725,-0.00046079734817316975,762.3428606305804,769.6892874581473,781.8216695149739,0.014474178830502879,0.4435544895233925,1
HDFCBANK,2026-05-22,766.7999877929688,775.0,759.1500244140625,759.1500244140625,25604071,0.010077011305915207,764.8000052315848,768.789284842355,780.7916687011718,0.01412242393623938,-0.2613796590049394,1
HDFCBANK,2026-05-25,786.8499755859375,787.8499755859375,775.2000122070312,776.0,26043952,0.02614761099654861,767.2714320591518,769.8285696847098,780.0100016276042,0.014668442501167226,0.0171801195208372,0
HDFCBANK,2026-05-26,778.9000244140625,790.8499755859375,776.75,784.0499877929688,31528062,-0.010103515814377406,768.9000069754464,768.5678580147879,779.4833353678385,0.014365174531500057,0.210571344932597,0
HDFCBANK,2026-05-27,765.5999755859375,773.9000244140625,761.25,769.5,25443928,-0.01707542484432467,768.4642857142857,766.3928571428571,778.0066670735677,0.014172793596092735,-0.1929751977777765,0
